<favourites>
	<favourite name="#Vamos [Iberika]" thumb="https://i.postimg.cc/DZp9PZ5w/ico_f_m__vamos.png">PlayMedia(&quot;plugin://plugin.video.IberiKa/?url=https%3A%24doregex%5BGetPageUrl%5D%7CUser-Agent%3DMozilla%2F5.0+%28Android+7.0%3B+Tablet%3B+rv%3A58.0.2%29+Gecko%2F58.0.2+Firefox%2F58.0.2&amp;mode=17&amp;regexs=%7Bu%27GetPageUrl%27%3A%20%7B%27x-req%27%3A%20u%27XMLHttpRequest%27%2C%20%27cookiejar%27%3A%20%27%27%2C%20%27name%27%3A%20u%27GetPageUrl%27%2C%20%27accept%27%3A%20u%27%2A/%2A%27%2C%20%27connection%27%3A%20u%27keep-alive%27%2C%20%27expres%27%3A%20u%22source%3A%20%27%28.%2A%3F%29%27%22%2C%20%27referer%27%3A%20u%27http%3A//vergol.com/%27%2C%20%27page%27%3A%20u%27https%3A//vergol.com/bgjhykdmbtj668/live1/vamos.php%27%2C%20%27rawpost%27%3A%20u%27manzana66%3D12345%27%7D%7D&amp;iconimage=https%3A%2F%2Fwww.mundoplus.tv%2Fimg%2F088daa3c6387bc664c67fe465f1b902b&amp;sf_options=fanart%3Dhttps%3A%2F%2Fgithub.com%2Fiberikakodi%2FIberika%2Fblob%2Fmaster%2Fimagenes%2Fmenu%2FTv%2520esp%2520estable%25201.jpg%3Fraw%26meta%3Dvotes%253D0%2526label%253D%25255BCOLOR%252Bwhite%25255D%25255BB%25255DMovistar%252BVamos%25255B%25252FB%25255D%25255B%25252FCOLOR%25255D%2526title%253D%25255BCOLOR%252Bwhite%25255D%25255BB%25255DMovistar%252BVamos%25255B%25252FB%25255D%25255B%25252FCOLOR%25255D%26winID%3D10000%26_options_sf&quot;)</favourite>
	<favourite name="Bein la Liga [Iberika]" thumb="https://i.postimg.cc/HswLGq6Y/ico-f-bein-laliga.png">PlayMedia(&quot;plugin://plugin.video.IberiKa/?url=https%3A%24doregex%5BGetPageUrl%5D%7CUser-Agent%3DMozilla%2F5.0+%28Android+7.0%3B+Tablet%3B+rv%3A58.0.2%29+Gecko%2F58.0.2+Firefox%2F58.0.2&amp;mode=17&amp;regexs=%7Bu%27GetPageUrl%27%3A%20%7B%27x-req%27%3A%20u%27XMLHttpRequest%27%2C%20%27cookiejar%27%3A%20%27%27%2C%20%27name%27%3A%20u%27GetPageUrl%27%2C%20%27accept%27%3A%20u%27%2A/%2A%27%2C%20%27connection%27%3A%20u%27keep-alive%27%2C%20%27expres%27%3A%20u%22source%3A%20%27%28.%2A%3F%29%27%22%2C%20%27referer%27%3A%20u%27http%3A//vergol.com/%27%2C%20%27page%27%3A%20u%27https%3A//vergol.com/bgjhykdmbtj668/live3/verliga.php%27%2C%20%27rawpost%27%3A%20u%27manzana66%3D12345%27%7D%7D&amp;iconimage=https%3A%2F%2Feastwind.es%2Fmarketing%2Fwp-content%2Fuploads%2Fsites%2F2%2Fbfi_thumb%2FMeidapro_BeinSports_BeinLaLiga_cabecera-1tlg7s3rwbcyeerg6wzcz2kohweem6jzjvao1hxlx1gc.jpg&amp;sf_options=fanart%3Dhttps%3A%2F%2Fgithub.com%2Fiberikakodi%2FIberika%2Fblob%2Fmaster%2Fimagenes%2Fmenu%2FTv%2520esp%2520estable%25201.jpg%3Fraw%26meta%3Dvotes%253D0%2526label%253D%25255BCOLOR%252Bwhite%25255D%25255BB%25255DBein%252Bla%252BLiga%25255B%25252FB%25255D%25255B%25252FCOLOR%25255D%2526title%253D%25255BCOLOR%252Bwhite%25255D%25255BB%25255DBein%252Bla%252BLiga%25255B%25252FB%25255D%25255B%25252FCOLOR%25255D%26winID%3D10000%26_options_sf&quot;)</favourite>
	<favourite name="La Liga 123 [Iberika]" thumb="https://i.postimg.cc/85f1Z9FV/ico-f-liga123.png">PlayMedia(&quot;plugin://plugin.video.IberiKa/?url=https%3A%24doregex%5BGetPageUrl%5D%7CUser-Agent%3DMozilla%2F5.0+%28Android+7.0%3B+Tablet%3B+rv%3A58.0.2%29+Gecko%2F58.0.2+Firefox%2F58.0.2&amp;mode=17&amp;regexs=%7Bu%27GetPageUrl%27%3A%20%7B%27x-req%27%3A%20u%27XMLHttpRequest%27%2C%20%27cookiejar%27%3A%20%27%27%2C%20%27name%27%3A%20u%27GetPageUrl%27%2C%20%27accept%27%3A%20u%27%2A/%2A%27%2C%20%27connection%27%3A%20u%27keep-alive%27%2C%20%27expres%27%3A%20u%22source%3A%20%27%28.%2A%3F%29%27%22%2C%20%27referer%27%3A%20u%27http%3A//vergol.com/%27%2C%20%27page%27%3A%20u%27https%3A//vergol.com/bgjhykdmbtj668/live3/liga123.php%27%2C%20%27rawpost%27%3A%20u%27manzana66%3D12345%27%7D%7D&amp;iconimage=https%3A%2F%2Fwww.comparaiso.es%2Fsites%2Fcomparaiso.es%2Ffiles%2Fimages%2Flogo-liga-123-300x300.png&amp;sf_options=fanart%3Dhttps%3A%2F%2Fgithub.com%2Fiberikakodi%2FIberika%2Fblob%2Fmaster%2Fimagenes%2Fmenu%2FTv%2520esp%2520estable%25201.jpg%3Fraw%26meta%3Dvotes%253D0%2526label%253D%25255BCOLOR%252Bwhite%25255D%25255BB%25255DLa%252BLiga%252B123%25255B%25252FB%25255D%25255B%25252FCOLOR%25255D%2526title%253D%25255BCOLOR%252Bwhite%25255D%25255BB%25255DLa%252BLiga%252B123%25255B%25252FB%25255D%25255B%25252FCOLOR%25255D%26winID%3D10000%26_options_sf&quot;)</favourite>
	<favourite name="M+ Liga de Campeones [Iberika]" thumb="https://i.postimg.cc/sXcJLYBS/ico-f-liga-campeones.png">PlayMedia(&quot;plugin://plugin.video.IberiKa/?url=https%3A%24doregex%5BGetPageUrl%5D%7CUser-Agent%3DMozilla%2F5.0+%28Android+7.0%3B+Tablet%3B+rv%3A58.0.2%29+Gecko%2F58.0.2+Firefox%2F58.0.2&amp;mode=17&amp;regexs=%7Bu%27GetPageUrl%27%3A%20%7B%27x-req%27%3A%20u%27XMLHttpRequest%27%2C%20%27cookiejar%27%3A%20%27%27%2C%20%27name%27%3A%20u%27GetPageUrl%27%2C%20%27accept%27%3A%20u%27%2A/%2A%27%2C%20%27connection%27%3A%20u%27keep-alive%27%2C%20%27expres%27%3A%20u%22source%3A%20%27%28.%2A%3F%29%27%22%2C%20%27referer%27%3A%20u%27http%3A//vergol.com/%27%2C%20%27page%27%3A%20u%27https%3A//vergol.com/bgjhykdmbtj668/live3/campeones.php%27%2C%20%27rawpost%27%3A%20u%27manzana66%3D12345%27%7D%7D&amp;iconimage=https%3A%2F%2Fwww.audiovisual451.com%2Fwp-content%2Fuploads%2FMovistar-Liga-de-Campeones.jpg&amp;sf_options=fanart%3Dhttps%3A%2F%2Fgithub.com%2Fiberikakodi%2FIberika%2Fblob%2Fmaster%2Fimagenes%2Fmenu%2FTv%2520esp%2520estable%25201.jpg%3Fraw%26meta%3Dvotes%253D0%2526label%253D%25255BCOLOR%252Bwhite%25255D%25255BB%25255DLiga%252Bde%252Bcampeones%25255B%25252FB%25255D%25255B%25252FCOLOR%25255D%2526title%253D%25255BCOLOR%252Bwhite%25255D%25255BB%25255DLiga%252Bde%252Bcampeones%25255B%25252FB%25255D%25255B%25252FCOLOR%25255D%26winID%3D10000%26_options_sf&quot;)</favourite>
	<favourite name="M+ Deportes [Iberika]" thumb="https://i.postimg.cc/VkWgqS3C/ico_f_m_deportes.png">PlayMedia(&quot;plugin://plugin.video.IberiKa/?url=https%3A%24doregex%5BGetPageUrl%5D%7CUser-Agent%3DMozilla%2F5.0+%28Android+7.0%3B+Tablet%3B+rv%3A58.0.2%29+Gecko%2F58.0.2+Firefox%2F58.0.2&amp;mode=17&amp;regexs=%7Bu%27GetPageUrl%27%3A%20%7B%27x-req%27%3A%20u%27XMLHttpRequest%27%2C%20%27cookiejar%27%3A%20%27%27%2C%20%27name%27%3A%20u%27GetPageUrl%27%2C%20%27accept%27%3A%20u%27%2A/%2A%27%2C%20%27connection%27%3A%20u%27keep-alive%27%2C%20%27expres%27%3A%20u%22source%3A%20%27%28.%2A%3F%29%27%22%2C%20%27referer%27%3A%20u%27http%3A//vergol.com/%27%2C%20%27page%27%3A%20u%27https%3A//vergol.com/bgjhykdmbtj668/live1/plusdeportes.php%27%2C%20%27rawpost%27%3A%20u%27manzana66%3D12345%27%7D%7D&amp;iconimage=http%3A%2F%2Fwww.movistarplus.es%2Frecorte%2Fn%2Fcaratula1%2FM271668V1586414&amp;sf_options=fanart%3Dhttps%3A%2F%2Fgithub.com%2Fiberikakodi%2FIberika%2Fblob%2Fmaster%2Fimagenes%2Fmenu%2FTv%2520esp%2520estable%25201.jpg%3Fraw%26meta%3Dvotes%253D0%2526label%253D%25255BCOLOR%252Bwhite%25255D%25255BB%25255DMovistar%252BDeportes%25255B%25252FB%25255D%25255B%25252FCOLOR%25255D%2526title%253D%25255BCOLOR%252Bwhite%25255D%25255BB%25255DMovistar%252BDeportes%25255B%25252FB%25255D%25255B%25252FCOLOR%25255D%26winID%3D10000%26_options_sf&quot;)</favourite>
	<favourite name="Sky Sport MotoGP IT [unblocked.is]" thumb="https://i.postimg.cc/02DMhnkR/ico_f_sky-sport-motogp.png">ActivateWindow(10025,&quot;plugin://plugin.video.PLsportowo/?image=%2fhome%2fosmc%2f.kodi%2faddons%2fplugin.video.PLsportowo%2fresources%2funbl.png&amp;mode=getUnbLinks&amp;title=%5bB%5d%5bCOLOR%20gold%5dSky%20Sport%20MotoGP%5b%2fCOLOR%5d%5b%2fB%5d&amp;url=http%3a%2f%2funblocked.to%2fskysportmotogp&amp;sf_options=fanart%3Dspecial%3A%2F%2Fhome%2Faddons%2Fplugin.video.PLsportowo%2Fresources%2Ffanart.jpg%26meta%3Dplot%253D%25255BB%25255D%25255BCOLOR%252Bgold%25255DSky%252BSport%252BMotoGP%25255B%25252FCOLOR%25255D%25255B%25252FB%25255D%2526votes%253D0%2526label%253D%25255BB%25255D%25255BCOLOR%252Bgold%25255DSky%252BSport%252BMotoGP%25255B%25252FCOLOR%25255D%25255B%25252FB%25255D%2526title%253D%25255BB%25255D%25255BCOLOR%252Bgold%25255DSky%252BSport%252BMotoGP%25255B%25252FCOLOR%25255D%25255B%25252FB%25255D%26desc%3D%5BB%5D%5BCOLOR+gold%5DSky+Sport+MotoGP%5B%2FCOLOR%5D%5B%2FB%5D%26_options_sf&quot;,return)</favourite>
	<favourite name="ESPN Deportes [Iberika]" thumb="https://i.postimg.cc/FRZk4Qqy/ico_f_espn_deportes.png">PlayMedia(&quot;plugin://plugin.video.IberiKa/?url=http%3A%2F%2Ftvpremiumhd.club%2Flista-gratuita%2F213021%2Ftv%2Flive.php%3Fid%3D2707&amp;mode=12&amp;iconimage=http%3A%2F%2Fpuu.sh%2FmVU7r%2F07c337d6d2.png&amp;sf_options=meta%3Dvotes%253D0%2526label%253DDEPORTES%25253A%252BESPN%2526title%253DDEPORTES%25253A%252BESPN%26winID%3D10000%26_options_sf&quot;)</favourite>
	<favourite name="BT Sport 1 [unblocked.is]" thumb="https://i.postimg.cc/xTMbKyqC/ico_f_bt-sports_1.png">ActivateWindow(10025,&quot;plugin://plugin.video.PLsportowo/?image=%2fhome%2fosmc%2f.kodi%2faddons%2fplugin.video.PLsportowo%2fresources%2funbl.png&amp;mode=getUnbLinks&amp;title=%5bB%5d%5bCOLOR%20gold%5dBT%20Sport%201%5b%2fCOLOR%5d%5b%2fB%5d&amp;url=http%3a%2f%2funblocked.to%2fbt1&amp;sf_options=fanart%3Dspecial%3A%2F%2Fhome%2Faddons%2Fplugin.video.PLsportowo%2Fresources%2Ffanart.jpg%26meta%3Dplot%253D%25255BB%25255D%25255BCOLOR%252Bgold%25255DBT%252BSport%252B1%25255B%25252FCOLOR%25255D%25255B%25252FB%25255D%2526votes%253D0%2526label%253D%25255BB%25255D%25255BCOLOR%252Bgold%25255DBT%252BSport%252B1%25255B%25252FCOLOR%25255D%25255B%25252FB%25255D%2526title%253D%25255BB%25255D%25255BCOLOR%252Bgold%25255DBT%252BSport%252B1%25255B%25252FCOLOR%25255D%25255B%25252FB%25255D%26desc%3D%5BB%5D%5BCOLOR+gold%5DBT+Sport+1%5B%2FCOLOR%5D%5B%2FB%5D%26_options_sf&quot;,return)</favourite>
	<favourite name="BT Sport 2 [unblocked.is]" thumb="https://i.postimg.cc/nh1jWF4f/ico_f_bt-sports_2.png">ActivateWindow(10025,&quot;plugin://plugin.video.PLsportowo/?image=%2fhome%2fosmc%2f.kodi%2faddons%2fplugin.video.PLsportowo%2fresources%2funbl.png&amp;mode=getUnbLinks&amp;title=%5bB%5d%5bCOLOR%20gold%5dBT%20Sport%202%5b%2fCOLOR%5d%5b%2fB%5d&amp;url=http%3a%2f%2funblocked.to%2fbt2&amp;sf_options=fanart%3Dspecial%3A%2F%2Fhome%2Faddons%2Fplugin.video.PLsportowo%2Fresources%2Ffanart.jpg%26meta%3Dplot%253D%25255BB%25255D%25255BCOLOR%252Bgold%25255DBT%252BSport%252B2%25255B%25252FCOLOR%25255D%25255B%25252FB%25255D%2526votes%253D0%2526label%253D%25255BB%25255D%25255BCOLOR%252Bgold%25255DBT%252BSport%252B2%25255B%25252FCOLOR%25255D%25255B%25252FB%25255D%2526title%253D%25255BB%25255D%25255BCOLOR%252Bgold%25255DBT%252BSport%252B2%25255B%25252FCOLOR%25255D%25255B%25252FB%25255D%26desc%3D%5BB%5D%5BCOLOR+gold%5DBT+Sport+2%5B%2FCOLOR%5D%5B%2FB%5D%26_options_sf&quot;,return)</favourite>
	<favourite name="BT Sport ESPN [unblocked.is]" thumb="https://i.postimg.cc/zfXbZs7b/ico-f-bt-sports-espn.png">ActivateWindow(10025,&quot;plugin://plugin.video.PLsportowo/?image=%2fhome%2fosmc%2f.kodi%2faddons%2fplugin.video.PLsportowo%2fresources%2funbl.png&amp;mode=getUnbLinks&amp;title=%5bB%5d%5bCOLOR%20gold%5dBT%20Sport%20ESPN%5b%2fCOLOR%5d%5b%2fB%5d&amp;url=http%3a%2f%2funblocked.to%2fbtsportespn&amp;sf_options=fanart%3Dspecial%3A%2F%2Fhome%2Faddons%2Fplugin.video.PLsportowo%2Fresources%2Ffanart.jpg%26meta%3Dplot%253D%25255BB%25255D%25255BCOLOR%252Bgold%25255DBT%252BSport%252BESPN%25255B%25252FCOLOR%25255D%25255B%25252FB%25255D%2526votes%253D0%2526label%253D%25255BB%25255D%25255BCOLOR%252Bgold%25255DBT%252BSport%252BESPN%25255B%25252FCOLOR%25255D%25255B%25252FB%25255D%2526title%253D%25255BB%25255D%25255BCOLOR%252Bgold%25255DBT%252BSport%252BESPN%25255B%25252FCOLOR%25255D%25255B%25252FB%25255D%26desc%3D%5BB%5D%5BCOLOR+gold%5DBT+Sport+ESPN%5B%2FCOLOR%5D%5B%2FB%5D%26_options_sf&quot;,return)</favourite>
	<favourite name="ESPN [unblocked.is]" thumb="https://i.postimg.cc/sgkhPm7h/ico_f_espn.png">ActivateWindow(10025,&quot;plugin://plugin.video.PLsportowo/?image=%2fhome%2fosmc%2f.kodi%2faddons%2fplugin.video.PLsportowo%2fresources%2funbl.png&amp;mode=getUnbLinks&amp;title=%5bB%5d%5bCOLOR%20gold%5dESPN%5b%2fCOLOR%5d%5b%2fB%5d&amp;url=http%3a%2f%2funblocked.to%2fespn&amp;sf_options=fanart%3Dspecial%3A%2F%2Fhome%2Faddons%2Fplugin.video.PLsportowo%2Fresources%2Ffanart.jpg%26meta%3Dplot%253D%25255BB%25255D%25255BCOLOR%252Bgold%25255DESPN%25255B%25252FCOLOR%25255D%25255B%25252FB%25255D%2526votes%253D0%2526label%253D%25255BB%25255D%25255BCOLOR%252Bgold%25255DESPN%25255B%25252FCOLOR%25255D%25255B%25252FB%25255D%2526title%253D%25255BB%25255D%25255BCOLOR%252Bgold%25255DESPN%25255B%25252FCOLOR%25255D%25255B%25252FB%25255D%26desc%3D%5BB%5D%5BCOLOR+gold%5DESPN%5B%2FCOLOR%5D%5B%2FB%5D%26_options_sf&quot;,return)</favourite>
	<favourite name="Eurosport 1 [Iberika]" thumb="https://i.postimg.cc/h49nh9TM/ico_f_eurosport1.png">PlayMedia(&quot;plugin://plugin.video.IberiKa/?url=https%3A%24doregex%5BGetPageUrl%5D%7CUser-Agent%3DMozilla%2F5.0+%28Android+7.0%3B+Tablet%3B+rv%3A58.0.2%29+Gecko%2F58.0.2+Firefox%2F58.0.2&amp;mode=17&amp;regexs=%7Bu%27GetPageUrl%27%3A%20%7B%27x-req%27%3A%20u%27XMLHttpRequest%27%2C%20%27cookiejar%27%3A%20%27%27%2C%20%27name%27%3A%20u%27GetPageUrl%27%2C%20%27accept%27%3A%20u%27%2A/%2A%27%2C%20%27connection%27%3A%20u%27keep-alive%27%2C%20%27expres%27%3A%20u%22source%3A%20%27%28.%2A%3F%29%27%22%2C%20%27referer%27%3A%20u%27http%3A//vergol.com/%27%2C%20%27page%27%3A%20u%27https%3A//vergol.com/bgjhykdmbtj668/live1/eurosport.php%27%2C%20%27rawpost%27%3A%20u%27manzana66%3D12345%27%7D%7D&amp;iconimage=https%3A%2F%2Fwww.lawebdeltenis.net%2Fwp-content%2Fuploads%2F2015%2F08%2Feurosport_logo.jpg&amp;sf_options=fanart%3Dhttps%3A%2F%2Fgithub.com%2Fiberikakodi%2FIberika%2Fblob%2Fmaster%2Fimagenes%2Fmenu%2FTv%2520esp%2520estable%25201.jpg%3Fraw%26meta%3Dvotes%253D0%2526label%253D%25255BCOLOR%252Bwhite%25255D%25255BB%25255DEurosport%25255B%25252FB%25255D%25255B%25252FCOLOR%25255D%2526title%253D%25255BCOLOR%252Bwhite%25255D%25255BB%25255DEurosport%25255B%25252FB%25255D%25255B%25252FCOLOR%25255D%26winID%3D10000%26_options_sf&quot;)</favourite>
	<favourite name="Eurosport 2 [Iberika]" thumb="https://i.postimg.cc/5yMMn0dw/ico-f-eurosport2.png">PlayMedia(&quot;plugin://plugin.video.IberiKa/?url=https%3A%24doregex%5BGetPageUrl%5D%7CUser-Agent%3DMozilla%2F5.0+%28Android+7.0%3B+Tablet%3B+rv%3A58.0.2%29+Gecko%2F58.0.2+Firefox%2F58.0.2&amp;mode=17&amp;regexs=%7Bu%27GetPageUrl%27%3A%20%7B%27x-req%27%3A%20u%27XMLHttpRequest%27%2C%20%27cookiejar%27%3A%20%27%27%2C%20%27name%27%3A%20u%27GetPageUrl%27%2C%20%27accept%27%3A%20u%27%2A/%2A%27%2C%20%27connection%27%3A%20u%27keep-alive%27%2C%20%27expres%27%3A%20u%22source%3A%20%27%28.%2A%3F%29%27%22%2C%20%27referer%27%3A%20u%27http%3A//vergol.com/%27%2C%20%27page%27%3A%20u%27https%3A//vergol.com/bgjhykdmbtj668/live1/eurosport2.php%27%2C%20%27rawpost%27%3A%20u%27manzana66%3D12345%27%7D%7D&amp;iconimage=http%3A%2F%2Fvertelevisor.com%2Flogos%2Feurosport2hd.jpg&amp;sf_options=fanart%3Dhttps%3A%2F%2Fgithub.com%2Fiberikakodi%2FIberika%2Fblob%2Fmaster%2Fimagenes%2Fmenu%2FTv%2520esp%2520estable%25201.jpg%3Fraw%26meta%3Dvotes%253D0%2526label%253D%25255BCOLOR%252Bwhite%25255D%25255BB%25255DEurosport%252B2%25255B%25252FB%25255D%25255B%25252FCOLOR%25255D%2526title%253D%25255BCOLOR%252Bwhite%25255D%25255BB%25255DEurosport%252B2%25255B%25252FB%25255D%25255B%25252FCOLOR%25255D%26winID%3D10000%26_options_sf&quot;)</favourite>
	<favourite name="Fox Sports 1 [unblocked.is]" thumb="https://i.postimg.cc/TP1PBDxc/ico_f_fox_sport_1.png">ActivateWindow(10025,&quot;plugin://plugin.video.PLsportowo/?image=%2fhome%2fosmc%2f.kodi%2faddons%2fplugin.video.PLsportowo%2fresources%2funbl.png&amp;mode=getUnbLinks&amp;title=%5bB%5d%5bCOLOR%20gold%5dFox%20Sports%201%5b%2fCOLOR%5d%5b%2fB%5d&amp;url=http%3a%2f%2funblocked.to%2ffoxsports1&amp;sf_options=fanart%3Dspecial%3A%2F%2Fhome%2Faddons%2Fplugin.video.PLsportowo%2Fresources%2Ffanart.jpg%26meta%3Dplot%253D%25255BB%25255D%25255BCOLOR%252Bgold%25255DFox%252BSports%252B1%25255B%25252FCOLOR%25255D%25255B%25252FB%25255D%2526votes%253D0%2526label%253D%25255BB%25255D%25255BCOLOR%252Bgold%25255DFox%252BSports%252B1%25255B%25252FCOLOR%25255D%25255B%25252FB%25255D%2526title%253D%25255BB%25255D%25255BCOLOR%252Bgold%25255DFox%252BSports%252B1%25255B%25252FCOLOR%25255D%25255B%25252FB%25255D%26desc%3D%5BB%5D%5BCOLOR+gold%5DFox+Sports+1%5B%2FCOLOR%5D%5B%2FB%5D%26_options_sf&quot;,return)</favourite>
	<favourite name="Fox Sports 2 [unblocked.is]" thumb="https://i.postimg.cc/x8vjLGG9/ico_f_fox_sport_2.png">ActivateWindow(10025,&quot;plugin://plugin.video.PLsportowo/?image=%2fhome%2fosmc%2f.kodi%2faddons%2fplugin.video.PLsportowo%2fresources%2funbl.png&amp;mode=getUnbLinks&amp;title=%5bB%5d%5bCOLOR%20gold%5dFox%20Sports%202%5b%2fCOLOR%5d%5b%2fB%5d&amp;url=http%3a%2f%2funblocked.to%2ffoxsports2&amp;sf_options=fanart%3Dspecial%3A%2F%2Fhome%2Faddons%2Fplugin.video.PLsportowo%2Fresources%2Ffanart.jpg%26meta%3Dplot%253D%25255BB%25255D%25255BCOLOR%252Bgold%25255DFox%252BSports%252B2%25255B%25252FCOLOR%25255D%25255B%25252FB%25255D%2526votes%253D0%2526label%253D%25255BB%25255D%25255BCOLOR%252Bgold%25255DFox%252BSports%252B2%25255B%25252FCOLOR%25255D%25255B%25252FB%25255D%2526title%253D%25255BB%25255D%25255BCOLOR%252Bgold%25255DFox%252BSports%252B2%25255B%25252FCOLOR%25255D%25255B%25252FB%25255D%26desc%3D%5BB%5D%5BCOLOR+gold%5DFox+Sports+2%5B%2FCOLOR%5D%5B%2FB%5D%26_options_sf&quot;,return)</favourite>
	<favourite name="NBA TV [unblocked.is]" thumb="https://i.postimg.cc/6pQTdHhB/ico_f_nba.png">ActivateWindow(10025,&quot;plugin://plugin.video.PLsportowo/?image=%2fhome%2fosmc%2f.kodi%2faddons%2fplugin.video.PLsportowo%2fresources%2funbl.png&amp;mode=getUnbLinks&amp;title=%5bB%5d%5bCOLOR%20gold%5dNBA%20TV%5b%2fCOLOR%5d%5b%2fB%5d&amp;url=http%3a%2f%2funblocked.to%2fnbatv&amp;sf_options=fanart%3Dspecial%3A%2F%2Fhome%2Faddons%2Fplugin.video.PLsportowo%2Fresources%2Ffanart.jpg%26meta%3Dplot%253D%25255BB%25255D%25255BCOLOR%252Bgold%25255DNBA%252BTV%25255B%25252FCOLOR%25255D%25255B%25252FB%25255D%2526votes%253D0%2526label%253D%25255BB%25255D%25255BCOLOR%252Bgold%25255DNBA%252BTV%25255B%25252FCOLOR%25255D%25255B%25252FB%25255D%2526title%253D%25255BB%25255D%25255BCOLOR%252Bgold%25255DNBA%252BTV%25255B%25252FCOLOR%25255D%25255B%25252FB%25255D%26desc%3D%5BB%5D%5BCOLOR+gold%5DNBA+TV%5B%2FCOLOR%5D%5B%2FB%5D%26_options_sf&quot;,return)</favourite>
	<favourite name="M+ Golf [Iberika]" thumb="https://i.postimg.cc/15JLNMt0/ico-f-m-golf.png">PlayMedia(&quot;plugin://plugin.video.IberiKa/?url=https%3A%24doregex%5BGetPageUrl%5D%7CUser-Agent%3DMozilla%2F5.0+%28Android+7.0%3B+Tablet%3B+rv%3A58.0.2%29+Gecko%2F58.0.2+Firefox%2F58.0.2&amp;mode=17&amp;regexs=%7Bu%27GetPageUrl%27%3A%20%7B%27x-req%27%3A%20u%27XMLHttpRequest%27%2C%20%27cookiejar%27%3A%20%27%27%2C%20%27name%27%3A%20u%27GetPageUrl%27%2C%20%27accept%27%3A%20u%27%2A/%2A%27%2C%20%27connection%27%3A%20u%27keep-alive%27%2C%20%27expres%27%3A%20u%22source%3A%20%27%28.%2A%3F%29%27%22%2C%20%27referer%27%3A%20u%27http%3A//vergol.com/%27%2C%20%27page%27%3A%20u%27https%3A//vergol.com/bgjhykdmbtj668/live1/golf.php%27%2C%20%27rawpost%27%3A%20u%27manzana66%3D12345%27%7D%7D&amp;iconimage=http%3A%2F%2Fwww.movistarplus.es%2Frecorte%2Fn%2Fcaratula1%2FM271125V1514518&amp;sf_options=fanart%3Dhttps%3A%2F%2Fgithub.com%2Fiberikakodi%2FIberika%2Fblob%2Fmaster%2Fimagenes%2Fmenu%2FTv%2520esp%2520estable%25201.jpg%3Fraw%26meta%3Dvotes%253D0%2526label%253D%25255BCOLOR%252Bwhite%25255D%25255BB%25255DMovistar%252BGolf%25255B%25252FB%25255D%25255B%25252FCOLOR%25255D%2526title%253D%25255BCOLOR%252Bwhite%25255D%25255BB%25255DMovistar%252BGolf%25255B%25252FB%25255D%25255B%25252FCOLOR%25255D%26winID%3D10000%26_options_sf&quot;)</favourite>
	<favourite name="GolTV [Iberika]" thumb="https://i.postimg.cc/rwhMMMxk/ico_f_gol.png">PlayMedia(&quot;plugin://plugin.video.IberiKa/?url=https%3A%24doregex%5BGetPageUrl%5D%7CUser-Agent%3DMozilla%2F5.0+%28Android+7.0%3B+Tablet%3B+rv%3A58.0.2%29+Gecko%2F58.0.2+Firefox%2F58.0.2&amp;mode=17&amp;regexs=%7Bu%27GetPageUrl%27%3A%20%7B%27x-req%27%3A%20u%27XMLHttpRequest%27%2C%20%27cookiejar%27%3A%20%27%27%2C%20%27name%27%3A%20u%27GetPageUrl%27%2C%20%27accept%27%3A%20u%27%2A/%2A%27%2C%20%27connection%27%3A%20u%27keep-alive%27%2C%20%27expres%27%3A%20u%22source%3A%20%27%28.%2A%3F%29%27%22%2C%20%27referer%27%3A%20u%27http%3A//vergol.com/%27%2C%20%27page%27%3A%20u%27https%3A//vergol.com/bgjhykdmbtj668/live1/goltv.php%27%2C%20%27rawpost%27%3A%20u%27manzana66%3D12345%27%7D%7D&amp;iconimage=http%3A%2F%2Fstatic.goltelevision.com%2Fuploads%2Fgol%2Fweb%2Fimg%2Fog-image.jpg&amp;sf_options=fanart%3Dhttps%3A%2F%2Fgithub.com%2Fiberikakodi%2FIberika%2Fblob%2Fmaster%2Fimagenes%2Fmenu%2FTv%2520esp%2520estable%25201.jpg%3Fraw%26meta%3Dvotes%253D0%2526label%253D%25255BCOLOR%252Bwhite%25255D%25255BB%25255DGol%252BTv%25255B%25252FB%25255D%25255B%25252FCOLOR%25255D%2526title%253D%25255BCOLOR%252Bwhite%25255D%25255BB%25255DGol%252BTv%25255B%25252FB%25255D%25255B%25252FCOLOR%25255D%26winID%3D10000%26_options_sf&quot;)</favourite>
	<favourite name="Sky Sports Golf [unblocked.is]" thumb="https://i.postimg.cc/WzLbDYk9/ico_f_sky_sport_golf.png">ActivateWindow(10025,&quot;plugin://plugin.video.PLsportowo/?image=%2fhome%2fosmc%2f.kodi%2faddons%2fplugin.video.PLsportowo%2fresources%2funbl.png&amp;mode=getUnbLinks&amp;title=%5bB%5d%5bCOLOR%20gold%5dSky%20Sports%20Golf%5b%2fCOLOR%5d%5b%2fB%5d&amp;url=http%3a%2f%2funblocked.to%2fsk4&amp;sf_options=fanart%3Dspecial%3A%2F%2Fhome%2Faddons%2Fplugin.video.PLsportowo%2Fresources%2Ffanart.jpg%26meta%3Dplot%253D%25255BB%25255D%25255BCOLOR%252Bgold%25255DSky%252BSports%252BGolf%25255B%25252FCOLOR%25255D%25255B%25252FB%25255D%2526votes%253D0%2526label%253D%25255BB%25255D%25255BCOLOR%252Bgold%25255DSky%252BSports%252BGolf%25255B%25252FCOLOR%25255D%25255B%25252FB%25255D%2526title%253D%25255BB%25255D%25255BCOLOR%252Bgold%25255DSky%252BSports%252BGolf%25255B%25252FCOLOR%25255D%25255B%25252FB%25255D%26desc%3D%5BB%5D%5BCOLOR+gold%5DSky+Sports+Golf%5B%2FCOLOR%5D%5B%2FB%5D%26_options_sf&quot;,return)</favourite>
	<favourite name="Golf Channel [unblocked.is]" thumb="https://i.postimg.cc/C1fxxpzB/ico_f_golf_channel.png">ActivateWindow(10025,&quot;plugin://plugin.video.PLsportowo/?image=%2fhome%2fosmc%2f.kodi%2faddons%2fplugin.video.PLsportowo%2fresources%2funbl.png&amp;mode=getUnbLinks&amp;title=%5bB%5d%5bCOLOR%20gold%5dGolf%20Channel%5b%2fCOLOR%5d%5b%2fB%5d&amp;url=http%3a%2f%2funblocked.to%2fgolfchannel&amp;sf_options=fanart%3Dspecial%3A%2F%2Fhome%2Faddons%2Fplugin.video.PLsportowo%2Fresources%2Ffanart.jpg%26meta%3Dplot%253D%25255BB%25255D%25255BCOLOR%252Bgold%25255DGolf%252BChannel%25255B%25252FCOLOR%25255D%25255B%25252FB%25255D%2526votes%253D0%2526label%253D%25255BB%25255D%25255BCOLOR%252Bgold%25255DGolf%252BChannel%25255B%25252FCOLOR%25255D%25255B%25252FB%25255D%2526title%253D%25255BB%25255D%25255BCOLOR%252Bgold%25255DGolf%252BChannel%25255B%25252FCOLOR%25255D%25255B%25252FB%25255D%26desc%3D%5BB%5D%5BCOLOR+gold%5DGolf+Channel%5B%2FCOLOR%5D%5B%2FB%5D%26_options_sf&quot;,return)</favourite>
	<favourite name="BoxNation [unblocked.is]" thumb="https://i.postimg.cc/C1Ky8DG2/ico_f_box_nation.png">ActivateWindow(10025,&quot;plugin://plugin.video.PLsportowo/?image=%2fhome%2fosmc%2f.kodi%2faddons%2fplugin.video.PLsportowo%2fresources%2funbl.png&amp;mode=getUnbLinks&amp;title=%5bB%5d%5bCOLOR%20gold%5dBoxNation%5b%2fCOLOR%5d%5b%2fB%5d&amp;url=http%3a%2f%2funblocked.to%2fboxnation&amp;sf_options=fanart%3Dspecial%3A%2F%2Fhome%2Faddons%2Fplugin.video.PLsportowo%2Fresources%2Ffanart.jpg%26meta%3Dplot%253D%25255BB%25255D%25255BCOLOR%252Bgold%25255DBoxNation%25255B%25252FCOLOR%25255D%25255B%25252FB%25255D%2526votes%253D0%2526label%253D%25255BB%25255D%25255BCOLOR%252Bgold%25255DBoxNation%25255B%25252FCOLOR%25255D%25255B%25252FB%25255D%2526title%253D%25255BB%25255D%25255BCOLOR%252Bgold%25255DBoxNation%25255B%25252FCOLOR%25255D%25255B%25252FB%25255D%26desc%3D%5BB%5D%5BCOLOR+gold%5DBoxNation%5B%2FCOLOR%5D%5B%2FB%5D%26_options_sf&quot;,return)</favourite>
	<favourite name="Fight Network [Iberika]" thumb="https://i.postimg.cc/QCcDswLr/ico_f_fight_network.png">PlayMedia(&quot;plugin://plugin.video.IberiKa/?url=http%3A%2F%2Ftvpremiumhd.club%2Flista-gratuita%2F213021%2Ftv%2Flive.php%3Fid%3D2989&amp;mode=12&amp;iconimage=https%3A%2F%2Fi.imgur.com%2Fh1N1fxa.png&amp;sf_options=meta%3Dvotes%253D0%2526label%253DDEPORTES%25253A%252BUFC%252BFIGHTING%252BNETWORK%252BHD%2526title%253DDEPORTES%25253A%252BUFC%252BFIGHTING%252BNETWORK%252BHD%26winID%3D10000%26_options_sf&quot;)</favourite>
</favourites>