<favourites>





	<!--  TDT 1  ////////////////////////////////////////////////////////////////////// -->


	<favourite name="La 1 [packetlink]"  thumb="https://i.postimg.cc/9XTmZ35d/ico_f_la1.png" >PlayMedia(&quot;http://new.packetlink.eu:8009/n3coders/9eFRxuWg28/1176&quot;)</favourite>
	
	<favourite name="La 2 [packetlink]"  thumb="https://i.postimg.cc/PJmdjDz3/ico_f_la2.png" >PlayMedia(&quot;http://new.packetlink.eu:8009/n3coders/9eFRxuWg28/1175&quot;)</favourite>

	<favourite name="Antena 3 [packetlink]"  thumb="https://i.postimg.cc/W4jbbXfG/ico-f-antena3.png" >PlayMedia(&quot;http://new.packetlink.eu:8009/n3coders/9eFRxuWg28/1223&quot;)</favourite>

	<favourite name="Cuatro [packetlink]"  thumb="https://i.postimg.cc/QNBBznLC/ico-f-cuatro.png" >PlayMedia(&quot;http://new.packetlink.eu:8009/n3coders/9eFRxuWg28/1145&quot;)</favourite>

	<favourite name="Telecinco [packetlink]"  thumb="https://i.postimg.cc/hvxVR25k/ico_f_telecinco.png" >PlayMedia(&quot;http://new.packetlink.eu:8009/n3coders/9eFRxuWg28/1160&quot;)</favourite>

	<favourite name="La Sexta [packetlink]"  thumb="https://i.postimg.cc/R0DSQ4ZR/ico_f_lasexta.png" >PlayMedia(&quot;http://new.packetlink.eu:8009/n3coders/9eFRxuWg28/1164&quot;)</favourite>




	<!--  Movistar+ Cine   ////////////////////////////////////////////////////////////////////// -->


	<favourite name="#0 [packetlink]"  thumb="https://i.postimg.cc/cCVdqmn8/ico-f-0.png" >PlayMedia(&quot;http://new.packetlink.eu:8009/n3coders/9eFRxuWg28/1139&quot;)</favourite>

	<favourite name="Movistar+ Estrenos [packetlink]"  thumb="https://i.postimg.cc/Y9KVwsn7/ico_f_m_estrenos.png" >PlayMedia(&quot;http://new.packetlink.eu:8009/n3coders/9eFRxuWg28/1155&quot;)</favourite>

	<favourite name="Movistar+ CineDoc&Roll [packetlink]"  thumb="https://i.postimg.cc/wxmNMTqg/ico_f_m_cinedoc&roll.png" >PlayMedia(&quot;http://new.packetlink.eu:8009/n3coders/9eFRxuWg28/1189&quot;)</favourite>

	<favourite name="Movistar+ Acción [packetlink]"  thumb="https://i.postimg.cc/kgwXGxrL/ico_f_m_accion.png" >PlayMedia(&quot;http://new.packetlink.eu:8009/n3coders/9eFRxuWg28/1129&quot;)</favourite>

	<favourite name="Movistar+ Comedia [packetlink]"  thumb="https://i.postimg.cc/gkST0JSN/ico_f_m_comedia.png" >PlayMedia(&quot;http://new.packetlink.eu:8009/n3coders/9eFRxuWg28/1143&quot;)</favourite>

	<favourite name="Movistar+ Drama [packetlink]"  thumb="https://i.postimg.cc/wj6RwXhj/ico_f_m_drama.png" >PlayMedia(&quot;http://new.packetlink.eu:8009/n3coders/9eFRxuWg28/1153&quot;)</favourite>

	<favourite name="Movistar+ Cine Ñ [novilka]"  thumb="https://i.postimg.cc/SxmxmgPW/ico_f_m_cine_ñ.png" >PlayMedia(&quot;http://new.packetlink.eu:8009/n3coders/9eFRxuWg28/1140&quot;)</favourite>
	
	<favourite name="Movistar+ Disney [packetlink]"  thumb="https://i.postimg.cc/sx3NMZC0/ico-f-m-disney.png" >PlayMedia(&quot;http://new.packetlink.eu:8009/n3coders/9eFRxuWg28/1172&quot;)</favourite>

	<favourite name="Movistar+ Series [packetlink]"  thumb="https://i.postimg.cc/NFxZDkxc/ico_f_m_series.png" >PlayMedia(&quot;http://new.packetlink.eu:8009/n3coders/9eFRxuWg28/1213&quot;)</favourite>

	<favourite name="Movistar+ Seriesmania [packetlink]"  thumb="https://i.postimg.cc/jdY7702N/ico_f_m_seriesmania.png" >PlayMedia(&quot;http://new.packetlink.eu:8009/n3coders/9eFRxuWg28/1165&quot;)</favourite>




	<!--  Cine y Entretenimiento  ////////////////////////////////////////////////////////////////////// -->


	<favourite name="Comedy Central [packetlink]"  thumb="https://i.postimg.cc/RV6DJdtY/ico-f-comedy-central-2018-alt.png" >PlayMedia(&quot;http://new.packetlink.eu:8009/n3coders/9eFRxuWg28/1138&quot;)</favourite>

	<favourite name="AMC [packetlink]"  thumb="https://i.postimg.cc/wMt9bP7p/ico-f-amc.png" >PlayMedia(&quot;http://new.packetlink.eu:8009/n3coders/9eFRxuWg28/1130&quot;)</favourite>

	<favourite name="TNT [packetlink]"  thumb="https://i.postimg.cc/GmjJpSmr/ico_f_tnt.png" >PlayMedia(&quot;http://new.packetlink.eu:8009/n3coders/9eFRxuWg28/1158&quot;)</favourite>

	<favourite name="Fox [packetlink]"  thumb="https://i.postimg.cc/Qt73Q7P8/ico-f-fox.png" >PlayMedia(&quot;http://new.packetlink.eu:8009/n3coders/9eFRxuWg28/1185&quot;)</favourite>

	<favourite name="Canal Hollywood [packetlink]"  thumb="https://i.postimg.cc/VLWzZjN5/ico_f_hollywood.png" >PlayMedia(&quot;http://new.packetlink.eu:8009/n3coders/9eFRxuWg28/1178&quot;)</favourite>

	<favourite name="AXN [packetlink]"  thumb="https://i.postimg.cc/9MQmyz2z/ico-f-axn.png" >PlayMedia(&quot;http://new.packetlink.eu:8009/n3coders/9eFRxuWg28/1131&quot;)</favourite>

	<favourite name="Calle 13 [packetlink]"  thumb="https://i.postimg.cc/gJx0frTQ/ico-f-calle13.png" >PlayMedia(&quot;http://new.packetlink.eu:8009/n3coders/9eFRxuWg28/1234&quot;)</favourite>

	<favourite name="SyFy [packetlink]"  thumb="https://i.postimg.cc/YqK1zw4M/ico_f_syfy.png" >PlayMedia(&quot;http://new.packetlink.eu:8009/n3coders/9eFRxuWg28/1162&quot;)</favourite>

	<favourite name="TCM [packetlink]"  thumb="https://i.postimg.cc/90js4hSr/ico_f_tcm-2019.png" >PlayMedia(&quot;http://new.packetlink.eu:8009/n3coders/9eFRxuWg28/1159&quot;)</favourite>

	<favourite name="Fox Life [packetlink]"  thumb="https://i.postimg.cc/yNtK3jLp/ico-f-foxlife.png" >PlayMedia(&quot;http://new.packetlink.eu:8009/n3coders/9eFRxuWg28/1183&quot;)</favourite>

	<favourite name="AXN White [packetlink]"  thumb="https://i.postimg.cc/CL3x9FG6/ico-f-axn-white.png" >PlayMedia(&quot;http://new.packetlink.eu:8009/n3coders/9eFRxuWg28/1132&quot;)</favourite>

	<favourite name="Cosmo [packetlink]"  thumb="https://i.postimg.cc/vZyccY4x/ico-f-cosmo.png" >PlayMedia(&quot;http://new.packetlink.eu:8009/n3coders/9eFRxuWg28/1144&quot;)</favourite>

	<!-- <favourite name="Sundance [packetlink]"  thumb="https://i.postimg.cc/cLdwPMMz/ico_f_sundance.png" >PlayMedia(&quot;17147&quot;)</favourite> -->
	
	<favourite name="Xtrm [packetlink]"  thumb="https://i.postimg.cc/RFJHwP4W/ico_f_xtrm.png" >PlayMedia(&quot;http://new.packetlink.eu:8009/n3coders/9eFRxuWg28/1156&quot;)</favourite>

	
	


	<!--  Deportes  ////////////////////////////////////////////////////////////////////// -->


	<favourite name="#Vamos [packetlink]"  thumb="https://i.postimg.cc/DZp9PZ5w/ico_f_m__vamos.png" >PlayMedia(&quot;http://new.packetlink.eu:8009/n3coders/9eFRxuWg28/1211&quot;)</favourite>

	<favourite name="M+ Partidazo [packetlink]"  thumb="https://i.postimg.cc/ncHyzNHc/ico_f_m_partidazo.png" >PlayMedia(&quot;http://new.packetlink.eu:8009/n3coders/9eFRxuWg28/1214&quot;)</favourite>
	
	<favourite name="beIN LaLiga [packetlink]"  thumb="https://i.postimg.cc/HswLGq6Y/ico-f-bein-laliga.png" >PlayMedia(&quot;http://new.packetlink.eu:8009/n3coders/9eFRxuWg28/1135&quot;)</favourite>
	
	<favourite name="LaLiga TV [packetlink]"  thumb="https://i.postimg.cc/d3MJp6dZ/ico_f_laligatv.png" >PlayMedia(&quot;http://new.packetlink.eu:8009/n3coders/9eFRxuWg28/1174&quot;)</favourite>
	
	<favourite name="LaLiga 123 [packetlink]"  thumb="https://i.postimg.cc/85f1Z9FV/ico-f-liga123.png" >PlayMedia(&quot;http://new.packetlink.eu:8009/n3coders/9eFRxuWg28/1173&quot;)</favourite>
	
	<favourite name="M+ Liga de Campeones [packetlink]"  thumb="https://i.postimg.cc/sXcJLYBS/ico-f-liga-campeones.png" >PlayMedia(&quot;http://new.packetlink.eu:8009/n3coders/9eFRxuWg28/1219&quot;)</favourite>
	
¡

	
	<favourite name="M+ Formula 1 [packetlink]"  thumb="https://i.postimg.cc/QdzwftcH/ico_f_m_formula1.png" >PlayMedia(&quot;http://new.packetlink.eu:8009/n3coders/9eFRxuWg28/1184&quot;)</favourite>
	
	<favourite name="M+ Deportes [packetlink]"  thumb="https://i.postimg.cc/VkWgqS3C/ico_f_m_deportes.png" >PlayMedia(&quot;http://new.packetlink.eu:8009/n3coders/9eFRxuWg28/1147&quot;)</favourite>
	
	<favourite name="M+ Golf [packetlink]"  thumb="https://i.postimg.cc/15JLNMt0/ico-f-m-golf.png" >PlayMedia(&quot;http://new.packetlink.eu:8009/n3coders/9eFRxuWg28/1180&quot;)</favourite>
	
	<favourite name="Eurosport 1 [packetlink]"  thumb="https://i.postimg.cc/h49nh9TM/ico_f_eurosport1.png" >PlayMedia(&quot;http://new.packetlink.eu:8009/n3coders/9eFRxuWg28/1187&quot;)</favourite>
	
	<favourite name="Eurosport 2 [packetlink]"  thumb="https://i.postimg.cc/5yMMn0dw/ico-f-eurosport2.png" >PlayMedia(&quot;http://new.packetlink.eu:8009/n3coders/9eFRxuWg28/1220&quot;)</favourite>
		
	<favourite name="Barca Tv [packetlink]"  thumb="https://i.postimg.cc/3J4wLyvv/ico_f_barcelona_tv.png" >PlayMedia(&quot;http://new.packetlink.eu:8009/n3coders/9eFRxuWg28/29&quot;)</favourite>
	
	<favourite name="Gol TV [packetlink]"  thumb="https://i.postimg.cc/rwhMMMxk/ico_f_gol.png" >PlayMedia(&quot;http://new.packetlink.eu:8009/n3coders/9eFRxuWg28/1181&quot;)</favourite>
	




	<!--  Documentales  ////////////////////////////////////////////////////////////////////// -->


	<favourite name="Canal Cocina [packetlink]"  thumb="https://i.postimg.cc/59ZHWq13/ico-f-cocina.png" >PlayMedia(&quot;http://new.packetlink.eu:8009/n3coders/9eFRxuWg28/1142&quot;)</favourite>

	<favourite name="National Geographic [packetlink]"  thumb="https://i.postimg.cc/Y904MdhX/ico_f_natgeo.png" >PlayMedia(&quot;http://new.packetlink.eu:8009/n3coders/9eFRxuWg28/1170&quot;)</favourite>

	<favourite name="Nat Geo Wild [packetlink]"  thumb="https://i.postimg.cc/TPRLHdGv/ico_f_natgeo_wild.png" >PlayMedia(&quot;http://new.packetlink.eu:8009/n3coders/9eFRxuWg28/1169&quot;)</favourite>

	<favourite name="Historia [packetlink]"  thumb="https://i.postimg.cc/jSqtpLWc/ico_f_historia.png" >PlayMedia(&quot;http://new.packetlink.eu:8009/n3coders/9eFRxuWg28/1179&quot;)</favourite>

	<favourite name="Discovery Channel [packetlink]"  thumb="https://i.postimg.cc/4yhT19S4/ico-f-discovery.png" >PlayMedia(&quot;http://new.packetlink.eu:8009/n3coders/9eFRxuWg28/1148&quot;)</favourite>

	<favourite name="Odisea [packetlink]"  thumb="https://i.postimg.cc/Kjd39tc0/ico_f_odisea.png" >PlayMedia(&quot;http://new.packetlink.eu:8009/n3coders/9eFRxuWg28/1167&quot;)</favourite>

	<favourite name="Viajar [packetlink]"  thumb="https://i.postimg.cc/jC0C6Kv9/ico_f_viajar.png" >PlayMedia(&quot;http://new.packetlink.eu:8009/n3coders/9eFRxuWg28/1157&quot;)</favourite>

	<favourite name="Caza y Pesca [packetlink]"  thumb="https://i.postimg.cc/SxGj9B9T/ico-f-caza-y-pesca.png" >PlayMedia(&quot;http://new.packetlink.eu:8009/n3coders/9eFRxuWg28/1137&quot;)</favourite>


	<favourite name="Blaze [packetlink]"  thumb="https://i.postimg.cc/1zwS66b9/ico_f_blaze.png" >PlayMedia(&quot;http://new.packetlink.eu:8009/n3coders/9eFRxuWg28/1128&quot;)</favourite>

	<favourite name="Crimen & Investigación [packetlink]"  thumb="https://i.postimg.cc/1RNtBn6N/ico-f-c-i.png" >PlayMedia(&quot;http://new.packetlink.eu:8009/n3coders/9eFRxuWg28/1127&quot;)</favourite>

	<favourite name="Decasa [packetlink]"  thumb="https://i.postimg.cc/Qx1F89dr/ico-f-decasa.png" >PlayMedia(&quot;http://new.packetlink.eu:8009/n3coders/9eFRxuWg28/1146&quot;)</favourite>




	<!--  Música  ////////////////////////////////////////////////////////////////////// -->


	<favourite name="MTV España [packetlink]"  thumb="https://i.postimg.cc/HnP9TJYM/ico_f_mtv.png" >PlayMedia(&quot;http://new.packetlink.eu:8009/n3coders/9eFRxuWg28/1171&quot;)</favourite>
	

	
	


	
	
	
</favourites>