<favourites>





	<!--  TDT 1  ////////////////////////////////////////////////////////////////////// -->


	<!-- <favourite name="La 1 [sansat]"  thumb="https://i.postimg.cc/9XTmZ35d/ico_f_la1.png" >PlayMedia(&quot;4758&quot;)</favourite> -->
	<favourite name="La 1 HD [sansat]"  thumb="https://i.postimg.cc/9XTmZ35d/ico_f_la1.png" >PlayMedia(&quot;http://sansat.net:25461/jack0211m67/9o6YzdEv0p/15039&quot;)</favourite>
	
	<favourite name="La 2 [sansat]"  thumb="https://i.postimg.cc/PJmdjDz3/ico_f_la2.png" >PlayMedia(&quot;http://sansat.net:25461/jack0211m67/9o6YzdEv0p/15038&quot;)</favourite>
	<!-- <favourite name="La 2 HD [sansat]"  thumb="https://i.postimg.cc/PJmdjDz3/ico_f_la2.png" >PlayMedia(&quot;4755&quot;)</favourite> -->

	<!-- <favourite name="Antena 3 [sansat]"  thumb="https://i.postimg.cc/W4jbbXfG/ico-f-antena3.png" >PlayMedia(&quot;4754&quot;)</favourite> -->
	<favourite name="Antena 3 HD [sansat]"  thumb="https://i.postimg.cc/W4jbbXfG/ico-f-antena3.png" >PlayMedia(&quot;http://sansat.net:25461/jack0211m67/9o6YzdEv0p/15036&quot;)</favourite>

	<!-- <favourite name="Cuatro [sansat]"  thumb="https://i.postimg.cc/QNBBznLC/ico-f-cuatro.png" >PlayMedia(&quot;4752&quot;)</favourite> -->
	<favourite name="Cuatro HD [sansat]"  thumb="https://i.postimg.cc/QNBBznLC/ico-f-cuatro.png" >PlayMedia(&quot;http://sansat.net:25461/jack0211m67/9o6YzdEv0p/15035&quot;)</favourite>

	<!-- <favourite name="Telecinco [sansat]"  thumb="https://i.postimg.cc/hvxVR25k/ico_f_telecinco.png" >PlayMedia(&quot;4750&quot;)</favourite> -->
	<favourite name="Telecinco HD [sansat]"  thumb="https://i.postimg.cc/hvxVR25k/ico_f_telecinco.png" >PlayMedia(&quot;http://sansat.net:25461/jack0211m67/9o6YzdEv0p/15034&quot;)</favourite>

	<!-- <favourite name="La Sexta [sansat]"  thumb="https://i.postimg.cc/R0DSQ4ZR/ico_f_lasexta.png" >PlayMedia(&quot;4748&quot;)</favourite> -->
	<favourite name="La Sexta HD [sansat]"  thumb="https://i.postimg.cc/R0DSQ4ZR/ico_f_lasexta.png" >PlayMedia(&quot;http://sansat.net:25461/jack0211m67/9o6YzdEv0p/15037&quot;)</favourite>




	<!--  Movistar+ Cine   ////////////////////////////////////////////////////////////////////// -->


	<!-- <favourite name="#0 [sansat]"  thumb="https://i.postimg.cc/cCVdqmn8/ico-f-0.png" >PlayMedia(&quot;4804&quot;)</favourite> -->
	<favourite name="#0 HD [sansat]"  thumb="https://i.postimg.cc/cCVdqmn8/ico-f-0.png" >PlayMedia(&quot;http://sansat.net:25461/jack0211m67/9o6YzdEv0p/15023&quot;)</favourite>

	<!-- <favourite name="Movistar+ Estrenos [sansat]"  thumb="https://i.postimg.cc/Y9KVwsn7/ico_f_m_estrenos.png" >PlayMedia(&quot;4795&quot;)</favourite> -->
	<favourite name="Movistar+ Estrenos HD [sansat]"  thumb="https://i.postimg.cc/Y9KVwsn7/ico_f_m_estrenos.png" >PlayMedia(&quot;http://sansat.net:25461/jack0211m67/9o6YzdEv0p/14972&quot;)</favourite>

	<favourite name="Movistar+ CineDoc&Roll [sansat]"  thumb="https://i.postimg.cc/wxmNMTqg/ico_f_m_cinedoc&roll.png" >PlayMedia(&quot;http://sansat.net:25461/jack0211m67/9o6YzdEv0p/36743&quot;)</favourite>
	<favourite name="Movistar+ CineDoc&Roll HD [sansat]"  thumb="https://i.postimg.cc/wxmNMTqg/ico_f_m_cinedoc&roll.png" >PlayMedia(&quot;http://sansat.net:25461/jack0211m67/9o6YzdEv0p/14968&quot;)</favourite>

	<!-- <favourite name="Movistar+ Acción [sansat]"  thumb="https://i.postimg.cc/kgwXGxrL/ico_f_m_accion.png" >PlayMedia(&quot;4792&quot;)</favourite> -->
	<favourite name="Movistar+ Acción HD [sansat]"  thumb="https://i.postimg.cc/kgwXGxrL/ico_f_m_accion.png" >PlayMedia(&quot;http://sansat.net:25461/jack0211m67/9o6YzdEv0p/14977&quot;)</favourite>

	<!-- <favourite name="Movistar+ Comedia [sansat]"  thumb="https://i.postimg.cc/gkST0JSN/ico_f_m_comedia.png" >PlayMedia(&quot;4803&quot;)</favourite> -->
	<favourite name="Movistar+ Comedia HD [sansat]"  thumb="https://i.postimg.cc/gkST0JSN/ico_f_m_comedia.png" >PlayMedia(&quot;http://sansat.net:25461/jack0211m67/9o6YzdEv0p/14975&quot;)</favourite>

	<!-- <favourite name="Movistar+ Drama [sansat]"  thumb="https://i.postimg.cc/wj6RwXhj/ico_f_m_drama.png" >PlayMedia(&quot;4801&quot;)</favourite> -->
	<favourite name="Movistar+ Drama HD [sansat]"  thumb="https://i.postimg.cc/wj6RwXhj/ico_f_m_drama.png" >PlayMedia(&quot;http://sansat.net:25461/jack0211m67/9o6YzdEv0p/14974&quot;)</favourite>

	<favourite name="Movistar+ Cine Ñ [sansat]"  thumb="https://i.postimg.cc/SxmxmgPW/ico_f_m_cine_ñ.png" >PlayMedia(&quot;http://sansat.net:25461/jack0211m67/9o6YzdEv0p/14976&quot;)</favourite>

	<favourite name="Movistar+ Disney [sansat]"  thumb="https://i.postimg.cc/sx3NMZC0/ico-f-m-disney.png" >PlayMedia(&quot;http://sansat.net:25461/jack0211m67/9o6YzdEv0p/14973&quot;)</favourite>

	<!-- <favourite name="Movistar+ Series [sansat]"  thumb="https://i.postimg.cc/NFxZDkxc/ico_f_m_series.png" >PlayMedia(&quot;4790&quot;)</favourite> -->
	<favourite name="Movistar+ Series HD [sansat]"  thumb="https://i.postimg.cc/NFxZDkxc/ico_f_m_series.png" >PlayMedia(&quot;http://sansat.net:25461/jack0211m67/9o6YzdEv0p/14970&quot;)</favourite>

	<!-- <favourite name="Movistar+ Seriesmania [sansat]"  thumb="https://i.postimg.cc/jdY7702N/ico_f_m_seriesmania.png" >PlayMedia(&quot;4799&quot;)</favourite> -->
	<favourite name="Movistar+ Seriesmania HD [sansat]"  thumb="https://i.postimg.cc/jdY7702N/ico_f_m_seriesmania.png" >PlayMedia(&quot;http://sansat.net:25461/jack0211m67/9o6YzdEv0p/14969&quot;)</favourite>




	<!--  Cine y Entretenimiento  ////////////////////////////////////////////////////////////////////// -->


	<favourite name="Comedy Central HD [sansat]"  thumb="https://i.postimg.cc/RV6DJdtY/ico-f-comedy-central-2018-alt.png" >PlayMedia(&quot;http://sansat.net:25461/jack0211m67/9o6YzdEv0p/14998&quot;)</favourite>

	<!-- <favourite name="AMC [sansat]"  thumb="https://i.postimg.cc/wMt9bP7p/ico-f-amc.png" >PlayMedia(&quot;4771&quot;)</favourite> -->
	<favourite name="AMC HD [sansat]"  thumb="https://i.postimg.cc/wMt9bP7p/ico-f-amc.png" >PlayMedia(&quot;http://sansat.net:25461/jack0211m67/9o6YzdEv0p/15022&quot;)</favourite>

	<favourite name="TNT HD [sansat]"  thumb="https://i.postimg.cc/GmjJpSmr/ico_f_tnt.png" >PlayMedia(&quot;http://sansat.net:25461/jack0211m67/9o6YzdEv0p/15015&quot;)</favourite>

	<!-- <favourite name="Fox [sansat]"  thumb="https://i.postimg.cc/Qt73Q7P8/ico-f-fox.png" >PlayMedia(&quot;4763&quot;)</favourite> -->
	<favourite name="Fox HD [sansat]"  thumb="https://i.postimg.cc/Qt73Q7P8/ico-f-fox.png" >PlayMedia(&quot;http://sansat.net:25461/jack0211m67/9o6YzdEv0p/15026&quot;)</favourite>

	<!-- <favourite name="Canal Hollywood [sansat]"  thumb="https://i.postimg.cc/VLWzZjN5/ico_f_hollywood.png" >PlayMedia(&quot;4788&quot;)</favourite> -->
	<favourite name="Canal Hollywood HD [sansat]"  thumb="https://i.postimg.cc/VLWzZjN5/ico_f_hollywood.png" >PlayMedia(&quot;http://sansat.net:25461/jack0211m67/9o6YzdEv0p/15028&quot;)</favourite>

	<!-- <favourite name="AXN [sansat]"  thumb="https://i.postimg.cc/9MQmyz2z/ico-f-axn.png" >PlayMedia(&quot;4775&quot;)</favourite> -->
	<favourite name="AXN HD [sansat]"  thumb="https://i.postimg.cc/9MQmyz2z/ico-f-axn.png" >PlayMedia(&quot;http://sansat.net:25461/jack0211m67/9o6YzdEv0p/15020&quot;)</favourite>

	<!-- <favourite name="Calle 13 [sansat]"  thumb="https://i.postimg.cc/gJx0frTQ/ico-f-calle13.png" >PlayMedia(&quot;4778&quot;)</favourite> -->
	<favourite name="Calle 13 HD [sansat]"  thumb="https://i.postimg.cc/gJx0frTQ/ico-f-calle13.png" >PlayMedia(&quot;http://sansat.net:25461/jack0211m67/9o6YzdEv0p/15012&quot;)</favourite>

	<favourite name="SyFy HD [sansat]"  thumb="https://i.postimg.cc/YqK1zw4M/ico_f_syfy.png" >PlayMedia(&quot;http://sansat.net:25461/jack0211m67/9o6YzdEv0p/15017&quot;)</favourite>

	<!-- <favourite name="TCM [sansat]"  thumb="https://i.postimg.cc/90js4hSr/ico_f_tcm-2019.png" >PlayMedia(&quot;4786&quot;)</favourite> -->
	<favourite name="TCM HD [sansat]"  thumb="https://i.postimg.cc/90js4hSr/ico_f_tcm-2019.png" >PlayMedia(&quot;http://sansat.net:25461/jack0211m67/9o6YzdEv0p/15016&quot;)</favourite>

	<!-- <favourite name="Fox Life [sansat]"  thumb="https://i.postimg.cc/yNtK3jLp/ico-f-foxlife.png" >PlayMedia(&quot;4765&quot;)</favourite> -->
	<favourite name="Fox Life HD [sansat]"  thumb="https://i.postimg.cc/yNtK3jLp/ico-f-foxlife.png" >PlayMedia(&quot;http://sansat.net:25461/jack0211m67/9o6YzdEv0p/15025&quot;)</favourite>

	<!-- <favourite name="AXN White [sansat]"  thumb="https://i.postimg.cc/CL3x9FG6/ico-f-axn-white.png" >PlayMedia(&quot;4773&quot;)</favourite> -->
	<favourite name="AXN White HD [sansat]"  thumb="https://i.postimg.cc/CL3x9FG6/ico-f-axn-white.png" >PlayMedia(&quot;http://sansat.net:25461/jack0211m67/9o6YzdEv0p/15018&quot;)</favourite>

	<favourite name="Cosmo HD [sansat]"  thumb="https://i.postimg.cc/vZyccY4x/ico-f-cosmo.png" >PlayMedia(&quot;http://sansat.net:25461/jack0211m67/9o6YzdEv0p/15005&quot;)</favourite>

	<!-- <favourite name="Sundance [sansat]"  thumb="https://i.postimg.cc/cLdwPMMz/ico_f_sundance.png" >PlayMedia(&quot;4776&quot;)</favourite> -->
	
	<!-- <favourite name="Xtrm [sansat]"  thumb="https://i.postimg.cc/RFJHwP4W/ico_f_xtrm.png" >PlayMedia(&quot;4780&quot;)</favourite> -->

	<!-- <favourite name="Somos [sansat]"  thumb="https://i.postimg.cc/rwgxT0fw/ico_f_somos.png" >PlayMedia(&quot;4783&quot;)</favourite> -->
	
	


	<!--  Deportes  ////////////////////////////////////////////////////////////////////// -->


	<favourite name="#Vamos [sansat]"  thumb="https://i.postimg.cc/DZp9PZ5w/ico_f_m__vamos.png" >PlayMedia(&quot;http://sansat.net:25461/jack0211m67/9o6YzdEv0p/14966&quot;)</favourite>
	<favourite name="#Vamos HD [sansat]"  thumb="https://i.postimg.cc/DZp9PZ5w/ico_f_m__vamos.png" >PlayMedia(&quot;http://sansat.net:25461/jack0211m67/9o6YzdEv0p/24973&quot;)</favourite>

	<!-- <favourite name="M+ Partidazo [sansat]"  thumb="https://i.postimg.cc/ncHyzNHc/ico_f_m_partidazo.png" >PlayMedia(&quot;8472&quot;)</favourite> -->
	<favourite name="M+ Partidazo HD [sansat]"  thumb="https://i.postimg.cc/ncHyzNHc/ico_f_m_partidazo.png" >PlayMedia(&quot;http://sansat.net:25461/jack0211&quot;)</favourite>
	
	<!-- <favourite name="beIN LaLiga [sansat]"  thumb="https://i.postimg.cc/HswLGq6Y/ico-f-bein-laliga.png" >PlayMedia(&quot;8475&quot;)</favourite> -->
	<favourite name="beIN LaLiga HD [sansat]"  thumb="https://i.postimg.cc/HswLGq6Y/ico-f-bein-laliga.png" >PlayMedia(&quot;http://sansat.net:25461/jack0211m67/9o6YzdEv0p/14993&quot;)</favourite>
	
	<favourite name="LaLiga TV [sansat]"  thumb="https://i.postimg.cc/d3MJp6dZ/ico_f_laligatv.png" >PlayMedia(&quot;http://sansat.net:25461/jack0211m67/9o6YzdEv0p/14992&quot;)</favourite>
	<!-- <favourite name="LaLiga TV HD [sansat]"  thumb="https://i.postimg.cc/d3MJp6dZ/ico_f_laligatv.png" >PlayMedia(&quot;4839&quot;)</favourite> -->
	
	<favourite name="LaLiga 123 [sansat]"  thumb="https://i.postimg.cc/85f1Z9FV/ico-f-liga123.png" >PlayMedia(&quot;http://sansat.net:25461/jack0211m67/9o6YzdEv0p/24470&quot;)</favourite>
	
	<!-- <favourite name="M+ Liga de Campeones [sansat]"  thumb="https://i.postimg.cc/sXcJLYBS/ico-f-liga-campeones.png" >PlayMedia(&quot;8473&quot;)</favourite> -->
	<favourite name="M+ Liga de Campeones HD [sansat]"  thumb="https://i.postimg.cc/sXcJLYBS/ico-f-liga-campeones.png" >PlayMedia(&quot;http://sansat.net:25461/jack0211m67/9o6YzdEv0p/24469&quot;)</favourite>
	
	<!-- <favourite name="M+ Liga de Campeones 1 [sansat]"  thumb="https://i.postimg.cc/ZRZcj7q4/ico-f-liga-campeones-1.png" >PlayMedia(&quot;8477&quot;)</favourite> -->
	<!-- <favourite name="M+ Liga de Campeones 1 HD [sansat]"  thumb="https://i.postimg.cc/ZRZcj7q4/ico-f-liga-campeones-1.png" >PlayMedia(&quot;4846&quot;)</favourite> -->


	
	<!-- <favourite name="M+ Formula 1 [sansat]"  thumb="https://i.postimg.cc/QdzwftcH/ico_f_m_formula1.png" >PlayMedia(&quot;4852&quot;)</favourite> -->
	<favourite name="M+ Formula 1 HD [sansat]"  thumb="https://i.postimg.cc/QdzwftcH/ico_f_m_formula1.png" >PlayMedia(&quot;http://sansat.net:25461/jack0211m67/9o6YzdEv0p/14985&quot;)</favourite>
	
	<!-- <favourite name="M+ Deportes [sansat]"  thumb="https://i.postimg.cc/VkWgqS3C/ico_f_m_deportes.png" >PlayMedia(&quot;4812&quot;)</favourite> -->
	<favourite name="M+ Deportes HD [sansat]"  thumb="https://i.postimg.cc/VkWgqS3C/ico_f_m_deportes.png" >PlayMedia(&quot;http://sansat.net:25461/jack0211m67/9o6YzdEv0p/14967&quot;)</favourite>
	
	<!-- <favourite name="M+ Golf [sansat]"  thumb="https://i.postimg.cc/15JLNMt0/ico-f-m-golf.png" >PlayMedia(&quot;4810&quot;)</favourite> -->
	<favourite name="M+ Golf HD [sansat]"  thumb="https://i.postimg.cc/15JLNMt0/ico-f-m-golf.png" >PlayMedia(&quot;http://sansat.net:25461/jack0211m67/9o6YzdEv0p/14981&quot;)</favourite>
	
	<!-- <favourite name="Eurosport 1 [sansat]"  thumb="https://i.postimg.cc/h49nh9TM/ico_f_eurosport1.png" >PlayMedia(&quot;4819&quot;)</favourite> -->
	<favourite name="Eurosport 1 HD [sansat]"  thumb="https://i.postimg.cc/h49nh9TM/ico_f_eurosport1.png" >PlayMedia(&quot;http://sansat.net:25461/jack0211m67/9o6YzdEv0p/14988&quot;)</favourite>
	
	<favourite name="Eurosport 2 [sansat]"  thumb="https://i.postimg.cc/5yMMn0dw/ico-f-eurosport2.png" >PlayMedia(&quot;http://sansat.net:25461/jack0211m67/9o6YzdEv0p/14986&quot;)</favourite>
		
	<favourite name="Sky Sport MotoGP (IT) [sansat]"  thumb="https://i.postimg.cc/02DMhnkR/ico_f_sky-sport-motogp.png" >PlayMedia(&quot;http://sansat.net:25461/jack0211m67/9o6YzdEv0p/23640&quot;)</favourite>
	
	<favourite name="BT Sport 1 (UK) [sansat]"  thumb="https://i.postimg.cc/xTMbKyqC/ico-f-bt-sports-1.png" >PlayMedia(&quot;http://sansat.net:25461/jack0211m67/9o6YzdEv0p/8222&quot;)</favourite>
	
	<favourite name="BT Sport 2 (UK) [sansat]"  thumb="https://i.postimg.cc/nh1jWF4f/ico_f_bt-sports_2.png" >PlayMedia(&quot;http://sansat.net:25461/jack0211m67/9o6YzdEv0p/8221&quot;)</favourite>
	
	<favourite name="UFC Fight Pass [sansat]"  thumb="https://i.postimg.cc/tCkYn0Wr/ico_f_ufc.png" >PlayMedia(&quot;http://sansat.net:25461/jack0211m67/9o6YzdEv0p/23640&quot;)</favourite>
	
	<favourite name="FightBox [sansat]"  thumb="https://i.postimg.cc/FsmrdvQw/ico-f-fight-box.png" >PlayMedia(&quot;http://sansat.net:25461/jack0211m67/9o6YzdEv0p/25495&quot;)</favourite>
	
	<favourite name="Fight Network [sansat]"  thumb="https://i.postimg.cc/QCcDswLr/ico_f_fight_network.png" >PlayMedia(&quot;http://sansat.net:25461/jack0211m67/9o6YzdEv0p/23668&quot;)</favourite>
	
	<favourite name="Barca Tv [sansat]"  thumb="https://i.postimg.cc/3J4wLyvv/ico_f_barcelona_tv.png" >PlayMedia(&quot;http://sansat.net:25461/jack0211m67/9o6YzdEv0p/14983&quot;)</favourite>
	
	<favourite name="Gol TV [sansat]"  thumb="https://i.postimg.cc/rwhMMMxk/ico_f_gol.png" >PlayMedia(&quot;http://sansat.net:25461/jack0211m67/9o6YzdEv0p/14989&quot;)</favourite>
	
	<favourite name="Teledeporte HD [sansat]"  thumb="https://i.postimg.cc/kXQWjh88/ico_f_tdp.png" >PlayMedia(&quot;http://sansat.net:25461/jack0211m67/9o6YzdEv0p/14965&quot;)</favourite>




	<!--  Documentales  ////////////////////////////////////////////////////////////////////// -->


	<favourite name="Canal Cocina [sansat]"  thumb="https://i.postimg.cc/59ZHWq13/ico-f-cocina.png" >PlayMedia(&quot;http://sansat.net:25461/jack0211m67/9o6YzdEv0p/15011&quot;)</favourite>

	<!-- <favourite name="National Geographic [sansat]"  thumb="https://i.postimg.cc/Y904MdhX/ico_f_natgeo.png" >PlayMedia(&quot;4866&quot;)</favourite> -->
	<favourite name="National Geographic HD [sansat]"  thumb="https://i.postimg.cc/Y904MdhX/ico_f_natgeo.png" >PlayMedia(&quot;http://sansat.net:25461/jack0211m67/9o6YzdEv0p/14960&quot;)</favourite>

	<favourite name="Nat Geo Wild  [sansat]"  thumb="https://i.postimg.cc/TPRLHdGv/ico_f_natgeo_wild.png" >PlayMedia(&quot;http://sansat.net:25461/jack0211m67/9o6YzdEv0p/14958&quot;)</favourite>
	<!-- <favourite name="Nat Geo Wild HD [sansat]"  thumb="https://i.postimg.cc/TPRLHdGv/ico_f_natgeo_wild.png" >PlayMedia(&quot;4864&quot;)</favourite> -->

	<favourite name="Historia [sansat]"  thumb="https://i.postimg.cc/jSqtpLWc/ico_f_historia.png" >PlayMedia(&quot;http://sansat.net:25461/jack0211m67/9o6YzdEv0p/14961&quot;)</favourite>

	<favourite name="Discovery Channel [sansat]"  thumb="https://i.postimg.cc/4yhT19S4/ico-f-discovery.png" >PlayMedia(&quot;http://sansat.net:25461/jack0211m67/9o6YzdEv0p/14962&quot;)</favourite>

	<favourite name="Odisea [sansat]"  thumb="https://i.postimg.cc/Kjd39tc0/ico_f_odisea.png" >PlayMedia(&quot;http://sansat.net:25461/jack0211m67/9o6YzdEv0p/15009&quot;)</favourite>

	<!-- <favourite name="Viajar [sansat]"  thumb="https://i.postimg.cc/jC0C6Kv9/ico_f_viajar.png" >PlayMedia(&quot;4871&quot;)</favourite> -->
	<favourite name="Viajar HD [sansat]"  thumb="https://i.postimg.cc/jC0C6Kv9/ico_f_viajar.png" >PlayMedia(&quot;http://sansat.net:25461/jack0211m67/9o6YzdEv0p/14954&quot;)</favourite>

	<!-- <favourite name="Caza y Pesca [sansat]"  thumb="https://i.postimg.cc/SxGj9B9T/ico-f-caza-y-pesca.png" >PlayMedia(&quot;4876&quot;)</favourite> -->
	<favourite name="Caza y Pesca HD [sansat]"  thumb="https://i.postimg.cc/SxGj9B9T/ico-f-caza-y-pesca.png" >PlayMedia(&quot;http://sansat.net:25461/jack0211m67/9o6YzdEv0p/15007&quot;)</favourite>


	<favourite name="Blaze [sansat]"  thumb="https://i.postimg.cc/1zwS66b9/ico_f_blaze.png" >PlayMedia(&quot;http://sansat.net:25461/jack0211m67/9o6YzdEv0p/15013&quot;)</favourite>

	<favourite name="Crimen & Investigación [sansat]"  thumb="https://i.postimg.cc/1RNtBn6N/ico-f-c-i.png" >PlayMedia(&quot;http://sansat.net:25461/jack0211m67/9o6YzdEv0p/15004&quot;)</favourite>

	<favourite name="Decasa [sansat]"  thumb="https://i.postimg.cc/Qx1F89dr/ico-f-decasa.png" >PlayMedia(&quot;http://sansat.net:25461/jack0211m67/9o6YzdEv0p/15010&quot;)</favourite>




	<!--  Música  ////////////////////////////////////////////////////////////////////// -->


	<!-- <favourite name="MTV España [sansat]"  thumb="https://i.postimg.cc/HnP9TJYM/ico_f_mtv.png" >PlayMedia(&quot;4893&quot;)</favourite> -->
	
	<!-- <favourite name="MTV UK [sansat]"  thumb="https://i.postimg.cc/MZL9FbjZ/ico_f_mtv_uk.png" >PlayMedia(&quot;8993&quot;)</favourite> -->

	<favourite name="MTV USA [sansat]"  thumb="https://i.postimg.cc/KjCQ3xy3/ico_f_amtv.png" >PlayMedia(&quot;http://sansat.net:25461/jack0211m67/9o6YzdEv0p/23683&quot;)</favourite>
	
	<favourite name="MTV India [sansat]"  thumb="https://i.postimg.cc/kG2f5DLd/ico_f_mtv_india.png" >PlayMedia(&quot;http://sansat.net:25461/jack0211m67/9o6YzdEv0p/23995&quot;)</favourite>

	<!-- <favourite name="MTV Music UK [sansat]"  thumb="https://i.postimg.cc/MTK9h9DH/ico_f_mtv_music.png" >PlayMedia(&quot;8988&quot;)</favourite> -->
	
	<favourite name="MTV Hits [84]"  thumb="https://i.postimg.cc/V6mRgQZJ/ico_f_mtv_hits.png" >PlayMedia(&quot;http://sansat.net:25461/jack0211m67/9o6YzdEv0p/8186&quot;)</favourite>

	<favourite name="MTV Rocks [sansat]"  thumb="https://i.postimg.cc/Dw4Bycbw/ico_f_mtv_rocks.png" >PlayMedia(&quot;http://sansat.net:25461/jack0211m67/9o6YzdEv0p/14963&quot;)</favourite>

	<!-- <favourite name="MTV Base UK [sansat]"  thumb="https://i.postimg.cc/G3MQFfFp/ico_f_mtv_base.png" >PlayMedia(&quot;8992&quot;)</favourite> -->

	<!-- <favourite name="MTV Classic UK [sansat]"  thumb="https://i.postimg.cc/63ch1jFY/ico_f_mtv_classic.png" >PlayMedia(&quot;8991&quot;)</favourite> -->

	<favourite name="MTV Live HD [sansat]"  thumb="https://i.postimg.cc/wBKFtshc/ico_f_mtv_live.png" >PlayMedia(&quot;http://sansat.net:25461/jack0211m67/9o6YzdEv0p/32708&quot;)</favourite>

	
	<favourite name="VH1 [sansat]"  thumb="https://i.postimg.cc/5NLShtcX/ico_f_vh1.png" >PlayMedia(&quot;http://sansat.net:25461/jack0211m67/9o6YzdEv0p/14955&quot;)</favourite>
	
	<favourite name="VH1 Classic [sansat]"  thumb="https://i.postimg.cc/zBtx5Ttj/ico_f_vh1_classic_alt.png" >PlayMedia(&quot;http://sansat.net:25461/jack0211m67/9o6YzdEv0p/36812&quot;)</favourite>
	
	<favourite name="Mezzo [sansat]"  thumb="https://i.postimg.cc/VNrQwMzq/ico_f_mezzo.png" >PlayMedia(&quot;http://sansat.net:25461/jack0211m67/9o6YzdEv0p/6712&quot;)</favourite>

	<favourite name="Mezzo Live HD [sansat]"  thumb="https://i.postimg.cc/3wsMxRwP/ico_f_mezzo_live_hd.png" >PlayMedia(&quot;http://sansat.net:25461/jack0211m67/9o6YzdEv0p/14964&quot;)</favourite>

	<favourite name="Stingray Classica [sansat]"  thumb="https://i.postimg.cc/xT2zby7d/ico_f_stingray_classica.png" >PlayMedia(&quot;http://sansat.net:25461/jack0211m67/9o6YzdEv0p/15006&quot;)</favourite>

	
	


	<!-- Noticias  ////////////////////////////////////////////////////////////////////// -->


	<favourite name="24 Horas [sansat]"  thumb="https://i.postimg.cc/RZxvXgmk/ico-f-24h.png" >PlayMedia(&quot;http://sansat.net:25461/jack0211m67/9o6YzdEv0p/15033&quot;)</favourite>

	<favourite name="CNN [sansat]"  thumb="https://i.postimg.cc/85cGj3d6/ico-f-cnn.png" >PlayMedia(&quot;http://sansat.net:25461/jack0211m67/9o6YzdEv0p/8204&quot;)</favourite>

	<favourite name="BBC Wold News [sansat]"  thumb="https://i.postimg.cc/ZK4WqYBB/ico-f-bbc-news.png" >PlayMedia(&quot;http://sansat.net:25461/jack0211m67/9o6YzdEv0p/36973&quot;)</favourite>

	<favourite name="CNBC Europe [sansat]"  thumb="https://i.postimg.cc/JhGDWTyp/ico-f-cnbc.png" >PlayMedia(&quot;http://sansat.net:25461/jack0211m67/9o6YzdEv0p/23713&quot;)</favourite>

	<favourite name="Fox News [sansat]"  thumb="https://i.postimg.cc/zXLqZvny/ico-f-foxnews.png" >PlayMedia(&quot;http://sansat.net:25461/jack0211m67/9o6YzdEv0p/15024&quot;)</favourite>

	<favourite name="Russia Today (Español) [sansat]"  thumb="https://i.postimg.cc/rssMpF3Y/ico-f-rusia-today.png" >PlayMedia(&quot;http://sansat.net:25461/jack0211m67/9o6YzdEv0p/21800&quot;)</favourite>



	
	
</favourites>