<favourites>
	<favourite name="Limpiar Caché" thumb="https://i.postimg.cc/W1mqnDB7/ico-f-osmc.png">PlayMedia(&quot;plugin://plugin.program.indigo/?url=&amp;mode=clear_cache&amp;name=Clear+Cache++-+%5BCOLOR+blue%5D83.14+KB%5B%2FCOLOR%5D&amp;fanart=%2Fhome%2Fosmc%2F.kodi%2Faddons%2Fplugin.program.indigo%2Fart%2Ffanart.jpg&amp;sf_options=fanart%3Dspecial%3A%2F%2Fhome%2Faddons%2Fplugin.program.indigo%2Fart%2Ffanart.jpg%26meta%3Dplot%253DClear%252Byour%252Bdevice%252Bcache%252521%2526votes%253D0%2526label%253DClear%252BCache%252B%252B-%252B%25255BCOLOR%252Bblue%25255D83.14%252BKB%25255B%25252FCOLOR%25255D%2526title%253DClear%252BCache%252B%252B-%252B%25255BCOLOR%252Bblue%25255D83.14%252BKB%25255B%25252FCOLOR%25255D%26winID%3D10040%26desc%3DClear+your+device+cache%21%26_options_sf&quot;)</favourite>
	<favourite name="Borrar Imágenes" thumb="https://i.postimg.cc/W1mqnDB7/ico-f-osmc.png">PlayMedia(&quot;plugin://plugin.program.indigo/?url=&amp;mode=clear_thumbs&amp;name=Delete+Thumbnails++-+%5BCOLOR+blue%5D12.49+MB%5B%2FCOLOR%5D&amp;fanart=%2Fhome%2Fosmc%2F.kodi%2Faddons%2Fplugin.program.indigo%2Fart%2Ffanart.jpg&amp;sf_options=fanart%3Dspecial%3A%2F%2Fhome%2Faddons%2Fplugin.program.indigo%2Fart%2Ffanart.jpg%26meta%3Dplot%253DDelete%252Byour%252BThumbnail%252Bcache%252521%2526votes%253D0%2526label%253DDelete%252BThumbnails%252B%252B-%252B%25255BCOLOR%252Bblue%25255D12.49%252BMB%25255B%25252FCOLOR%25255D%2526title%253DDelete%252BThumbnails%252B%252B-%252B%25255BCOLOR%252Bblue%25255D12.49%252BMB%25255B%25252FCOLOR%25255D%26winID%3D10040%26desc%3DDelete+your+Thumbnail+cache%21%26_options_sf&quot;)</favourite>
	<favourite name="Borrar Paquetes" thumb="https://i.postimg.cc/W1mqnDB7/ico-f-osmc.png">PlayMedia(&quot;plugin://plugin.program.indigo/?url=&amp;mode=purge_packages&amp;name=Delete+Packages++-+%5BCOLOR+blue%5D3.27+MB%5B%2FCOLOR%5D&amp;fanart=%2Fhome%2Fosmc%2F.kodi%2Faddons%2Fplugin.program.indigo%2Fart%2Ffanart.jpg&amp;sf_options=fanart%3Dspecial%3A%2F%2Fhome%2Faddons%2Fplugin.program.indigo%2Fart%2Ffanart.jpg%26meta%3Dplot%253DDelete%252Byour%252Baddon%252Binstallation%252Bfiles%252521%2526votes%253D0%2526label%253DDelete%252BPackages%252B%252B-%252B%25255BCOLOR%252Bblue%25255D3.27%252BMB%25255B%25252FCOLOR%25255D%2526title%253DDelete%252BPackages%252B%252B-%252B%25255BCOLOR%252Bblue%25255D3.27%252BMB%25255B%25252FCOLOR%25255D%26winID%3D10040%26desc%3DDelete+your+addon+installation+files%21%26_options_sf&quot;)</favourite>
	<favourite name="Recargar Skin" thumb="https://i.postimg.cc/W1mqnDB7/ico-f-osmc.png">PlayMedia(&quot;plugin://plugin.program.indigo/?url=&amp;mode=reloadskin&amp;name=Reload+Current+Skin&amp;fanart=%2Fhome%2Fosmc%2F.kodi%2Faddons%2Fplugin.program.indigo%2Fart%2Ffanart.jpg&amp;sf_options=fanart%3Dspecial%3A%2F%2Fhome%2Faddons%2Fplugin.program.indigo%2Fart%2Ffanart.jpg%26meta%3Dplot%253DReload%252Bthe%252Bskin%252521%2526votes%253D0%2526label%253DReload%252BCurrent%252BSkin%2526title%253DReload%252BCurrent%252BSkin%26winID%3D10040%26desc%3DReload+the+skin%21%26_options_sf&quot;)</favourite>
	<favourite name="Mantenimiento" thumb="https://i.postimg.cc/W1mqnDB7/ico-f-osmc.png">ActivateWindow(10025,&quot;plugin://plugin.program.indigo/?mode=call_maintool&amp;name=Maintenance%20Tools&amp;thumb=%2fhome%2fosmc%2f.kodi%2faddons%2fplugin.program.indigo%2fart%2fmaintool.png&amp;url&amp;sf_options=fanart%3Dspecial%3A%2F%2Fhome%2Faddons%2Fplugin.program.indigo%2Fart%2Ffanart.jpg%26meta%3Dplot%253DKeep%252Byour%252BKodi%252Bsetup%252Brunning%252Bat%252Boptimum%252Bperformance%252521%2526votes%253D0%2526label%253DMaintenance%252BTools%2526title%253DMaintenance%252BTools%26desc%3DKeep+your+Kodi+setup+running+at+optimum+performance%21%26_options_sf&quot;,return)</favourite>
	
</favourites>