<favourites>

	<favourite name="Portada [mysat]"  thumb="https://i.postimg.cc/W1mqnDB7/ico-f-osmc.png" >PlayMedia(&quot;http://mysatiptv.ddns.net:2010/1:0:1:759C:422:1:C00000:0:0:0:&quot;)</favourite>




	<!--  TDT 1  ////////////////////////////////////////////////////////////////////// -->


	<favourite name="La 1 [mysat]"  thumb="https://i.postimg.cc/9XTmZ35d/ico_f_la1.png" >PlayMedia(&quot;http://mysatiptv.ddns.net:2010/1:0:1:77C0:40A:1:C00000:0:0:0:&quot;)</favourite>
	<favourite name="La 1 HD [mysat]"  thumb="https://i.postimg.cc/9XTmZ35d/ico_f_la1.png" >PlayMedia(&quot;http://mysatiptv.ddns.net:2010/1:0:19:7863:41A:1:C00000:0:0:0:&quot;)</favourite>
	
	<favourite name="La 2 [mysat]"  thumb="https://i.postimg.cc/PJmdjDz3/ico_f_la2.png" >PlayMedia(&quot;http://mysatiptv.ddns.net:2010/1:0:1:77C2:40A:1:C00000:0:0:0:&quot;)</favourite>

	<favourite name="Antena 3 [mysat]"  thumb="https://i.postimg.cc/W4jbbXfG/ico-f-antena3.png" >PlayMedia(&quot;http://mysatiptv.ddns.net:2010/1:0:1:7604:408:1:C00000:0:0:0:&quot;)</favourite>
	<favourite name="Antena 3 HD [mysat]"  thumb="https://i.postimg.cc/W4jbbXfG/ico-f-antena3.png" >PlayMedia(&quot;http://mysatiptv.ddns.net:2010/1:0:19:7534:426:1:C00000:0:0:0:&quot;)</favourite>

	<favourite name="Cuatro [mysat]"  thumb="https://i.postimg.cc/QNBBznLC/ico-f-cuatro.png" >PlayMedia(&quot;http://mysatiptv.ddns.net:2010/1:0:1:77C7:40A:1:C00000:0:0:0:&quot;)</favourite>
	<favourite name="Cuatro HD [mysat]"  thumb="https://i.postimg.cc/QNBBznLC/ico-f-cuatro.png" >PlayMedia(&quot;http://mysatiptv.ddns.net:2010/1:0:19:7535:426:1:C00000:0:0:0:&quot;)</favourite>

	<favourite name="Telecinco [mysat]"  thumb="https://i.postimg.cc/hvxVR25k/ico_f_telecinco.png" >PlayMedia(&quot;http://mysatiptv.ddns.net:2010/1:0:1:77c3:40a:1:c00000:0:0:0:&quot;)</favourite>
	<favourite name="Telecinco HD [mysat]"  thumb="https://i.postimg.cc/hvxVR25k/ico_f_telecinco.png" >PlayMedia(&quot;http://mysatiptv.ddns.net:2010/1:0:19:7536:426:1:C00000:0:0:0:&quot;)</favourite>

	<favourite name="La Sexta [mysat]"  thumb="https://i.postimg.cc/R0DSQ4ZR/ico_f_lasexta.png" >PlayMedia(&quot;http://mysatiptv.ddns.net:2010/1:0:1:77BF:40A:1:C00000:0:0:0:&quot;)</favourite>
	<favourite name="La Sexta HD [mysat]"  thumb="https://i.postimg.cc/R0DSQ4ZR/ico_f_lasexta.png" >PlayMedia(&quot;http://mysatiptv.ddns.net:2010/1:0:19:7537:426:1:C00000:0:0:0:&quot;)</favourite>




	<!--  Movistar+ Cine   ////////////////////////////////////////////////////////////////////// -->


	<favourite name="#0 [mysat]"  thumb="https://i.postimg.cc/cCVdqmn8/ico-f-0.png" >PlayMedia(&quot;http://mysatiptv.ddns.net:2010/1:0:1:7478:3F0:1:C00000:0:0:0:&quot;)</favourite>
	<favourite name="#0 HD [mysat]"  thumb="https://i.postimg.cc/cCVdqmn8/ico-f-0.png" >PlayMedia(&quot;http://mysatiptv.ddns.net:2010/1:0:19:788C:414:1:C00000:0:0:0:&quot;)</favourite>

	<favourite name="Movistar+ Estrenos [mysat]"  thumb="https://i.postimg.cc/Y9KVwsn7/ico_f_m_estrenos.png" >PlayMedia(&quot;http://mysatiptv.ddns.net:2010/1:0:1:76C0:40E:1:C00000:0:0:0:&quot;)</favourite>
	<favourite name="Movistar+ Estrenos HD [mysat]"  thumb="https://i.postimg.cc/Y9KVwsn7/ico_f_m_estrenos.png" >PlayMedia(&quot;http://mysatiptv.ddns.net:2010/1:0:19:74D5:3F8:1:C00000:0:0:0:&quot;)</favourite>

	<favourite name="Movistar+ CineDoc&Roll [mysat]"  thumb="https://i.postimg.cc/wxmNMTqg/ico_f_m_cinedoc&roll.png" >PlayMedia(&quot;http://mysatiptv.ddns.net:2010/1:0:1:77C6:40A:1:C00000:0:0:0:&quot;)</favourite>
	<favourite name="Movistar+ CineDoc&Roll HD [mysat]"  thumb="https://i.postimg.cc/wxmNMTqg/ico_f_m_cinedoc&roll.png" >PlayMedia(&quot;http://mysatiptv.ddns.net:2010/1:0:19:74D8:3F8:1:C00000:0:0:0:&quot;)</favourite>

	<favourite name="Movistar+ Acción [mysat]"  thumb="https://i.postimg.cc/kgwXGxrL/ico_f_m_accion.png" >PlayMedia(&quot;http://mysatiptv.ddns.net:2010/1:0:1:746C:3F0:1:C00000:0:0:0:&quot;)</favourite>
	<favourite name="Movistar+ Acción HD [mysat]"  thumb="https://i.postimg.cc/kgwXGxrL/ico_f_m_accion.png" >PlayMedia(&quot;http://mysatiptv.ddns.net:2010/1:0:19:7509:420:1:C00000:0:0:0:&quot;)</favourite>

	<favourite name="Movistar+ Comedia [mysat]"  thumb="https://i.postimg.cc/gkST0JSN/ico_f_m_comedia.png" >PlayMedia(&quot;http://mysatiptv.ddns.net:2010/1:0:1:746D:3F0:1:C00000:0:0:0:&quot;)</favourite>
	<favourite name="Movistar+ Comedia HD [mysat]"  thumb="https://i.postimg.cc/gkST0JSN/ico_f_m_comedia.png" >PlayMedia(&quot;http://mysatiptv.ddns.net:2010/1:0:19:7857:41A:1:C00000:0:0:0:&quot;)</favourite>

	<favourite name="Movistar+ Drama [mysat]"  thumb="https://i.postimg.cc/wj6RwXhj/ico_f_m_drama.png" >PlayMedia(&quot;http://mysatiptv.ddns.net:2010/1:0:1:746E:3F0:1:C00000:0:0:0:&quot;)</favourite>
	<favourite name="Movistar+ Drama HD [mysat]"  thumb="https://i.postimg.cc/wj6RwXhj/ico_f_m_drama.png" >PlayMedia(&quot;http://mysatiptv.ddns.net:2010/1:0:19:750B:420:1:C00000:0:0:0:&quot;)</favourite>

	<favourite name="Movistar+ Cine Ñ [mysat]"  thumb="https://i.postimg.cc/SxmxmgPW/ico_f_m_cine_ñ.png" >PlayMedia(&quot;http://mysatiptv.ddns.net:2010/1:0:1:7736:416:1:C00000:0:0:0:&quot;)</favourite>

	<favourite name="Movistar+ Disney [mysat]"  thumb="https://i.postimg.cc/sx3NMZC0/ico-f-m-disney.png" >PlayMedia(&quot;http://mysatiptv.ddns.net:2010/1:0:1:749D:41C:1:C00000:0:0:0:&quot;)</favourite>

	<favourite name="Movistar+ Series [mysat]"  thumb="https://i.postimg.cc/NFxZDkxc/ico_f_m_series.png" >PlayMedia(&quot;http://mysatiptv.ddns.net:2010/1:0:1:7696:41E:1:C00000:0:0:0:&quot;)</favourite>
	<favourite name="Movistar+ Series HD [mysat]"  thumb="https://i.postimg.cc/NFxZDkxc/ico_f_m_series.png" >PlayMedia(&quot;http://mysatiptv.ddns.net:2010/1:0:19:7882:414:1:C00000:0:0:0:&quot;)</favourite>

	<favourite name="Movistar+ Seriesmania [mysat]"  thumb="https://i.postimg.cc/jdY7702N/ico_f_m_seriesmania.png" >PlayMedia(&quot;http://mysatiptv.ddns.net:2010/1:0:1:76CA:40E:1:C00000:0:0:0:&quot;)</favourite>
	<favourite name="Movistar+ Seriesmania HD [mysat]"  thumb="https://i.postimg.cc/jdY7702N/ico_f_m_seriesmania.png" >PlayMedia(&quot;http://mysatiptv.ddns.net:2010/1:0:19:78B6:3EC:1:C00000:0:0:0:&quot;)</favourite>




	<!--  Cine y Entretenimiento  ////////////////////////////////////////////////////////////////////// -->


	<favourite name="Comedy Central [mysat]"  thumb="https://i.postimg.cc/RV6DJdtY/ico-f-comedy-central-2018-alt.png" >PlayMedia(&quot;http://mysatiptv.ddns.net:2010/1:0:1:76C8:40E:1:C00000:0:0:0:&quot;)</favourite>
	<favourite name="Comedy Central HD [mysat]"  thumb="https://i.postimg.cc/RV6DJdtY/ico-f-comedy-central-2018-alt.png" >PlayMedia(&quot;http://mysatiptv.ddns.net:2010/1:0:19:78C0:3EC:1:C00000:0:0:0:&quot;)</favourite>

	<favourite name="AMC [mysat]"  thumb="https://i.postimg.cc/wMt9bP7p/ico-f-amc.png" >PlayMedia(&quot;http://mysatiptv.ddns.net:2010/1:0:1:76CF:40E:1:C00000:0:0:0:&quot;)</favourite>
	<favourite name="AMC HD [mysat]"  thumb="https://i.postimg.cc/wMt9bP7p/ico-f-amc.png" >PlayMedia(&quot;http://mysatiptv.ddns.net:2010/1:0:19:7533:426:1:C00000:0:0:0:&quot;)</favourite>

	<favourite name="TNT [mysat]"  thumb="https://i.postimg.cc/GmjJpSmr/ico_f_tnt.png" >PlayMedia(&quot;http://mysatiptv.ddns.net:2010/1:0:1:77C9:40A:1:C00000:0:0:0:&quot;)</favourite>
	<favourite name="TNT HD [mysat]"  thumb="https://i.postimg.cc/GmjJpSmr/ico_f_tnt.png" >PlayMedia(&quot;http://mysatiptv.ddns.net:2010/1:0:19:7888:414:1:C00000:0:0:0:&quot;)</favourite>

	<favourite name="Fox [mysat]"  thumb="https://i.postimg.cc/Qt73Q7P8/ico-f-fox.png" >PlayMedia(&quot;http://mysatiptv.ddns.net:2010/1:0:1:746F:3F0:1:C00000:0:0:0:&quot;)</favourite>
	<favourite name="Fox HD [mysat]"  thumb="https://i.postimg.cc/Qt73Q7P8/ico-f-fox.png" >PlayMedia(&quot;http://mysatiptv.ddns.net:2010/1:0:19:7504:420:1:C00000:0:0:0:&quot;)</favourite>

	<favourite name="Canal Hollywood [mysat]"  thumb="https://i.postimg.cc/VLWzZjN5/ico_f_hollywood.png" >PlayMedia(&quot;http://mysatiptv.ddns.net:2010/1:0:1:77C1:40A:1:C00000:0:0:0:&quot;)</favourite>
	<favourite name="Canal Hollywood HD [mysat]"  thumb="https://i.postimg.cc/VLWzZjN5/ico_f_hollywood.png" >PlayMedia(&quot;http://mysatiptv.ddns.net:2010/1:0:19:750C:420:1:C00000:0:0:0:&quot;)</favourite>

	<favourite name="AXN [mysat]"  thumb="https://i.postimg.cc/9MQmyz2z/ico-f-axn.png" >PlayMedia(&quot;http://mysatiptv.ddns.net:2010/1:0:1:7477:3F0:1:C00000:0:0:0:&quot;)</favourite>
	<favourite name="AXN HD [mysat]"  thumb="https://i.postimg.cc/9MQmyz2z/ico-f-axn.png" >PlayMedia(&quot;http://mysatiptv.ddns.net:2010/1:0:19:7856:41A:1:C00000:0:0:0:&quot;)</favourite>

	<favourite name="Calle 13 [mysat]"  thumb="https://i.postimg.cc/gJx0frTQ/ico-f-calle13.png" >PlayMedia(&quot;http://mysatiptv.ddns.net:2010/1:0:1:7790:424:1:C00000:0:0:0:&quot;)</favourite>
	<favourite name="Calle 13 HD [mysat]"  thumb="https://i.postimg.cc/gJx0frTQ/ico-f-calle13.png" >PlayMedia(&quot;http://mysatiptv.ddns.net:2010/1:0:19:7824:428:1:C00000:0:0:0:&quot;)</favourite>

	<favourite name="SyFy [mysat]"  thumb="https://i.postimg.cc/YqK1zw4M/ico_f_syfy.png" >PlayMedia(&quot;http://mysatiptv.ddns.net:2010/1:0:1:7796:424:1:C00000:0:0:0:&quot;)</favourite>
	<favourite name="SyFy HD [mysat]"  thumb="https://i.postimg.cc/YqK1zw4M/ico_f_syfy.png" >PlayMedia(&quot;http://mysatiptv.ddns.net:2010/1:0:19:74CD:3F8:1:C00000:0:0:0:&quot;)</favourite>

	<favourite name="TCM [mysat]"  thumb="https://i.postimg.cc/90js4hSr/ico_f_tcm-2019.png" >PlayMedia(&quot;http://mysatiptv.ddns.net:2010/1:0:1:76C7:40E:1:C00000:0:0:0:&quot;)</favourite>
	<favourite name="TCM HD [mysat]"  thumb="https://i.postimg.cc/90js4hSr/ico_f_tcm-2019.png" >PlayMedia(&quot;http://mysatiptv.ddns.net:2010/1:0:19:7885:414:1:C00000:0:0:0:&quot;)</favourite>

	<favourite name="Fox Life [mysat]"  thumb="https://i.postimg.cc/yNtK3jLp/ico-f-foxlife.png" >PlayMedia(&quot;http://mysatiptv.ddns.net:2010/1:0:1:7468:3F0:1:C00000:0:0:0:&quot;)</favourite>
	<favourite name="Fox Life HD [mysat]"  thumb="https://i.postimg.cc/yNtK3jLp/ico-f-foxlife.png" >PlayMedia(&quot;http://mysatiptv.ddns.net:2010/1:0:19:78B5:3EC:1:C00000:0:0:0:&quot;)</favourite>

	<favourite name="AXN White [mysat]"  thumb="https://i.postimg.cc/CL3x9FG6/ico-f-axn-white.png" >PlayMedia(&quot;http://mysatiptv.ddns.net:2010/1:0:1:7471:3F0:1:C00000:0:0:0:&quot;)</favourite>
	<favourite name="AXN White HD [mysat]"  thumb="https://i.postimg.cc/CL3x9FG6/ico-f-axn-white.png" >PlayMedia(&quot;http://mysatiptv.ddns.net:2010/1:0:19:74DB:3F8:1:C00000:0:0:0:&quot;)</favourite>

	<favourite name="Cosmo [mysat]"  thumb="https://i.postimg.cc/vZyccY4x/ico-f-cosmo.png" >PlayMedia(&quot;http://mysatiptv.ddns.net:2010/1:0:1:7730:416:1:C00000:0:0:0:&quot;)</favourite>
	<favourite name="Cosmo HD [mysat]"  thumb="https://i.postimg.cc/vZyccY4x/ico-f-cosmo.png" >PlayMedia(&quot;http://mysatiptv.ddns.net:2010/1:0:19:78B8:3EC:1:C00000:0:0:0:&quot;)</favourite>

	<favourite name="Sundance [mysat]"  thumb="https://i.postimg.cc/cLdwPMMz/ico_f_sundance.png" >PlayMedia(&quot;http://mysatiptv.ddns.net:2010/1:0:1:76A5:41E:1:C00000:0:0:0:&quot;)</favourite>

	


	<!--  Deportes  ////////////////////////////////////////////////////////////////////// -->


	<favourite name="#Vamos [mysat]"  thumb="https://i.postimg.cc/DZp9PZ5w/ico_f_m__vamos.png" >PlayMedia(&quot;http://mysatiptv.ddns.net:2010/1:0:1:760C:408:1:C00000:0:0:0:&quot;)</favourite>
	<favourite name="#Vamos HD [mysat]"  thumb="https://i.postimg.cc/DZp9PZ5w/ico_f_m__vamos.png" >PlayMedia(&quot;http://mysatiptv.ddns.net:2010/1:0:19:74D6:3F8:1:C00000:0:0:0:&quot;)</favourite>

	<favourite name="M+ Partidazo [mysat]"  thumb="https://i.postimg.cc/ncHyzNHc/ico_f_m_partidazo.png" >PlayMedia(&quot;http://mysatiptv.ddns.net:2010/1:0:1:769C:41E:1:C00000:0:0:0:&quot;)</favourite>
	<favourite name="M+ Partidazo HD [mysat]"  thumb="https://i.postimg.cc/ncHyzNHc/ico_f_m_partidazo.png" >PlayMedia(&quot;http://mysatiptv.ddns.net:2010/1:0:19:785F:41A:1:C00000:0:0:0:&quot;)</favourite>
	
	<favourite name="beIN LaLiga [mysat]"  thumb="https://i.postimg.cc/HswLGq6Y/ico-f-bein-laliga.png" >PlayMedia(&quot;http://mysatiptv.ddns.net:2010/1:0:1:7797:424:1:C00000:0:0:0:&quot;)</favourite>
	<favourite name="beIN LaLiga HD [mysat]"  thumb="https://i.postimg.cc/HswLGq6Y/ico-f-bein-laliga.png" >PlayMedia(&quot;http://mysatiptv.ddns.net:2010/1:0:19:750F:420:1:C00000:0:0:0:&quot;)</favourite>
	
	<favourite name="LaLiga TV [mysat]"  thumb="https://i.postimg.cc/d3MJp6dZ/ico_f_laligatv.png" >PlayMedia(&quot;http://mysatiptv.ddns.net:2010/1:0:1:7793:424:1:C00000:0:0:0:&quot;)</favourite>
	<favourite name="LaLiga TV HD [mysat]"  thumb="https://i.postimg.cc/d3MJp6dZ/ico_f_laligatv.png" >PlayMedia(&quot;http://mysatiptv.ddns.net:2010/1:0:19:7859:41A:1:C00000:0:0:0:&quot;)</favourite>
	
	<favourite name="LaLiga 123 [mysat]"  thumb="https://i.postimg.cc/85f1Z9FV/ico-f-liga123.png" >PlayMedia(&quot;http://mysatiptv.ddns.net:2010/1:0:1:76C5:40E:1:C00000:0:0:0:&quot;)</favourite>
	
	<favourite name="M+ Liga de Campeones [mysat]"  thumb="https://i.postimg.cc/sXcJLYBS/ico-f-liga-campeones.png" >PlayMedia(&quot;http://mysatiptv.ddns.net:2010/1:0:1:757B:412:1:C00000:0:0:0:&quot;)</favourite>
	<favourite name="M+ Liga de Campeones HD [mysat]"  thumb="https://i.postimg.cc/sXcJLYBS/ico-f-liga-campeones.png" >PlayMedia(&quot;http://mysatiptv.ddns.net:2010/1:0:19:78B4:3EC:1:C00000:0:0:0:&quot;)</favourite>
	
	<favourite name="M+ Liga de Campeones 1 [mysat]"  thumb="https://i.postimg.cc/ZRZcj7q4/ico-f-liga-campeones-1.png" >PlayMedia(&quot;http://mysatiptv.ddns.net:2010/1:0:1:769F:41E:1:C00000:0:0:0:&quot;)</favourite>
	<favourite name="M+ Liga de Campeones 1 HD [mysat]"  thumb="https://i.postimg.cc/ZRZcj7q4/ico-f-liga-campeones-1.png" >PlayMedia(&quot;http://mysatiptv.ddns.net:2010/1:0:19:7861:41A:1:C00000:0:0:0:&quot;)</favourite>


	<favourite name="beIN Sports Max HD [mysat]"  thumb="https://i.postimg.cc/MGLQpd4B/ico-f-bein-max.png" >PlayMedia(&quot;http://mysatiptv.ddns.net:2010/1:0:19:74FF:420:1:C00000:0:0:0:&quot;)</favourite>
	
	<favourite name="M+ Formula 1 [mysat]"  thumb="https://i.postimg.cc/QdzwftcH/ico_f_m_formula1.png" >PlayMedia(&quot;http://mysatiptv.ddns.net:2010/1:0:1:74A4:41C:1:C00000:0:0:0:&quot;)</favourite>
	<favourite name="M+ Formula 1 HD [mysat]"  thumb="https://i.postimg.cc/QdzwftcH/ico_f_m_formula1.png" >PlayMedia(&quot;http://mysatiptv.ddns.net:2010/1:0:19:7531:426:1:C00000:0:0:0:&quot;)</favourite>
	
	<favourite name="M+ Deportes [mysat]"  thumb="https://i.postimg.cc/VkWgqS3C/ico_f_m_deportes.png" >PlayMedia(&quot;http://mysatiptv.ddns.net:2010/1:0:1:778F:424:1:C00000:0:0:0:&quot;)</favourite>
	<favourite name="M+ Deportes HD [mysat]"  thumb="https://i.postimg.cc/VkWgqS3C/ico_f_m_deportes.png" >PlayMedia(&quot;http://mysatiptv.ddns.net:2010/1:0:19:7828:428:1:C00000:0:0:0:&quot;)</favourite>
	
	<favourite name="M+ Golf [mysat]"  thumb="https://i.postimg.cc/15JLNMt0/ico-f-m-golf.png" >PlayMedia(&quot;http://mysatiptv.ddns.net:2010/1:0:1:7789:424:1:C00000:0:0:0:&quot;)</favourite>
	<favourite name="M+ Golf HD [mysat]"  thumb="https://i.postimg.cc/15JLNMt0/ico-f-m-golf.png" >PlayMedia(&quot;http://mysatiptv.ddns.net:2010/1:0:19:78B7:3EC:1:C00000:0:0:0:&quot;)</favourite>
	
	<favourite name="Eurosport 1 [mysat]"  thumb="https://i.postimg.cc/h49nh9TM/ico_f_eurosport1.png" >PlayMedia(&quot;http://mysatiptv.ddns.net:2010/1:0:1:74A1:41C:1:C00000:0:0:0:&quot;)</favourite>
	<favourite name="Eurosport 1 HD [mysat]"  thumb="https://i.postimg.cc/h49nh9TM/ico_f_eurosport1.png" >PlayMedia(&quot;http://mysatiptv.ddns.net:2010/1:0:19:7826:428:1:C00000:0:0:0:&quot;)</favourite>
	
	<favourite name="Eurosport 2 [mysat]"  thumb="https://i.postimg.cc/5yMMn0dw/ico-f-eurosport2.png" >PlayMedia(&quot;http://mysatiptv.ddns.net:2010/1:0:1:760E:408:1:C00000:0:0:0:&quot;)</favourite>
	
	<favourite name="FightBox [mysat]"  thumb="https://i.postimg.cc/FsmrdvQw/ico-f-fight-box.png" >PlayMedia(&quot;http://mysatiptv.ddns.net:2010/1:0:1:36E2:C8C:3:EB0000:0:0:0:&quot;)</favourite>
	
	<favourite name="Barca Tv [mysat]"  thumb="https://i.postimg.cc/3J4wLyvv/ico_f_barcelona_tv.png" >PlayMedia(&quot;http://mysatiptv.ddns.net:2010/1:0:1:74A0:41C:1:C00000:0:0:0:&quot;)</favourite>
	
	<favourite name="Gol TV [mysat]"  thumb="https://i.postimg.cc/rwhMMMxk/ico_f_gol.png" >PlayMedia(&quot;http://mysatiptv.ddns.net:2010/1:0:1:74A3:41C:1:C00000:0:0:0:&quot;)</favourite>
	
	<favourite name="Teledeporte [mysat]"  thumb="https://i.postimg.cc/kXQWjh88/ico_f_tdp.png" >PlayMedia(&quot;http://mysatiptv.ddns.net:2010/1:0:1:76CC:40E:1:C00000:0:0:0:&quot;)</favourite>




	<!--  Documentales  ////////////////////////////////////////////////////////////////////// -->


	<favourite name="Canal Cocina [mysat]"  thumb="https://i.postimg.cc/59ZHWq13/ico-f-cocina.png" >PlayMedia(&quot;http://mysatiptv.ddns.net:2010/1:0:1:76CE:40E:1:C00000:0:0:0:&quot;)</favourite>

	<favourite name="National Geographic [mysat]"  thumb="https://i.postimg.cc/Y904MdhX/ico_f_natgeo.png" >PlayMedia(&quot;http://mysatiptv.ddns.net:2010/1:0:1:77D8:40A:1:C00000:0:0:0:&quot;)</favourite>
	<favourite name="National Geographic HD [mysat]"  thumb="https://i.postimg.cc/Y904MdhX/ico_f_natgeo.png" >PlayMedia(&quot;http://mysatiptv.ddns.net:2010/1:0:19:7829:428:1:C00000:0:0:0:&quot;)</favourite>

	<favourite name="Nat Geo Wild [mysat]"  thumb="https://i.postimg.cc/TPRLHdGv/ico_f_natgeo_wild.png" >PlayMedia(&quot;http://mysatiptv.ddns.net:2010/1:0:1:77D8:40A:1:C00000:0:0:0:&quot;)</favourite>
	<favourite name="Nat Geo Wild HD [mysat]"  thumb="https://i.postimg.cc/TPRLHdGv/ico_f_natgeo_wild.png" >PlayMedia(&quot;http://mysatiptv.ddns.net:2010/1:0:19:7889:414:1:C00000:0:0:0:&quot;)</favourite>

	<favourite name="Historia [mysat]"  thumb="https://i.postimg.cc/jSqtpLWc/ico_f_historia.png" >PlayMedia(&quot;http://mysatiptv.ddns.net:2010/1:0:1:7731:416:1:C00000:0:0:0:&quot;)</favourite>

	<favourite name="Discovery Channel [mysat]"  thumb="https://i.postimg.cc/4yhT19S4/ico-f-discovery.png" >PlayMedia(&quot;http://mysatiptv.ddns.net:2010/1:0:1:772F:416:1:C00000:0:0:0:&quot;)</favourite>

	<favourite name="Odisea [mysat]"  thumb="https://i.postimg.cc/Kjd39tc0/ico_f_odisea.png" >PlayMedia(&quot;http://mysatiptv.ddns.net:2010/1:0:1:778A:424:1:C00000:0:0:0:&quot;)</favourite>

	<favourite name="Viajar [mysat]"  thumb="https://i.postimg.cc/jC0C6Kv9/ico_f_viajar.png" >PlayMedia(&quot;http://mysatiptv.ddns.net:2010/1:0:1:76C9:40E:1:C00000:0:0:0:&quot;)</favourite>
	<favourite name="Viajar HD [mysat]"  thumb="https://i.postimg.cc/jC0C6Kv9/ico_f_viajar.png" >PlayMedia(&quot;http://mysatiptv.ddns.net:2010/1:0:19:74D3:3F8:1:C00000:0:0:0:&quot;)</favourite>

	<favourite name="Caza y Pesca [mysat]"  thumb="https://i.postimg.cc/SxGj9B9T/ico-f-caza-y-pesca.png" >PlayMedia(&quot;http://mysatiptv.ddns.net:2010/1:0:1:772B:416:1:C00000:0:0:0:&quot;)</favourite>
	<favourite name="Caza y Pesca HD [mysat]"  thumb="https://i.postimg.cc/SxGj9B9T/ico-f-caza-y-pesca.png" >PlayMedia(&quot;http://mysatiptv.ddns.net:2010/1:0:19:788D:414:1:C00000:0:0:0:&quot;)</favourite>

	<favourite name="Iberalia [mysat]"  thumb="https://i.postimg.cc/dtYq9Wwz/ico_f_iberalia.png" >PlayMedia(&quot;http://mysatiptv.ddns.net:2010/1:0:1:746a:3f0:1:c00000:0:0:0:&quot;)</favourite>

	<favourite name="Blaze [mysat]"  thumb="https://i.postimg.cc/1zwS66b9/ico_f_blaze.png" >PlayMedia(&quot;http://mysatiptv.ddns.net:2010/1:0:1:772D:416:1:C00000:0:0:0:&quot;)</favourite>

	<favourite name="Crimen & Investigación [mysat]"  thumb="https://i.postimg.cc/1RNtBn6N/ico-f-c-i.png" >PlayMedia(&quot;http://mysatiptv.ddns.net:2010/1:0:1:7732:416:1:C00000:0:0:0:&quot;)</favourite>

	<favourite name="Decasa [mysat]"  thumb="https://i.postimg.cc/Qx1F89dr/ico-f-decasa.png" >PlayMedia(&quot;http://mysatiptv.ddns.net:2010/1:0:1:7795:424:1:C00000:0:0:0:&quot;)</favourite>




	<!--  Música  ////////////////////////////////////////////////////////////////////// -->


	<favourite name="MTV España [mysat]"  thumb="https://i.postimg.cc/HnP9TJYM/ico_f_mtv.png" >PlayMedia(&quot;http://mysatiptv.ddns.net:2010/1:0:1:74A2:41C:1:C00000:0:0:0:&quot;)</favourite>
	
	<favourite name="MTV Dance [mysat]"  thumb="https://i.postimg.cc/5ytmc5V1/ico_f_mtv_dance.png" >PlayMedia(&quot;http://mysatiptv.ddns.net:2010/1:0:1:6FEF:436:1:C00000:0:0:0:&quot;)</favourite>
	
	<favourite name="MTV Hits [mysat]"  thumb="https://i.postimg.cc/V6mRgQZJ/ico_f_mtv_hits.png" >PlayMedia(&quot;http://mysatiptv.ddns.net:2010/1:0:1:6FEE:436:1:C00000:0:0:0:&quot;)</favourite>

	<favourite name="MTV Rocks [mysat]"  thumb="https://i.postimg.cc/Dw4Bycbw/ico_f_mtv_rocks.png" >PlayMedia(&quot;http://mysatiptv.ddns.net:2010/1:0:1:6FF3:436:1:C00000:0:0:0:&quot;)</favourite>

	<favourite name="MTV Live HD [mysat]"  thumb="https://i.postimg.cc/wBKFtshc/ico_f_mtv_live.png" >PlayMedia(&quot;http://mysatiptv.ddns.net:2010/1:0:19:7823:428:1:C00000:0:0:0:&quot;)</favourite>

	<favourite name="VH1 [mysat]"  thumb="https://i.postimg.cc/5NLShtcX/ico_f_vh1.png" >PlayMedia(&quot;http://mysatiptv.ddns.net:2010/1:0:1:1b5a:7da:2:11a0000:0:0:0:&quot;)</favourite>
	
	<favourite name="VH1 Classic [mysat]"  thumb="https://i.postimg.cc/zBtx5Ttj/ico_f_vh1_classic_alt.png" >PlayMedia(&quot;http://mysatiptv.ddns.net:2010/1:0:1:6FF1:436:1:C00000:0:0:0:&quot;)</favourite>
	
	<favourite name="Mezzo [mysat]"  thumb="https://i.postimg.cc/VNrQwMzq/ico_f_mezzo.png" >PlayMedia(&quot;http://mysatiptv.ddns.net:2010/1:0:1:7699:41e:1:c00000:0:0:0:&quot;)</favourite>

	<favourite name="Mezzo Live HD [mysat]"  thumb="https://i.postimg.cc/3wsMxRwP/ico_f_mezzo_live_hd.png" >PlayMedia(&quot;http://mysatiptv.ddns.net:2010/1:0:19:7823:428:1:C00000:0:0:0:&quot;)</favourite>

	<favourite name="Stingray Classica [mysat]"  thumb="https://i.postimg.cc/xT2zby7d/ico_f_stingray_classica.png" >PlayMedia(&quot;http://mysatiptv.ddns.net:2010/1:0:1:7602:408:1:C00000:0:0:0:&quot;)</favourite>

	
	


	<!-- Noticias  ////////////////////////////////////////////////////////////////////// -->


	<favourite name="24 Horas [mysat]"  thumb="https://i.postimg.cc/RZxvXgmk/ico-f-24h.png" >PlayMedia(&quot;http://mysatiptv.ddns.net:2010/1:0:1:7738:416:1:C00000:0:0:0:&quot;)</favourite>

	<favourite name="CNN [mysat]"  thumb="https://i.postimg.cc/85cGj3d6/ico-f-cnn.png" >PlayMedia(&quot;http://mysatiptv.ddns.net:2010/1:0:16:71B:12:70:1680000:0:0:0:&quot;)</favourite>

	<favourite name="BBC Wold News [mysat]"  thumb="https://i.postimg.cc/ZK4WqYBB/ico-f-bbc-news.png" >PlayMedia(&quot;http://mysatiptv.ddns.net:2010/1:0:16:84B:15:70:1680000:0:0:0:&quot;)</favourite>

	<favourite name="CNBC Europe [mysat]"  thumb="https://i.postimg.cc/JhGDWTyp/ico-f-cnbc.png" >PlayMedia(&quot;http://mysatiptv.ddns.net:2010/1:0:1:C6C2:82A:2:11A0000:0:0:0:&quot;)</favourite>

	<favourite name="Fox News [mysat]"  thumb="https://i.postimg.cc/zXLqZvny/ico-f-foxnews.png" >PlayMedia(&quot;http://mysatiptv.ddns.net:2010/1:0:1:749B:41C:1:C00000:0:0:0:&quot;)</favourite>

	<favourite name="Russia Today (Español) [mysat]"  thumb="https://i.postimg.cc/rssMpF3Y/ico-f-rusia-today.png" >PlayMedia(&quot;http://mysatiptv.ddns.net:2010/1:0:1:1b65:3fc:1:c00000:0:0:0:&quot;)</favourite>



	
	
</favourites>