<favourites>
	<favourite name="Limpiar Caché y Rom" thumb="https://i.postimg.cc/k5nyXtjt/ico_f_m_clean.png">PlayMedia(&quot;plugin://script.limpiarkodi/?url=url&amp;mode=1&amp;name=++Limpiar+Cache+y+Rom&amp;sf_options=fanart%3Dspecial%3A%2F%2Fhome%2Faddons%2Fscript.limpiarkodi%2Ffanart.jpg%26meta%3Dvotes%253D0%2526label%253D%252B%252BLimpiar%252BCache%252By%252BRom%2526title%253DLimpiar%252BCache%252By%252BRom%26winID%3D10040%26_options_sf&quot;)</favourite>
	<favourite name="Eliminar Archivos Temporales" thumb="https://i.postimg.cc/SsR7cbbS/ico_f_m_tmp_file.png">PlayMedia(&quot;plugin://script.limpiarkodi/?url=url&amp;mode=3&amp;name=++Eliminar+Temp&amp;sf_options=fanart%3Dspecial%3A%2F%2Fhome%2Faddons%2Fscript.limpiarkodi%2Ffanart.jpg%26meta%3Dvotes%253D0%2526label%253D%252B%252BEliminar%252BTemp%2526title%253DEliminar%252BTemp%26winID%3D10040%26_options_sf&quot;)</favourite>
	<favourite name="Eliminar Paquetes" thumb="https://i.postimg.cc/W1mnv77v/ico_f_m_packages.png">PlayMedia(&quot;plugin://script.limpiarkodi/?url=url&amp;mode=4&amp;name=++Eliminar+Paquetes&amp;sf_options=fanart%3Dspecial%3A%2F%2Fhome%2Faddons%2Fscript.limpiarkodi%2Ffanart.jpg%26meta%3Dvotes%253D0%2526label%253D%252B%252BEliminar%252BPaquetes%2526title%253DEliminar%252BPaquetes%26winID%3D10040%26_options_sf&quot;)</favourite>
	<favourite name="Borrar Imagenes" thumb="https://i.postimg.cc/131H2dwB/ico_f_m_img.png">PlayMedia(&quot;plugin://script.limpiarkodi/?url=url&amp;mode=2&amp;name=++Borrar+Imagenes&amp;sf_options=fanart%3Dspecial%3A%2F%2Fhome%2Faddons%2Fscript.limpiarkodi%2Ffanart.jpg%26meta%3Dvotes%253D0%2526label%253D%252B%252BBorrar%252BImagenes%2526title%253DBorrar%252BImagenes%26winID%3D10040%26_options_sf&quot;)</favourite>
	<favourite name="Limpiar Bibloteca Kodi" thumb="https://i.postimg.cc/rybgCspv/ico_f_m_library.png">PlayMedia(&quot;plugin://script.limpiarkodi/?url=url&amp;mode=12&amp;name=++Limpiar+Bibloteca+Kodi&amp;sf_options=fanart%3Dspecial%3A%2F%2Fhome%2Faddons%2Fscript.limpiarkodi%2Ffanart.jpg%26meta%3Dvotes%253D0%2526label%253D%252B%252BLimpiar%252BBibloteca%252BKodi%2526title%253DLimpiar%252BBibloteca%252BKodi%26winID%3D10040%26_options_sf&quot;)</favourite>
	<favourite name="Compactar Base de Datos" thumb="https://i.postimg.cc/fbcT5VZ5/ico_f_m_bbdd.png">PlayMedia(&quot;plugin://script.limpiarkodi/?url=url&amp;mode=13&amp;name=++Compactar+Base+de+Datos&amp;sf_options=fanart%3Dspecial%3A%2F%2Fhome%2Faddons%2Fscript.limpiarkodi%2Ffanart.jpg%26meta%3Dvotes%253D0%2526label%253D%252B%252BCompactar%252BBase%252Bde%252BDatos%2526title%253DCompactar%252BBase%252Bde%252BDatos%26winID%3D10040%26_options_sf&quot;)</favourite>
	<favourite name="Herramientas" thumb="https://i.postimg.cc/3RqjBf3g/ico_f_m_maintenance.png">ActivateWindow(10001,&quot;plugin://script.limpiarkodi/?mode=18&amp;name=Herramientas&amp;url=url&amp;sf_options=fanart%3Dspecial%3A%2F%2Fhome%2Faddons%2Fscript.limpiarkodi%2Ffanart.jpg%26meta%3Dvotes%253D0%2526label%253DHerramientas%2526title%253DHerramientas%26_options_sf&quot;,return)</favourite>
	<favourite name="Super Favourites" thumb="https://i.postimg.cc/SstsYwmp/ico_f_m_sf.png">ActivateWindow(10140,&quot;plugin://plugin.program.super.favourites&quot;,return)</favourite>
	<!-- ActivateWindow(10025,&quot;plugin://plugin.program.super.favourites?sf_options=fanart%3Dspecial%3A%2F%2Fhome%2Faddons%2Fplugin.program.super.favourites%2Ffanart.jpg%26meta%3Dlabel%253DSuper%252BFavourites%26desc%3DSuper+Favourites+is+a+better+way+of+managing+your+Kodi+Favourites.%5BCR%5D%5BCR%5DVirtually+any+menu+item+within+Kodi+can+be+added+to+Super+Favourites%2C+even+from+addons+that+don%27t+normally+provide+this+feature.%5BCR%5D%5BCR%5DSuper+Favourites+allows+you+to+better+manage+your+Kodi+favourites%2C+including+the+creation+of+sub-folders%2C+into+which+your+Kodi+favourites+can+then+be+copied+or+moved+into.%5BCR%5D%5BCR%5DThis+allows+you+to+create+you+own+custom+addon+with+just+the+best+bits+of+your+favourite+addons.+Search+your+favourite+addons%2C+play+your+favourite+music%2C+read+your+favourite+comic+strips%2C+select+your+favourite+playlists%2C+browse+your+favourite+movies%2C+listen+to+your+favourite+radio+stations%2C+watch+your+favourite+cartoons%2C+the+possibilities+are+endless%2C+all+from+within+one+easy+to+use+addon.%26_options_sf&quot;,return) -->
	<!-- Addon.OpenSettings(id) -->
	
</favourites>