<favourites>





	<!--  TDT 1  ////////////////////////////////////////////////////////////////////// -->


	<favourite name="La 1 HD [speedtvstars]"  thumb="https://i.postimg.cc/9XTmZ35d/ico_f_la1.png" >PlayMedia(&quot;http://speedtvstars.com:25461/PtJ1mh0hpl/bti4WcevWG/5242&quot;)</favourite>
	
	<favourite name="La 2 [speedtvstars]"  thumb="https://i.postimg.cc/PJmdjDz3/ico_f_la2.png" >PlayMedia(&quot;http://speedtvstars.com:25461/PtJ1mh0hpl/bti4WcevWG/5240&quot;)</favourite>

	<favourite name="Antena 3 HD [speedtvstars]"  thumb="https://i.postimg.cc/W4jbbXfG/ico-f-antena3.png" >PlayMedia(&quot;http://speedtvstars.com:25461/PtJ1mh0hpl/bti4WcevWG/5296&quot;)</favourite>

	<favourite name="Cuatro HD [speedtvstars]"  thumb="https://i.postimg.cc/QNBBznLC/ico-f-cuatro.png" >PlayMedia(&quot;http://speedtvstars.com:25461/PtJ1mh0hpl/bti4WcevWG/5268&quot;)</favourite>

	<favourite name="Telecinco HD [speedtvstars]"  thumb="https://i.postimg.cc/hvxVR25k/ico_f_telecinco.png" >PlayMedia(&quot;http://speedtvstars.com:25461/PtJ1mh0hpl/bti4WcevWG/5159&quot;)</favourite>

	<favourite name="La Sexta HD [speedtvstars]"  thumb="https://i.postimg.cc/R0DSQ4ZR/ico_f_lasexta.png" >PlayMedia(&quot;http://speedtvstars.com:25461/PtJ1mh0hpl/bti4WcevWG/5236&quot;)</favourite>




	<!--  Movistar+ Cine   ////////////////////////////////////////////////////////////////////// -->


	<favourite name="#0 HD [speedtvstars]"  thumb="https://i.postimg.cc/cCVdqmn8/ico-f-0.png" >PlayMedia(&quot;http://speedtvstars.com:25461/PtJ1mh0hpl/bti4WcevWG/5305&quot;)</favourite>

	<favourite name="Movistar+ Estrenos HD [speedtvstars]"  thumb="https://i.postimg.cc/Y9KVwsn7/ico_f_m_estrenos.png" >PlayMedia(&quot;http://speedtvstars.com:25461/PtJ1mh0hpl/bti4WcevWG/5205&quot;)</favourite>

	<favourite name="Movistar+ CineDoc&Roll HD [speedtvstars]"  thumb="https://i.postimg.cc/wxmNMTqg/ico_f_m_cinedoc&roll.png" >PlayMedia(&quot;http://speedtvstars.com:25461/PtJ1mh0hpl/bti4WcevWG/5213&quot;)</favourite>

	<favourite name="Movistar+ Acción [speedtvstars]"  thumb="https://i.postimg.cc/kgwXGxrL/ico_f_m_accion.png" >PlayMedia(&quot;http://speedtvstars.com:25461/PtJ1mh0hpl/bti4WcevWG/5219&quot;)</favourite>

	<favourite name="Movistar+ Comedia [speedtvstars]"  thumb="https://i.postimg.cc/gkST0JSN/ico_f_m_comedia.png" >PlayMedia(&quot;http://speedtvstars.com:25461/PtJ1mh0hpl/bti4WcevWG/5212&quot;)</favourite>
	
	<favourite name="Movistar+ Comedia HD [speedtvstars]"  thumb="https://i.postimg.cc/gkST0JSN/ico_f_m_comedia.png" >PlayMedia(&quot;http://speedtvstars.com:25461/PtJ1mh0hpl/bti4WcevWG/5211&quot;)</favourite>

	<favourite name="Movistar+ Drama [speedtvstars]"  thumb="https://i.postimg.cc/wj6RwXhj/ico_f_m_drama.png" >PlayMedia(&quot;http://speedtvstars.com:25461/PtJ1mh0hpl/bti4WcevWG/5208&quot;)</favourite>

	<favourite name="Movistar+ Series HD [speedtvstars]"  thumb="https://i.postimg.cc/NFxZDkxc/ico_f_m_series.png" >PlayMedia(&quot;http://speedtvstars.com:25461/PtJ1mh0hpl/bti4WcevWG/5197&quot;)</favourite>

	<favourite name="Movistar+ Seriesmania HD [speedtvstars]"  thumb="https://i.postimg.cc/jdY7702N/ico_f_m_seriesmania.png" >PlayMedia(&quot;http://speedtvstars.com:25461/PtJ1mh0hpl/bti4WcevWG/5199&quot;)</favourite>




	<!--  Cine y Entretenimiento  ////////////////////////////////////////////////////////////////////// -->


	<favourite name="Comedy Central HD [speedtvstars]"  thumb="https://i.postimg.cc/RV6DJdtY/ico-f-comedy-central-2018-alt.png" >PlayMedia(&quot;http://speedtvstars.com:25461/PtJ1mh0hpl/bti4WcevWG/5272&quot;)</favourite>

	<favourite name="AMC HD [speedtvstars]"  thumb="https://i.postimg.cc/wMt9bP7p/ico-f-amc.png" >PlayMedia(&quot;http://speedtvstars.com:25461/PtJ1mh0hpl/bti4WcevWG/5300&quot;)</favourite>

	<favourite name="TNT HD [speedtvstars]"  thumb="https://i.postimg.cc/GmjJpSmr/ico_f_tnt.png" >PlayMedia(&quot;http://speedtvstars.com:25461/PtJ1mh0hpl/bti4WcevWG/5155&quot;)</favourite>

	<favourite name="Fox HD [speedtvstars]"  thumb="https://i.postimg.cc/Qt73Q7P8/ico-f-fox.png" >PlayMedia(&quot;http://speedtvstars.com:25461/PtJ1mh0hpl/bti4WcevWG/5252&quot;)</favourite>

	<favourite name="Canal Hollywood [speedtvstars]"  thumb="https://i.postimg.cc/VLWzZjN5/ico_f_hollywood.png" >PlayMedia(&quot;http://speedtvstars.com:25461/PtJ1mh0hpl/bti4WcevWG/5307&quot;)</favourite>

	<favourite name="AXN HD [speedtvstars]"  thumb="https://i.postimg.cc/9MQmyz2z/ico-f-axn.png" >PlayMedia(&quot;http://speedtvstars.com:25461/PtJ1mh0hpl/bti4WcevWG/5294&quot;)</favourite>

	<favourite name="Calle 13 [speedtvstars]"  thumb="https://i.postimg.cc/gJx0frTQ/ico-f-calle13.png" >PlayMedia(&quot;http://speedtvstars.com:25461/PtJ1mh0hpl/bti4WcevWG/5279&quot;)</favourite>

	<favourite name="SyFy HD [speedtvstars]"  thumb="https://i.postimg.cc/YqK1zw4M/ico_f_syfy.png" >PlayMedia(&quot;http://speedtvstars.com:25461/PtJ1mh0hpl/bti4WcevWG/5164&quot;)</favourite>

	<favourite name="TCM HD [speedtvstars]"  thumb="https://i.postimg.cc/90js4hSr/ico_f_tcm-2019.png" >PlayMedia(&quot;http://speedtvstars.com:25461/PtJ1mh0hpl/bti4WcevWG/5161&quot;)</favourite>

	<favourite name="Fox Life HD [speedtvstars]"  thumb="https://i.postimg.cc/yNtK3jLp/ico-f-foxlife.png" >PlayMedia(&quot;http://speedtvstars.com:25461/PtJ1mh0hpl/bti4WcevWG/5250&quot;)</favourite>

	<favourite name="AXN White HD [speedtvstars]"  thumb="https://i.postimg.cc/CL3x9FG6/ico-f-axn-white.png" >PlayMedia(&quot;http://speedtvstars.com:25461/PtJ1mh0hpl/bti4WcevWG/5292&quot;)</favourite>

	<favourite name="Cosmo HD [speedtvstars]"  thumb="https://i.postimg.cc/vZyccY4x/ico-f-cosmo.png" >PlayMedia(&quot;http://speedtvstars.com:25461/PtJ1mh0hpl/bti4WcevWG/5271&quot;)</favourite>

	<favourite name="Sundance HD [speedtvstars]"  thumb="https://i.postimg.cc/cLdwPMMz/ico_f_sundance.png" >PlayMedia(&quot;http://speedtvstars.com:25461/PtJ1mh0hpl/bti4WcevWG/5165&quot;)</favourite>
	
	<favourite name="Dark [speedtvstars]"  thumb="https://i.postimg.cc/KzW2LNQs/ico-f-dark.png" >PlayMedia(&quot;http://speedtvstars.com:25461/PtJ1mh0hpl/bti4WcevWG/5313&quot;)</favourite>

	


	<!--  Deportes  ////////////////////////////////////////////////////////////////////// -->


	<favourite name="#Vamos HD [speedtvstars]"  thumb="https://i.postimg.cc/DZp9PZ5w/ico_f_m__vamos.png" >PlayMedia(&quot;http://speedtvstars.com:25461/PtJ1mh0hpl/bti4WcevWG/5195&quot;)</favourite>

	<favourite name="beIN LaLiga [speedtvstars]"  thumb="https://i.postimg.cc/HswLGq6Y/ico-f-bein-laliga.png" >PlayMedia(&quot;http://speedtvstars.com:25461/PtJ1mh0hpl/bti4WcevWG/5287&quot;)</favourite>

	<favourite name="LaLiga TV HD [speedtvstars]"  thumb="https://i.postimg.cc/d3MJp6dZ/ico_f_laligatv.png" >PlayMedia(&quot;http://speedtvstars.com:25461/PtJ1mh0hpl/bti4WcevWG/5226&quot;)</favourite>
	
	<favourite name="LaLiga 123 [speedtvstars]"  thumb="https://i.postimg.cc/85f1Z9FV/ico-f-liga123.png" >PlayMedia(&quot;http://speedtvstars.com:25461/PtJ1mh0hpl/bti4WcevWG/5235&quot;)</favourite>

	<favourite name="M+ Liga de Campeones HD [speedtvstars]"  thumb="https://i.postimg.cc/sXcJLYBS/ico-f-liga-campeones.png" >PlayMedia(&quot;http://speedtvstars.com:25461/PtJ1mh0hpl/bti4WcevWG/5222&quot;)</favourite>

	<favourite name="M+ Formula 1 HD [speedtvstars]"  thumb="https://i.postimg.cc/QdzwftcH/ico_f_m_formula1.png" >PlayMedia(&quot;http://speedtvstars.com:25461/PtJ1mh0hpl/bti4WcevWG/5217&quot;)</favourite>
	

	<favourite name="M+ Deportes HD [speedtvstars]"  thumb="https://i.postimg.cc/VkWgqS3C/ico_f_m_deportes.png" >PlayMedia(&quot;http://speedtvstars.com:25461/PtJ1mh0hpl/bti4WcevWG/5210&quot;)</favourite>
	
	<favourite name="M+ Golf [speedtvstars]"  thumb="https://i.postimg.cc/15JLNMt0/ico-f-m-golf.png" >PlayMedia(&quot;http://speedtvstars.com:25461/PtJ1mh0hpl/bti4WcevWG/5202&quot;)</favourite>

	<favourite name="Eurosport 1 HD [speedtvstars]"  thumb="https://i.postimg.cc/h49nh9TM/ico_f_eurosport1.png" >PlayMedia(&quot;http://speedtvstars.com:25461/PtJ1mh0hpl/bti4WcevWG/5256&quot;)</favourite>
	
	<favourite name="Eurosport 2 [speedtvstars]"  thumb="https://i.postimg.cc/5yMMn0dw/ico-f-eurosport2.png" >PlayMedia(&quot;http://speedtvstars.com:25461/PtJ1mh0hpl/bti4WcevWG/5258&quot;)</favourite>
		
	<favourite name="DAZN España (IT) [speedtvstars]"  thumb="https://i.postimg.cc/Qdp4FSvH/ico_f_dazn.png" >PlayMedia(&quot;http://speedtvstars.com:25461/PtJ1mh0hpl/bti4WcevWG/5200&quot;)</favourite>

	<favourite name="Barca Tv [speedtvstars]"  thumb="https://i.postimg.cc/3J4wLyvv/ico_f_barcelona_tv.png" >PlayMedia(&quot;http://speedtvstars.com:25461/PtJ1mh0hpl/bti4WcevWG/5289&quot;)</favourite>
	
	<favourite name="Gol TV [speedtvstars]"  thumb="https://i.postimg.cc/rwhMMMxk/ico_f_gol.png" >PlayMedia(&quot;http://speedtvstars.com:25461/PtJ1mh0hpl/bti4WcevWG/5249&quot;)</favourite>
	
	<favourite name="Teledeporte [speedtvstars]"  thumb="https://i.postimg.cc/kXQWjh88/ico_f_tdp.png" >PlayMedia(&quot;http://speedtvstars.com:25461/PtJ1mh0hpl/bti4WcevWG/5157&quot;)</favourite>




	<!--  Documentales  ////////////////////////////////////////////////////////////////////// -->


	<favourite name="Canal Cocina [speedtvstars]"  thumb="https://i.postimg.cc/59ZHWq13/ico-f-cocina.png" >PlayMedia(&quot;http://speedtvstars.com:25461/PtJ1mh0hpl/bti4WcevWG/5273&quot;)</favourite>

	<favourite name="Historia [speedtvstars]"  thumb="https://i.postimg.cc/jSqtpLWc/ico_f_historia.png" >PlayMedia(&quot;http://speedtvstars.com:25461/PtJ1mh0hpl/bti4WcevWG/5247&quot;)</favourite>

	<favourite name="Discovery Channel [speedtvstars]"  thumb="https://i.postimg.cc/4yhT19S4/ico-f-discovery.png" >PlayMedia(&quot;http://speedtvstars.com:25461/PtJ1mh0hpl/bti4WcevWG/5266&quot;)</favourite>

	<favourite name="Odisea [speedtvstars]"  thumb="https://i.postimg.cc/Kjd39tc0/ico_f_odisea.png" >PlayMedia(&quot;http://speedtvstars.com:25461/PtJ1mh0hpl/bti4WcevWG/5171&quot;)</favourite>

	<favourite name="Viajar HD [speedtvstars]"  thumb="https://i.postimg.cc/jC0C6Kv9/ico_f_viajar.png" >PlayMedia(&quot;http://speedtvstars.com:25461/PtJ1mh0hpl/bti4WcevWG/5152&quot;)</favourite>

	<favourite name="Caza y Pesca HD [speedtvstars]"  thumb="https://i.postimg.cc/SxGj9B9T/ico-f-caza-y-pesca.png" >PlayMedia(&quot;http://speedtvstars.com:25461/PtJ1mh0hpl/bti4WcevWG/5276&quot;)</favourite>

	<favourite name="Decasa [speedtvstars]"  thumb="https://i.postimg.cc/Qx1F89dr/ico-f-decasa.png" >PlayMedia(&quot;http://speedtvstars.com:25461/PtJ1mh0hpl/bti4WcevWG/5267&quot;)</favourite>
	
	<favourite name="DMax [speedtvstars]"  thumb="https://i.postimg.cc/fTChfDH9/ico-f-dmax.png" >PlayMedia(&quot;http://speedtvstars.com:25461/PtJ1mh0hpl/bti4WcevWG/5260&quot;)</favourite>




	<!--  Música  ////////////////////////////////////////////////////////////////////// -->


	<favourite name="MTV España [speedtvstars]"  thumb="https://i.postimg.cc/HnP9TJYM/ico_f_mtv.png" >PlayMedia(&quot;http://speedtvstars.com:25461/PtJ1mh0hpl/bti4WcevWG/5194&quot;)</favourite>

	<favourite name="MTV USA [speedtvstars]"  thumb="https://i.postimg.cc/KjCQ3xy3/ico_f_amtv.png" >PlayMedia(&quot;http://speedtvstars.com:25461/PtJ1mh0hpl/bti4WcevWG/5331&quot;)</favourite>
	
	<favourite name="VH1 [speedtvstars]"  thumb="https://i.postimg.cc/5NLShtcX/ico_f_vh1.png" >PlayMedia(&quot;http://speedtvstars.com:25461/PtJ1mh0hpl/bti4WcevWG/132&quot;)</favourite>
	
	<favourite name="VH1 Classic [speedtvstars]"  thumb="https://i.postimg.cc/zBtx5Ttj/ico_f_vh1_classic_alt.png" >PlayMedia(&quot;http://speedtvstars.com:25461/PtJ1mh0hpl/bti4WcevWG/133&quot;)</favourite>
	
	<favourite name="Mezzo [speedtvstars]"  thumb="https://i.postimg.cc/VNrQwMzq/ico_f_mezzo.png" >PlayMedia(&quot;http://speedtvstars.com:25461/PtJ1mh0hpl/bti4WcevWG/331&quot;)</favourite>

	
	


	<!-- Noticias  ////////////////////////////////////////////////////////////////////// -->


	<favourite name="24 Horas [speedtvstars]"  thumb="https://i.postimg.cc/RZxvXgmk/ico-f-24h.png" >PlayMedia(&quot;http://speedtvstars.com:25461/PtJ1mh0hpl/bti4WcevWG/5303&quot;)</favourite>

	<favourite name="CNN [speedtvstars]"  thumb="https://i.postimg.cc/85cGj3d6/ico-f-cnn.png" >PlayMedia(&quot;http://speedtvstars.com:25461/PtJ1mh0hpl/bti4WcevWG/10528&quot;)</favourite>

	<favourite name="BBC Wold News [speedtvstars]"  thumb="https://i.postimg.cc/ZK4WqYBB/ico-f-bbc-news.png" >PlayMedia(&quot;http://speedtvstars.com:25461/PtJ1mh0hpl/bti4WcevWG/10518&quot;)</favourite>

	<favourite name="CNBC Europe [speedtvstars]"  thumb="https://i.postimg.cc/JhGDWTyp/ico-f-cnbc.png" >PlayMedia(&quot;http://speedtvstars.com:25461/PtJ1mh0hpl/bti4WcevWG/10527&quot;)</favourite>


	
	
</favourites>