<favourites>
	<favourite name="Mitele" thumb="https://i.postimg.cc/LXSpV5Mj/ico_f_mitele.png">ActivateWindow(10025,&quot;plugin://plugin.video.mitele?sf_options=fanart%3Dspecial%3A%2F%2Fhome%2Faddons%2Fplugin.video.mitele%2Ffanart.jpg%26meta%3Dlabel%253DMITELE%26desc%3DMITELE+Addon%26_options_sf&quot;,return)</favourite>
	<favourite name="AtresPlayer" thumb="https://i.postimg.cc/htJcDNrQ/ico_f_atresplayer.png">ActivateWindow(10025,&quot;plugin://plugin.video.atresplayer?sf_options=fanart%3Dspecial%3A%2F%2Fhome%2Faddons%2Fplugin.video.atresplayer%2Ffanart.jpg%26meta%3Dlabel%253DATRESPLAYER%26desc%3DATRESPLAYER+Addon%26_options_sf&quot;,return)</favourite>
	<favourite name="RTVE" thumb="https://i.postimg.cc/Y9xwD7pZ/ico_f_rtve.png">ActivateWindow(10025,&quot;plugin://plugin.video.rtve?sf_options=fanart%3Dspecial%3A%2F%2Fhome%2Faddons%2Fplugin.video.rtve%2Ffanart.jpg%26meta%3Dlabel%253DRTVE%26desc%3DRTVE+Addon%26_options_sf&quot;,return)</favourite>
	
	<favourite name="Mitele [tvalacarta]" thumb="https://i.postimg.cc/LXSpV5Mj/ico_f_mitele.png">ActivateWindow(10025,&quot;plugin://plugin.program.super.favourites/?label=Mitele&amp;mode=650&amp;cmd=HOME%3AActivateWindow%2810025%2C%22plugin%3A%2F%2Fplugin.video.tvalacarta%2F%3Faction%3Dmainlist%26category%3Dmitele%26channel%3Dmitele%22%2Creturn%29&amp;image=http%3A%2F%2Fmedia.tvalacarta.info%2Ftvalacarta%2Fsquares%2Fmitele.png&amp;content_type=&amp;sf_options=meta%3Dlabel%253DMitele%26_options_sf&quot;,return)</favourite>
	<favourite name="AtresPlayer [tvalacarta]" thumb="https://i.postimg.cc/htJcDNrQ/ico_f_atresplayer.png">ActivateWindow(10025,&quot;plugin://plugin.program.super.favourites/?label=AtresPlayer&amp;mode=650&amp;cmd=HOME%3AActivateWindow%2810025%2C%22plugin%3A%2F%2Fplugin.video.tvalacarta%2F%3Faction%3Dmainlist%26category%3Da3media%26channel%3Da3media%22%2Creturn%29&amp;image=http%3A%2F%2Fmedia.tvalacarta.info%2Ftvalacarta%2Fsquares%2Fa3media.png&amp;content_type=&amp;sf_options=meta%3Dlabel%253DAtresPlayer%26_options_sf&quot;,return)</favourite>
	<favourite name="RTVE [tvalacarta]" thumb="https://i.postimg.cc/Y9xwD7pZ/ico_f_rtve.png">ActivateWindow(10025,&quot;plugin://plugin.video.tvalacarta/?action=mainlist&amp;category=rtve&amp;channel=rtve&amp;sf_options=meta%3Dlabel%253DTVE%26_options_sf&quot;,return)</favourite>
	
</favourites>