<favourites>
	<favourite name="Borrar Cache" thumb="https://i.postimg.cc/W1mqnDB7/ico-f-osmc.png">PlayMedia(&quot;plugin://plugin.program.aftermath/?mode=clearcache&amp;sf_options=fanart%3Dspecial%3A%2F%2Fhome%2Faddons%2Fplugin.program.aftermath%2Ffanart.jpg%26meta%3Dplot%253D%25255BB%25255D%25255BCOLOR%252Bdodgerblue%25255DAftermath%25255B%25252FCOLOR%25255D%25255B%25252FB%25255D%252BWizard%2526votes%253D0%2526label%253D%25255BCOLOR%252Bdodgerblue%25255DClear%252BCache%25253A%252B%25255BCOLOR%252Bspringgreen%25255D%25255BB%25255D5.15%252BMB%25255B%25252FB%25255D%25255B%25252FCOLOR%25255D%25255B%25252FCOLOR%25255D%2526title%253D%25255BCOLOR%252Bdodgerblue%25255DClear%252BCache%25253A%252B%25255BCOLOR%252Bspringgreen%25255D%25255BB%25255D5.15%252BMB%25255B%25252FB%25255D%25255B%25252FCOLOR%25255D%25255B%25252FCOLOR%25255D%26winID%3D10001%26desc%3D%5BB%5D%5BCOLOR+dodgerblue%5DAftermath%5B%2FCOLOR%5D%5B%2FB%5D+Wizard%26_options_sf&quot;)</favourite>
	<favourite name="Borrar Paquetes" thumb="https://i.postimg.cc/W1mqnDB7/ico-f-osmc.png">PlayMedia(&quot;plugin://plugin.program.aftermath/?mode=clearpackages&amp;sf_options=fanart%3Dspecial%3A%2F%2Fhome%2Faddons%2Fplugin.program.aftermath%2Ffanart.jpg%26meta%3Dplot%253D%25255BB%25255D%25255BCOLOR%252Bdodgerblue%25255DAftermath%25255B%25252FCOLOR%25255D%25255B%25252FB%25255D%252BWizard%2526votes%253D0%2526label%253D%25255BCOLOR%252Bdodgerblue%25255DClear%252BPackages%25253A%252B%25255BCOLOR%252Bspringgreen%25255D%25255BB%25255D0.00%252BB%25255B%25252FB%25255D%25255B%25252FCOLOR%25255D%25255B%25252FCOLOR%25255D%2526title%253D%25255BCOLOR%252Bdodgerblue%25255DClear%252BPackages%25253A%252B%25255BCOLOR%252Bspringgreen%25255D%25255BB%25255D0.00%252BB%25255B%25252FB%25255D%25255B%25252FCOLOR%25255D%25255B%25252FCOLOR%25255D%26winID%3D10001%26desc%3D%5BB%5D%5BCOLOR+dodgerblue%5DAftermath%5B%2FCOLOR%5D%5B%2FB%5D+Wizard%26_options_sf&quot;)</favourite>
	<favourite name="Borrar Imágenes" thumb="https://i.postimg.cc/W1mqnDB7/ico-f-osmc.png">PlayMedia(&quot;plugin://plugin.program.aftermath/?mode=clearthumb&amp;sf_options=fanart%3Dspecial%3A%2F%2Fhome%2Faddons%2Fplugin.program.aftermath%2Ffanart.jpg%26meta%3Dplot%253D%25255BB%25255D%25255BCOLOR%252Bdodgerblue%25255DAftermath%25255B%25252FCOLOR%25255D%25255B%25252FB%25255D%252BWizard%2526votes%253D0%2526label%253D%25255BCOLOR%252Bdodgerblue%25255DClear%252BThumbnails%25253A%252B%25255BCOLOR%252Bspringgreen%25255D%25255BB%25255D29.39%252BMB%25255B%25252FB%25255D%25255B%25252FCOLOR%25255D%25255B%25252FCOLOR%25255D%2526title%253D%25255BCOLOR%252Bdodgerblue%25255DClear%252BThumbnails%25253A%252B%25255BCOLOR%252Bspringgreen%25255D%25255BB%25255D29.39%252BMB%25255B%25252FB%25255D%25255B%25252FCOLOR%25255D%25255B%25252FCOLOR%25255D%26winID%3D10001%26desc%3D%5BB%5D%5BCOLOR+dodgerblue%5DAftermath%5B%2FCOLOR%5D%5B%2FB%5D+Wizard%26_options_sf&quot;)</favourite>
	<favourite name="Recargar Skin" thumb="https://i.postimg.cc/W1mqnDB7/ico-f-osmc.png">PlayMedia(&quot;plugin://plugin.program.aftermath/?mode=forceskin&amp;sf_options=fanart%3Dspecial%3A%2F%2Fhome%2Faddons%2Fplugin.program.aftermath%2Ffanart.jpg%26meta%3Dplot%253D%25255BB%25255D%25255BCOLOR%252Bdodgerblue%25255DAftermath%25255B%25252FCOLOR%25255D%25255B%25252FB%25255D%252BWizard%2526votes%253D0%2526label%253D%25255BCOLOR%252Bdodgerblue%25255DReload%252BSkin%25255B%25252FCOLOR%25255D%2526title%253D%25255BCOLOR%252Bdodgerblue%25255DReload%252BSkin%25255B%25252FCOLOR%25255D%26winID%3D10001%26desc%3D%5BB%5D%5BCOLOR+dodgerblue%5DAftermath%5B%2FCOLOR%5D%5B%2FB%5D+Wizard%26_options_sf&quot;)</favourite>
	<favourite name="Mantenimiento" thumb="https://i.postimg.cc/W1mqnDB7/ico-f-osmc.png">ActivateWindow(10001,&quot;plugin://plugin.program.aftermath/?mode=maint&amp;sf_options=fanart%3Dspecial%3A%2F%2Fhome%2Faddons%2Fplugin.program.aftermath%2Ffanart.jpg%26meta%3Dplot%253D%25255BB%25255D%25255BCOLOR%252Bdodgerblue%25255DAftermath%25255B%25252FCOLOR%25255D%25255B%25252FB%25255D%252BWizard%2526votes%253D0%2526label%253D%25255BCOLOR%252Bdodgerblue%25255D%25255BB%25255D%25255BI%25255D%252528%25255BCOLOR%252Bwhite%25255DAftermath%25255B%25252FCOLOR%25255D%252529%25255B%25252FI%25255D%25255B%25252FB%25255D%25255B%25252FCOLOR%25255D%252B%25255BCOLOR%252Bwhite%25255DMaintenance%25255B%25252FCOLOR%25255D%2526title%253D%25255BCOLOR%252Bdodgerblue%25255D%25255BB%25255D%25255BI%25255D%252528%25255BCOLOR%252Bwhite%25255DAftermath%25255B%25252FCOLOR%25255D%252529%25255B%25252FI%25255D%25255B%25252FB%25255D%25255B%25252FCOLOR%25255D%252B%25255BCOLOR%252Bwhite%25255DMaintenance%25255B%25252FCOLOR%25255D%26desc%3D%5BB%5D%5BCOLOR+dodgerblue%5DAftermath%5B%2FCOLOR%5D%5B%2FB%5D+Wizard%26_options_sf&quot;,return)</favourite>
</favourites>