<favourites>
	
	<favourite name="Limpiar Cache" thumb="https://i.postimg.cc/W1mqnDB7/ico-f-osmc.png">PlayMedia(&quot;plugin://script.limpiarkodi/?url=url&amp;mode=1&amp;name=++Limpiar+Cache+y+Rom&amp;sf_options=fanart%3Dspecial%3A%2F%2Fhome%2Faddons%2Fscript.limpiarkodi%2Ffanart.jpg%26meta%3Dvotes%253D0%2526label%253D%252B%252BLimpiar%252BCache%252By%252BRom%2526title%253DLimpiar%252BCache%252By%252BRom%26winID%3D10001%26_options_sf&quot;)</favourite>
	<favourite name="Borrar Paquetes" thumb="https://i.postimg.cc/W1mqnDB7/ico-f-osmc.png">PlayMedia(&quot;plugin://script.limpiarkodi/?url=url&amp;mode=4&amp;name=++Eliminar+Paquetes&amp;sf_options=fanart%3Dspecial%3A%2F%2Fhome%2Faddons%2Fscript.limpiarkodi%2Ffanart.jpg%26meta%3Dvotes%253D0%2526label%253D%252B%252BEliminar%252BPaquetes%2526title%253DEliminar%252BPaquetes%26winID%3D10001%26_options_sf&quot;)</favourite>
	<favourite name="Borrar Imagenes" thumb="https://i.postimg.cc/W1mqnDB7/ico-f-osmc.png">PlayMedia(&quot;plugin://script.limpiarkodi/?url=url&amp;mode=2&amp;name=++Borrar+Imagenes&amp;sf_options=fanart%3Dspecial%3A%2F%2Fhome%2Faddons%2Fscript.limpiarkodi%2Ffanart.jpg%26meta%3Dvotes%253D0%2526label%253D%252B%252BBorrar%252BImagenes%2526title%253DBorrar%252BImagenes%26winID%3D10001%26_options_sf&quot;)</favourite>
	<favourite name="Limpiar Archivos Temporales" thumb="https://i.postimg.cc/W1mqnDB7/ico-f-osmc.png">PlayMedia(&quot;plugin://script.limpiarkodi/?url=url&amp;mode=3&amp;name=++Eliminar+Temp&amp;sf_options=fanart%3Dspecial%3A%2F%2Fhome%2Faddons%2Fscript.limpiarkodi%2Ffanart.jpg%26meta%3Dvotes%253D0%2526label%253D%252B%252BEliminar%252BTemp%2526title%253DEliminar%252BTemp%26winID%3D10001%26_options_sf&quot;)</favourite>
	<favourite name="Herramientas" thumb="https://i.postimg.cc/W1mqnDB7/ico-f-osmc.png">ActivateWindow(10001,&quot;plugin://script.limpiarkodi/?mode=18&amp;name=Herramientas&amp;url=url&amp;sf_options=fanart%3Dspecial%3A%2F%2Fhome%2Faddons%2Fscript.limpiarkodi%2Ffanart.jpg%26meta%3Dvotes%253D0%2526label%253DHerramientas%2526title%253DHerramientas%26_options_sf&quot;,return)</favourite>

</favourites>