<favourites>





	<!--  TDT 1  ////////////////////////////////////////////////////////////////////// -->


	<favourite name="La 1 [novilka]"  thumb="https://i.postimg.cc/9XTmZ35d/ico_f_la1.png" >PlayMedia(&quot;http://ch.novilka.net:8000/Pacomana/hJfWHMAAG4/4758&quot;)</favourite>
	<favourite name="La 1 HD [novilka]"  thumb="https://i.postimg.cc/9XTmZ35d/ico_f_la1.png" >PlayMedia(&quot;http://ch.novilka.net:8000/Pacomana/hJfWHMAAG4/4757&quot;)</favourite>
	
	<favourite name="La 2 [novilka]"  thumb="https://i.postimg.cc/PJmdjDz3/ico_f_la2.png" >PlayMedia(&quot;http://ch.novilka.net:8000/Pacomana/hJfWHMAAG4/4756&quot;)</favourite>
	<favourite name="La 2 HD [novilka]"  thumb="https://i.postimg.cc/PJmdjDz3/ico_f_la2.png" >PlayMedia(&quot;http://ch.novilka.net:8000/Pacomana/hJfWHMAAG4/4755&quot;)</favourite>

	<favourite name="Antena 3 [novilka]"  thumb="https://i.postimg.cc/W4jbbXfG/ico-f-antena3.png" >PlayMedia(&quot;http://ch.novilka.net:8000/Pacomana/hJfWHMAAG4/4754&quot;)</favourite>
	<favourite name="Antena 3 HD [novilka]"  thumb="https://i.postimg.cc/W4jbbXfG/ico-f-antena3.png" >PlayMedia(&quot;http://ch.novilka.net:8000/Pacomana/hJfWHMAAG4/4753&quot;)</favourite>

	<favourite name="Cuatro [novilka]"  thumb="https://i.postimg.cc/QNBBznLC/ico-f-cuatro.png" >PlayMedia(&quot;http://ch.novilka.net:8000/Pacomana/hJfWHMAAG4/4752&quot;)</favourite>
	<favourite name="Cuatro HD [novilka]"  thumb="https://i.postimg.cc/QNBBznLC/ico-f-cuatro.png" >PlayMedia(&quot;http://ch.novilka.net:8000/Pacomana/hJfWHMAAG4/4751&quot;)</favourite>

	<favourite name="Telecinco [novilka]"  thumb="https://i.postimg.cc/hvxVR25k/ico_f_telecinco.png" >PlayMedia(&quot;http://ch.novilka.net:8000/Pacomana/hJfWHMAAG4/4750&quot;)</favourite>
	<favourite name="Telecinco HD [novilka]"  thumb="https://i.postimg.cc/hvxVR25k/ico_f_telecinco.png" >PlayMedia(&quot;http://ch.novilka.net:8000/Pacomana/hJfWHMAAG4/4749&quot;)</favourite>

	<favourite name="La Sexta [novilka]"  thumb="https://i.postimg.cc/R0DSQ4ZR/ico_f_lasexta.png" >PlayMedia(&quot;http://ch.novilka.net:8000/Pacomana/hJfWHMAAG4/4748&quot;)</favourite>
	<favourite name="La Sexta HD [novilka]"  thumb="https://i.postimg.cc/R0DSQ4ZR/ico_f_lasexta.png" >PlayMedia(&quot;http://ch.novilka.net:8000/Pacomana/hJfWHMAAG4/4747&quot;)</favourite>




	<!--  Movistar+ Cine   ////////////////////////////////////////////////////////////////////// -->


	<favourite name="#0 [novilka]"  thumb="https://i.postimg.cc/cCVdqmn8/ico-f-0.png" >PlayMedia(&quot;http://ch.novilka.net:8000/Pacomana/hJfWHMAAG4/4804&quot;)</favourite>
	<favourite name="#0 HD [novilka]"  thumb="https://i.postimg.cc/cCVdqmn8/ico-f-0.png" >PlayMedia(&quot;http://ch.novilka.net:8000/Pacomana/hJfWHMAAG4/4805&quot;)</favourite>

	<favourite name="Movistar+ Estrenos [novilka]"  thumb="https://i.postimg.cc/Y9KVwsn7/ico_f_m_estrenos.png" >PlayMedia(&quot;http://ch.novilka.net:8000/Pacomana/hJfWHMAAG4/4795&quot;)</favourite>
	<favourite name="Movistar+ Estrenos HD [novilka]"  thumb="https://i.postimg.cc/Y9KVwsn7/ico_f_m_estrenos.png" >PlayMedia(&quot;http://ch.novilka.net:8000/Pacomana/hJfWHMAAG4/4794&quot;)</favourite>

	<favourite name="Movistar+ CineDoc&Roll [novilka]"  thumb="https://i.postimg.cc/wxmNMTqg/ico_f_m_cinedoc&roll.png" >PlayMedia(&quot;http://ch.novilka.net:8000/Pacomana/hJfWHMAAG4/4796&quot;)</favourite>
	<favourite name="Movistar+ CineDoc&Roll HD [novilka]"  thumb="https://i.postimg.cc/wxmNMTqg/ico_f_m_cinedoc&roll.png" >PlayMedia(&quot;http://ch.novilka.net:8000/Pacomana/hJfWHMAAG4/4797&quot;)</favourite>

	<favourite name="Movistar+ Acción [novilka]"  thumb="https://i.postimg.cc/kgwXGxrL/ico_f_m_accion.png" >PlayMedia(&quot;http://ch.novilka.net:8000/Pacomana/hJfWHMAAG4/4792&quot;)</favourite>
	<favourite name="Movistar+ Acción HD [novilka]"  thumb="https://i.postimg.cc/kgwXGxrL/ico_f_m_accion.png" >PlayMedia(&quot;http://ch.novilka.net:8000/Pacomana/hJfWHMAAG4/4793&quot;)</favourite>

	<favourite name="Movistar+ Comedia [novilka]"  thumb="https://i.postimg.cc/gkST0JSN/ico_f_m_comedia.png" >PlayMedia(&quot;http://ch.novilka.net:8000/Pacomana/hJfWHMAAG4/4803&quot;)</favourite>
	<favourite name="Movistar+ Comedia HD [novilka]"  thumb="https://i.postimg.cc/gkST0JSN/ico_f_m_comedia.png" >PlayMedia(&quot;http://ch.novilka.net:8000/Pacomana/hJfWHMAAG4/4802&quot;)</favourite>

	<favourite name="Movistar+ Drama [novilka]"  thumb="https://i.postimg.cc/wj6RwXhj/ico_f_m_drama.png" >PlayMedia(&quot;http://ch.novilka.net:8000/Pacomana/hJfWHMAAG4/4801&quot;)</favourite>
	<favourite name="Movistar+ Drama HD [novilka]"  thumb="https://i.postimg.cc/wj6RwXhj/ico_f_m_drama.png" >PlayMedia(&quot;http://ch.novilka.net:8000/Pacomana/hJfWHMAAG4/4800&quot;)</favourite>

	<favourite name="Movistar+ Cine Ñ [novilka]"  thumb="https://i.postimg.cc/SxmxmgPW/ico_f_m_cine_ñ.png" >PlayMedia(&quot;http://ch.novilka.net:8000/Pacomana/hJfWHMAAG4/4789&quot;)</favourite>

	<favourite name="Movistar+ Disney [novilka]"  thumb="https://i.postimg.cc/sx3NMZC0/ico-f-m-disney.png" >PlayMedia(&quot;http://ch.novilka.net:8000/Pacomana/hJfWHMAAG4/4886&quot;)</favourite>

	<favourite name="Movistar+ Series [novilka]"  thumb="https://i.postimg.cc/NFxZDkxc/ico_f_m_series.png" >PlayMedia(&quot;http://ch.novilka.net:8000/Pacomana/hJfWHMAAG4/4790&quot;)</favourite>
	<favourite name="Movistar+ Series HD [novilka]"  thumb="https://i.postimg.cc/NFxZDkxc/ico_f_m_series.png" >PlayMedia(&quot;http://ch.novilka.net:8000/Pacomana/hJfWHMAAG4/4791&quot;)</favourite>

	<favourite name="Movistar+ Seriesmania [novilka]"  thumb="https://i.postimg.cc/jdY7702N/ico_f_m_seriesmania.png" >PlayMedia(&quot;http://ch.novilka.net:8000/Pacomana/hJfWHMAAG4/4799&quot;)</favourite>
	<favourite name="Movistar+ Seriesmania HD [novilka]"  thumb="https://i.postimg.cc/jdY7702N/ico_f_m_seriesmania.png" >PlayMedia(&quot;http://ch.novilka.net:8000/Pacomana/hJfWHMAAG4/4798&quot;)</favourite>




	<!--  Cine y Entretenimiento  ////////////////////////////////////////////////////////////////////// -->


	<favourite name="Comedy Central [novilka]"  thumb="https://i.postimg.cc/RV6DJdtY/ico-f-comedy-central-2018-alt.png" >PlayMedia(&quot;http://ch.novilka.net:8000/Pacomana/hJfWHMAAG4/4769&quot;)</favourite>

	<favourite name="AMC [novilka]"  thumb="https://i.postimg.cc/wMt9bP7p/ico-f-amc.png" >PlayMedia(&quot;http://ch.novilka.net:8000/Pacomana/hJfWHMAAG4/4771&quot;)</favourite>
	<favourite name="AMC HD [novilka]"  thumb="https://i.postimg.cc/wMt9bP7p/ico-f-amc.png" >PlayMedia(&quot;http://ch.novilka.net:8000/Pacomana/hJfWHMAAG4/4770&quot;)</favourite>

	<favourite name="TNT HD [novilka]"  thumb="https://i.postimg.cc/GmjJpSmr/ico_f_tnt.png" >PlayMedia(&quot;http://ch.novilka.net:8000/Pacomana/hJfWHMAAG4/4784&quot;)</favourite>

	<favourite name="Fox [novilka]"  thumb="https://i.postimg.cc/Qt73Q7P8/ico-f-fox.png" >PlayMedia(&quot;http://ch.novilka.net:8000/Pacomana/hJfWHMAAG4/4763&quot;)</favourite>
	<favourite name="Fox HD [novilka]"  thumb="https://i.postimg.cc/Qt73Q7P8/ico-f-fox.png" >PlayMedia(&quot;http://ch.novilka.net:8000/Pacomana/hJfWHMAAG4/4762&quot;)</favourite>

	<favourite name="Canal Hollywood [novilka]"  thumb="https://i.postimg.cc/VLWzZjN5/ico_f_hollywood.png" >PlayMedia(&quot;http://ch.novilka.net:8000/Pacomana/hJfWHMAAG4/4788&quot;)</favourite>
	<favourite name="Canal Hollywood HD [novilka]"  thumb="https://i.postimg.cc/VLWzZjN5/ico_f_hollywood.png" >PlayMedia(&quot;http://ch.novilka.net:8000/Pacomana/hJfWHMAAG4/4787&quot;)</favourite>

	<favourite name="AXN [novilka]"  thumb="https://i.postimg.cc/9MQmyz2z/ico-f-axn.png" >PlayMedia(&quot;http://ch.novilka.net:8000/Pacomana/hJfWHMAAG4/4775&quot;)</favourite>
	<favourite name="AXN HD [novilka]"  thumb="https://i.postimg.cc/9MQmyz2z/ico-f-axn.png" >PlayMedia(&quot;http://ch.novilka.net:8000/Pacomana/hJfWHMAAG4/4774&quot;)</favourite>

	<favourite name="Calle 13 [novilka]"  thumb="https://i.postimg.cc/gJx0frTQ/ico-f-calle13.png" >PlayMedia(&quot;http://ch.novilka.net:8000/Pacomana/hJfWHMAAG4/4778&quot;)</favourite>
	<favourite name="Calle 13 HD [novilka]"  thumb="https://i.postimg.cc/gJx0frTQ/ico-f-calle13.png" >PlayMedia(&quot;http://ch.novilka.net:8000/Pacomana/hJfWHMAAG4/4777&quot;)</favourite>

	<favourite name="SyFy HD [novilka]"  thumb="https://i.postimg.cc/YqK1zw4M/ico_f_syfy.png" >PlayMedia(&quot;http://ch.novilka.net:8000/Pacomana/hJfWHMAAG4/4767&quot;)</favourite>

	<favourite name="TCM [novilka]"  thumb="https://i.postimg.cc/90js4hSr/ico_f_tcm-2019.png" >PlayMedia(&quot;http://ch.novilka.net:8000/Pacomana/hJfWHMAAG4/4786&quot;)</favourite>
	<favourite name="TCM HD [novilka]"  thumb="https://i.postimg.cc/90js4hSr/ico_f_tcm-2019.png" >PlayMedia(&quot;http://ch.novilka.net:8000/Pacomana/hJfWHMAAG4/4785&quot;)</favourite>

	<favourite name="Fox Life [novilka]"  thumb="https://i.postimg.cc/yNtK3jLp/ico-f-foxlife.png" >PlayMedia(&quot;http://ch.novilka.net:8000/Pacomana/hJfWHMAAG4/4765&quot;)</favourite>
	<favourite name="Fox Life HD [novilka]"  thumb="https://i.postimg.cc/yNtK3jLp/ico-f-foxlife.png" >PlayMedia(&quot;http://ch.novilka.net:8000/Pacomana/hJfWHMAAG4/4764&quot;)</favourite>

	<favourite name="AXN White [novilka]"  thumb="https://i.postimg.cc/CL3x9FG6/ico-f-axn-white.png" >PlayMedia(&quot;http://ch.novilka.net:8000/Pacomana/hJfWHMAAG4/4773&quot;)</favourite>
	<favourite name="AXN White HD [novilka]"  thumb="https://i.postimg.cc/CL3x9FG6/ico-f-axn-white.png" >PlayMedia(&quot;http://ch.novilka.net:8000/Pacomana/hJfWHMAAG4/4772&quot;)</favourite>

	<favourite name="Cosmo HD [novilka]"  thumb="https://i.postimg.cc/vZyccY4x/ico-f-cosmo.png" >PlayMedia(&quot;http://ch.novilka.net:8000/Pacomana/hJfWHMAAG4/4761&quot;)</favourite>

	<favourite name="Sundance [novilka]"  thumb="https://i.postimg.cc/cLdwPMMz/ico_f_sundance.png" >PlayMedia(&quot;http://ch.novilka.net:8000/Pacomana/hJfWHMAAG4/4776&quot;)</favourite>
	
	<favourite name="Xtrm [novilka]"  thumb="https://i.postimg.cc/RFJHwP4W/ico_f_xtrm.png" >PlayMedia(&quot;http://ch.novilka.net:8000/Pacomana/hJfWHMAAG4/4780&quot;)</favourite>

	<favourite name="Somos [novilka]"  thumb="https://i.postimg.cc/rwgxT0fw/ico_f_somos.png" >PlayMedia(&quot;http://ch.novilka.net:8000/Pacomana/hJfWHMAAG4/4783&quot;)</favourite>
	
	


	<!--  Deportes  ////////////////////////////////////////////////////////////////////// -->


	<favourite name="#Vamos [novilka]"  thumb="https://i.postimg.cc/DZp9PZ5w/ico_f_m__vamos.png" >PlayMedia(&quot;http://ch.novilka.net:8000/Pacomana/hJfWHMAAG4/8489&quot;)</favourite>
	<favourite name="#Vamos HD [novilka]"  thumb="https://i.postimg.cc/DZp9PZ5w/ico_f_m__vamos.png" >PlayMedia(&quot;http://ch.novilka.net:8000/Pacomana/hJfWHMAAG4/5599&quot;)</favourite>

	<favourite name="M+ Partidazo [novilka]"  thumb="https://i.postimg.cc/ncHyzNHc/ico_f_m_partidazo.png" >PlayMedia(&quot;http://ch.novilka.net:8000/Pacomana/hJfWHMAAG4/8472&quot;)</favourite>
	<favourite name="M+ Partidazo HD [novilka]"  thumb="https://i.postimg.cc/ncHyzNHc/ico_f_m_partidazo.png" >PlayMedia(&quot;http://ch.novilka.net:8000/Pacomana/hJfWHMAAG4/4854&quot;)</favourite>
	
	<favourite name="beIN LaLiga [novilka]"  thumb="https://i.postimg.cc/HswLGq6Y/ico-f-bein-laliga.png" >PlayMedia(&quot;http://ch.novilka.net:8000/Pacomana/hJfWHMAAG4/8475&quot;)</favourite>
	<favourite name="beIN LaLiga HD [novilka]"  thumb="https://i.postimg.cc/HswLGq6Y/ico-f-bein-laliga.png" >PlayMedia(&quot;http://ch.novilka.net:8000/Pacomana/hJfWHMAAG4/4836&quot;)</favourite>
	
	<favourite name="LaLiga TV [novilka]"  thumb="https://i.postimg.cc/d3MJp6dZ/ico_f_laligatv.png" >PlayMedia(&quot;http://ch.novilka.net:8000/Pacomana/hJfWHMAAG4/8474&quot;)</favourite>
	<favourite name="LaLiga TV HD [novilka]"  thumb="https://i.postimg.cc/d3MJp6dZ/ico_f_laligatv.png" >PlayMedia(&quot;http://ch.novilka.net:8000/Pacomana/hJfWHMAAG4/4839&quot;)</favourite>
	
	<favourite name="LaLiga 123 [novilka]"  thumb="https://i.postimg.cc/85f1Z9FV/ico-f-liga123.png" >PlayMedia(&quot;http://ch.novilka.net:8000/Pacomana/hJfWHMAAG4/4823&quot;)</favourite>
	
	<favourite name="M+ Liga de Campeones [novilka]"  thumb="https://i.postimg.cc/sXcJLYBS/ico-f-liga-campeones.png" >PlayMedia(&quot;http://ch.novilka.net:8000/Pacomana/hJfWHMAAG4/8473&quot;)</favourite>
	<favourite name="M+ Liga de Campeones HD [novilka]"  thumb="https://i.postimg.cc/sXcJLYBS/ico-f-liga-campeones.png" >PlayMedia(&quot;http://ch.novilka.net:8000/Pacomana/hJfWHMAAG4/4848&quot;)</favourite>
	
	<favourite name="M+ Liga de Campeones 1 [novilka]"  thumb="https://i.postimg.cc/ZRZcj7q4/ico-f-liga-campeones-1.png" >PlayMedia(&quot;http://ch.novilka.net:8000/Pacomana/hJfWHMAAG4/8477&quot;)</favourite>
	<favourite name="M+ Liga de Campeones 1 HD [novilka]"  thumb="https://i.postimg.cc/ZRZcj7q4/ico-f-liga-campeones-1.png" >PlayMedia(&quot;http://ch.novilka.net:8000/Pacomana/hJfWHMAAG4/4846&quot;)</favourite>


	
	<favourite name="M+ Formula 1 [novilka]"  thumb="https://i.postimg.cc/QdzwftcH/ico_f_m_formula1.png" >PlayMedia(&quot;http://ch.novilka.net:8000/Pacomana/hJfWHMAAG4/4852&quot;)</favourite>
	<favourite name="M+ Formula 1 HD [novilka]"  thumb="https://i.postimg.cc/QdzwftcH/ico_f_m_formula1.png" >PlayMedia(&quot;http://ch.novilka.net:8000/Pacomana/hJfWHMAAG4/4851&quot;)</favourite>
	
	<favourite name="M+ Deportes [novilka]"  thumb="https://i.postimg.cc/VkWgqS3C/ico_f_m_deportes.png" >PlayMedia(&quot;http://ch.novilka.net:8000/Pacomana/hJfWHMAAG4/4812&quot;)</favourite>
	<favourite name="M+ Deportes HD [novilka]"  thumb="https://i.postimg.cc/VkWgqS3C/ico_f_m_deportes.png" >PlayMedia(&quot;http://ch.novilka.net:8000/Pacomana/hJfWHMAAG4/4811&quot;)</favourite>
	
	<favourite name="M+ Golf [novilka]"  thumb="https://i.postimg.cc/15JLNMt0/ico-f-m-golf.png" >PlayMedia(&quot;http://ch.novilka.net:8000/Pacomana/hJfWHMAAG4/4810&quot;)</favourite>
	<favourite name="M+ Golf HD [novilka]"  thumb="https://i.postimg.cc/15JLNMt0/ico-f-m-golf.png" >PlayMedia(&quot;http://ch.novilka.net:8000/Pacomana/hJfWHMAAG4/4815&quot;)</favourite>
	
	<favourite name="Eurosport 1 [novilka]"  thumb="https://i.postimg.cc/h49nh9TM/ico_f_eurosport1.png" >PlayMedia(&quot;http://ch.novilka.net:8000/Pacomana/hJfWHMAAG4/4819&quot;)</favourite>
	<favourite name="Eurosport 1 HD [novilka]"  thumb="https://i.postimg.cc/h49nh9TM/ico_f_eurosport1.png" >PlayMedia(&quot;http://ch.novilka.net:8000/Pacomana/hJfWHMAAG4/4818&quot;)</favourite>
	
	<favourite name="Eurosport 2 [novilka]"  thumb="https://i.postimg.cc/5yMMn0dw/ico-f-eurosport2.png" >PlayMedia(&quot;http://ch.novilka.net:8000/Pacomana/hJfWHMAAG4/4817&quot;)</favourite>
		
	<favourite name="Barca Tv [novilka]"  thumb="https://i.postimg.cc/3J4wLyvv/ico_f_barcelona_tv.png" >PlayMedia(&quot;http://ch.novilka.net:8000/Pacomana/hJfWHMAAG4/4809&quot;)</favourite>
	
	<favourite name="Gol TV [novilka]"  thumb="https://i.postimg.cc/rwhMMMxk/ico_f_gol.png" >PlayMedia(&quot;http://ch.novilka.net:8000/Pacomana/hJfWHMAAG4/4856&quot;)</favourite>
	
	<favourite name="Teledeporte HD [novilka]"  thumb="https://i.postimg.cc/kXQWjh88/ico_f_tdp.png" >PlayMedia(&quot;http://ch.novilka.net:8000/Pacomana/hJfWHMAAG4/4849&quot;)</favourite>




	<!--  Documentales  ////////////////////////////////////////////////////////////////////// -->


	<favourite name="Canal Cocina [novilka]"  thumb="https://i.postimg.cc/59ZHWq13/ico-f-cocina.png" >PlayMedia(&quot;http://ch.novilka.net:8000/Pacomana/hJfWHMAAG4/4870&quot;)</favourite>

	<favourite name="National Geographic [novilka]"  thumb="https://i.postimg.cc/Y904MdhX/ico_f_natgeo.png" >PlayMedia(&quot;http://ch.novilka.net:8000/Pacomana/hJfWHMAAG4/4866&quot;)</favourite>
	<favourite name="National Geographic HD [novilka]"  thumb="https://i.postimg.cc/Y904MdhX/ico_f_natgeo.png" >PlayMedia(&quot;http://ch.novilka.net:8000/Pacomana/hJfWHMAAG4/4865&quot;)</favourite>

	<favourite name="Nat Geo Wild HD [novilka]"  thumb="https://i.postimg.cc/TPRLHdGv/ico_f_natgeo_wild.png" >PlayMedia(&quot;http://ch.novilka.net:8000/Pacomana/hJfWHMAAG4/4864&quot;)</favourite>

	<favourite name="Historia [novilka]"  thumb="https://i.postimg.cc/jSqtpLWc/ico_f_historia.png" >PlayMedia(&quot;http://ch.novilka.net:8000/Pacomana/hJfWHMAAG4/4863&quot;)</favourite>

	<favourite name="Discovery Channel [novilka]"  thumb="https://i.postimg.cc/4yhT19S4/ico-f-discovery.png" >PlayMedia(&quot;http://ch.novilka.net:8000/Pacomana/hJfWHMAAG4/4867&quot;)</favourite>

	<favourite name="Odisea [novilka]"  thumb="https://i.postimg.cc/Kjd39tc0/ico_f_odisea.png" >PlayMedia(&quot;http://ch.novilka.net:8000/Pacomana/hJfWHMAAG4/4860&quot;)</favourite>

	<favourite name="Viajar [novilka]"  thumb="https://i.postimg.cc/jC0C6Kv9/ico_f_viajar.png" >PlayMedia(&quot;http://ch.novilka.net:8000/Pacomana/hJfWHMAAG4/4871&quot;)</favourite>

	<favourite name="Caza y Pesca [novilka]"  thumb="https://i.postimg.cc/SxGj9B9T/ico-f-caza-y-pesca.png" >PlayMedia(&quot;http://ch.novilka.net:8000/Pacomana/hJfWHMAAG4/4876&quot;)</favourite>
	<favourite name="Caza y Pesca HD [novilka]"  thumb="https://i.postimg.cc/SxGj9B9T/ico-f-caza-y-pesca.png" >PlayMedia(&quot;http://ch.novilka.net:8000/Pacomana/hJfWHMAAG4/4875&quot;)</favourite>


	<favourite name="Blaze [novilka]"  thumb="https://i.postimg.cc/1zwS66b9/ico_f_blaze.png" >PlayMedia(&quot;http://ch.novilka.net:8000/Pacomana/hJfWHMAAG4/4868&quot;)</favourite>

	<favourite name="Crimen & Investigación [novilka]"  thumb="https://i.postimg.cc/1RNtBn6N/ico-f-c-i.png" >PlayMedia(&quot;http://ch.novilka.net:8000/Pacomana/hJfWHMAAG4/4869&quot;)</favourite>

	<favourite name="Decasa [novilka]"  thumb="https://i.postimg.cc/Qx1F89dr/ico-f-decasa.png" >PlayMedia(&quot;http://ch.novilka.net:8000/Pacomana/hJfWHMAAG4/4862&quot;)</favourite>




	<!--  Música  ////////////////////////////////////////////////////////////////////// -->


	<favourite name="MTV España [novilka]"  thumb="https://i.postimg.cc/HnP9TJYM/ico_f_mtv.png" >PlayMedia(&quot;http://ch.novilka.net:8000/Pacomana/hJfWHMAAG4/4893&quot;)</favourite>
	
	<favourite name="MTV UK [novilka]"  thumb="https://i.postimg.cc/MZL9FbjZ/ico_f_mtv_uk.png" >PlayMedia(&quot;http://ch.novilka.net:8000/Pacomana/hJfWHMAAG4/8993&quot;)</favourite>

	<favourite name="MTV Music UK [novilka]"  thumb="https://i.postimg.cc/MTK9h9DH/ico_f_mtv_music.png" >PlayMedia(&quot;http://ch.novilka.net:8000/Pacomana/hJfWHMAAG4/8988&quot;)</favourite>
	
	<favourite name="MTV Rocks [novilka]"  thumb="https://i.postimg.cc/Dw4Bycbw/ico_f_mtv_rocks.png" >PlayMedia(&quot;http://ch.novilka.net:8000/Pacomana/hJfWHMAAG4/8987&quot;)</favourite>

	<favourite name="MTV Base UK [novilka]"  thumb="https://i.postimg.cc/G3MQFfFp/ico_f_mtv_base.png" >PlayMedia(&quot;http://ch.novilka.net:8000/Pacomana/hJfWHMAAG4/8992&quot;)</favourite>

	<favourite name="MTV Classic UK [novilka]"  thumb="https://i.postimg.cc/63ch1jFY/ico_f_mtv_classic.png" >PlayMedia(&quot;http://ch.novilka.net:8000/Pacomana/hJfWHMAAG4/8991&quot;)</favourite>

	<favourite name="VH1 [novilka]"  thumb="https://i.postimg.cc/5NLShtcX/ico_f_vh1.png" >PlayMedia(&quot;http://ch.novilka.net:8000/Pacomana/hJfWHMAAG4/8495&quot;)</favourite>
	
	<favourite name="VH1 Classic [novilka]"  thumb="https://i.postimg.cc/zBtx5Ttj/ico_f_vh1_classic_alt.png" >PlayMedia(&quot;http://ch.novilka.net:8000/Pacomana/hJfWHMAAG4/8494&quot;)</favourite>
	
	<favourite name="Stingray Classica [novilka]"  thumb="https://i.postimg.cc/xT2zby7d/ico_f_stingray_classica.png" >PlayMedia(&quot;http://ch.novilka.net:8000/Pacomana/hJfWHMAAG4/4890&quot;)</favourite>

	
	


	<!-- Noticias  ////////////////////////////////////////////////////////////////////// -->


	<favourite name="24 Horas [novilka]"  thumb="https://i.postimg.cc/RZxvXgmk/ico-f-24h.png" >PlayMedia(&quot;http://ch.novilka.net:8000/Pacomana/hJfWHMAAG4/4715&quot;)</favourite>

	<favourite name="CNN [novilka]"  thumb="https://i.postimg.cc/85cGj3d6/ico-f-cnn.png" >PlayMedia(&quot;http://ch.novilka.net:8000/Pacomana/hJfWHMAAG4/5182&quot;)</favourite>

	<favourite name="CNBC Europe [novilka]"  thumb="https://i.postimg.cc/JhGDWTyp/ico-f-cnbc.png" >PlayMedia(&quot;http://ch.novilka.net:8000/Pacomana/hJfWHMAAG4/5183&quot;)</favourite>

	<favourite name="Fox News [novilka]"  thumb="https://i.postimg.cc/zXLqZvny/ico-f-foxnews.png" >PlayMedia(&quot;http://ch.novilka.net:8000/Pacomana/hJfWHMAAG4/4861&quot;)</favourite>

	<favourite name="Russia Today (Español) [novilka]"  thumb="https://i.postimg.cc/rssMpF3Y/ico-f-rusia-today.png" >PlayMedia(&quot;http://adrivan.zapto.org:8001/1:0:1:1b65:3fc:1:c00000:0:0:0:&quot;)</favourite>



	
	
</favourites>