﻿<?xml version="1.0" encoding="UTF-8" standalone="yes"?>
<addon id="repository.arnubox" name="ARNU Box Repository" version="1.0.3" provider-name="ARNU Box">
	<extension point="xbmc.addon.repository" name="ARNU Box Repository">
		<info compressed="false">http://www.arnuboxota.com/repo/addons/addons.xml</info>
		<checksum>http://www.arnuboxota.com/repo/addons/addons.xml.md5</checksum>
		<datadir zip="true">http://www.arnuboxota.com/repo/addons</datadir>
	</extension>
	<extension point="xbmc.addon.metadata">
		<summary>The official ARNU Box XBMC/KODI Repository</summary>
		<description>The official ARNU Box XBMC/KODI Repository</description>
		<platform>all</platform>
	</extension>
</addon>

