<?xml version="1.0" encoding="UTF-8"?>
    <addon id="repository.nichi" name="Nichi" version="1.0.0" provider-name="Kuala">
        <requires>
            <import addon="xbmc.addon" version="12.0.0"/>
        </requires>
        <extension point="xbmc.addon.repository" name="Nichi">
            <info compressed="false">https://raw.githubusercontent.com/caensoro/nichi/_repo/addons.xml</info>
            <checksum>https://raw.githubusercontent.com/caensoro/nichi/_repo/addons.xml.md5</checksum>
            <datadir zip="true">https://raw.githubusercontent.com/caensoro/nichi/_repo/</datadir>
            <hashes>false</hashes>
        </extension>
        <extension point="xbmc.addon.metadata">
            <summary>Recopilation Of Best Spanish And Basic Addons</summary>
            <description>OSMC Raspberry Pi 2/3 Lovers. [CR]</description>
            <platform>all</platform>
    </extension>
</addon>