<favourites>
	<favourite name="La 1 [mysat]"  thumb="https://i.postimg.cc/9XTmZ35d/ico_f_la1.png" >PlayMedia(&quot;http://mysatiptv.ddns.net:8001/1:0:1:77C0:40A:1:C00000:0:0:0:&quot;)</favourite>
	<favourite name="La 1 [84]"  thumb="https://i.postimg.cc/9XTmZ35d/ico_f_la1.png" >PlayMedia(&quot;http://84.104.234.134:8001/1:0:1:77C0:40A:1:C00000:0:0:0:&quot;)</favourite>
	<favourite name="La 1 [for]"  thumb="https://i.postimg.cc/9XTmZ35d/ico_f_la1.png" >PlayMedia(&quot;http://forest.no-ip.org:8001/1:0:1:77C0:40A:1:C00000:0:0:0:&quot;)</favourite>

	
	<favourite name="La 2 [mysat]"  thumb="https://i.postimg.cc/PJmdjDz3/ico_f_la2.png" >PlayMedia(&quot;http://mysatiptv.ddns.net:8001/1:0:1:77C2:40A:1:C00000:0:0:0:&quot;)</favourite>
	<favourite name="La 2 [84]"  thumb="https://i.postimg.cc/PJmdjDz3/ico_f_la2.png" >PlayMedia(&quot;http://84.104.234.134:8001/1:0:1:77C2:40A:1:C00000:0:0:0:&quot;)</favourite>
	<favourite name="La 2 [for]"  thumb="https://i.postimg.cc/PJmdjDz3/ico_f_la2.png" >PlayMedia(&quot;http://forest.no-ip.org:8001/1:0:1:77C2:40A:1:C00000:0:0:0:&quot;)</favourite>

	<favourite name="Antena 3 [Web]"  thumb="https://i.postimg.cc/W4jbbXfG/ico-f-antena3.png" >PlayMedia(&quot;https://livestartover.atresmedia.com/antena3/master.m3u8&quot;)</favourite>
	<favourite name="Antena 3 [mysat]"  thumb="https://i.postimg.cc/W4jbbXfG/ico-f-antena3.png" >PlayMedia(&quot;http://mysatiptv.ddns.net:8001/1:0:1:7604:408:1:C00000:0:0:0:&quot;)</favourite>
	<favourite name="Antena 3 [84]"  thumb="https://i.postimg.cc/W4jbbXfG/ico-f-antena3.png" >PlayMedia(&quot;http://84.104.234.134:8001/1:0:1:7604:408:1:C00000:0:0:0:&quot;)</favourite>

	<favourite name="Cuatro [Web]"  thumb="https://i.postimg.cc/QNBBznLC/ico-f-cuatro.png" >PlayMedia(&quot;https://livehlsdai-i.akamaihd.net/hls/live/571643/cuatro/bitrate_4.m3u8&quot;)</favourite>
	<favourite name="Cuatro [mysat]"  thumb="https://i.postimg.cc/QNBBznLC/ico-f-cuatro.png" >PlayMedia(&quot;http://mysatiptv.ddns.net:8001/1:0:1:77C7:40A:1:C00000:0:0:0:&quot;)</favourite>
	<favourite name="Cuatro [84]"  thumb="https://i.postimg.cc/QNBBznLC/ico-f-cuatro.png" >PlayMedia(&quot;http://84.104.234.134:8001/1:0:1:77C7:40A:1:C00000:0:0:0:&quot;)</favourite>

	<favourite name="Telecinco [Web]"  thumb="https://i.postimg.cc/hvxVR25k/ico_f_telecinco.png" >PlayMedia(&quot;https://livehlsdai-i.akamaihd.net/hls/live/571640/telecinco/bitrate_4.m3u8&quot;)</favourite>
	<favourite name="Telecinco [mysat]"  thumb="https://i.postimg.cc/hvxVR25k/ico_f_telecinco.png" >PlayMedia(&quot;http://mysatiptv.ddns.net:8001/1:0:1:77c3:40a:1:c00000:0:0:0:&quot;)</favourite>
	<favourite name="Telecinco [84]"  thumb="https://i.postimg.cc/hvxVR25k/ico_f_telecinco.png" >PlayMedia(&quot;http://84.104.234.134:8001/1:0:1:77c3:40a:1:c00000:0:0:0:&quot;)</favourite>

	<favourite name="La Sexta [Web]"  thumb="https://i.postimg.cc/R0DSQ4ZR/ico_f_lasexta.png" >PlayMedia(&quot;https://livestartover.atresmedia.com/lasexta/master.m3u8&quot;)</favourite>
	<favourite name="La Sexta [mysat]"  thumb="https://i.postimg.cc/R0DSQ4ZR/ico_f_lasexta.png" >PlayMedia(&quot;http://mysatiptv.ddns.net:8001/1:0:1:77BF:40A:1:C00000:0:0:0:&quot;)</favourite>
	<favourite name="La Sexta [84]"  thumb="https://i.postimg.cc/R0DSQ4ZR/ico_f_lasexta.png" >PlayMedia(&quot;http://84.104.234.134:8001/1:0:1:77BF:40A:1:C00000:0:0:0:&quot;)</favourite>


	<favourite name="Mega (Geo) [Web]"  thumb="https://i.postimg.cc/sX7kQrQ1/ico_f_mega.png" >PlayMedia(&quot;https://livestartover.atresmedia.com/geomega/master.m3u8&quot;)</favourite>
	<favourite name="Mega [Web]"  thumb="https://i.postimg.cc/sX7kQrQ1/ico_f_mega.png" >PlayMedia(&quot;https://livestartover.atresmedia.com/mega/master.m3u8&quot;)</favourite>
	
	<favourite name="Neox [Web]"  thumb="https://i.postimg.cc/YCBmYNs9/ico-f-neox.png" >PlayMedia(&quot;https://livestartover.atresmedia.com/geoneox/master.m3u8&quot;)</favourite>
	<favourite name="Neox [84]"  thumb="https://i.postimg.cc/YCBmYNs9/ico-f-neox.png" >PlayMedia(&quot;http://84.104.234.134:8001/1:0:1:75FE:408:1:C00000:0:0:0:&quot;)</favourite>
	
	<favourite name="BeMad [Web]"  thumb="https://i.postimg.cc/Px0qhTGx/ico-f-bemad.png" >PlayMedia(&quot;https://mdslivehlsb-i.akamaihd.net/hls/live/623615/bemad/bitrate_4.m3u8?xtreamiptv.m3u8&quot;)</favourite>
	
	<favourite name="Energy [Web]"  thumb="https://i.postimg.cc/DynTG8ch/ico-f-energy.png" >PlayMedia(&quot;https://mdslivehlsb-i.akamaihd.net/hls/live/623617/energy/bitrate_4.m3u8&quot;)</favourite>
	





	<favourite name="Canal 24h. [84]"  thumb="https://i.postimg.cc/RZxvXgmk/ico-f-24h.png" >PlayMedia(&quot;http://84.104.234.134:8001/1:0:1:7738:416:1:C00000:0:0:0:&quot;)</favourite>
	<favourite name="Canal 24h. [for]"  thumb="https://i.postimg.cc/RZxvXgmk/ico-f-24h.png" >PlayMedia(&quot;http://forest.no-ip.org:8001/1:0:1:7738:416:1:C00000:0:0:0:&quot;)</favourite>
	<favourite name="Canal 24h. [so7]"  thumb="https://i.postimg.cc/RZxvXgmk/ico-f-24h.png" >PlayMedia(&quot;http://so7so8yso9.jetos.com:8001/1:0:1:7738:416:1:C00000:0:0:0:&quot;)</favourite>
	
	<favourite name="CNN [84]"  thumb="https://i.postimg.cc/85cGj3d6/ico_f_cnn.png" >PlayMedia(&quot;http://84.104.234.134:8001/1:0:1:2011:24B8:13E:820000:0:0:0:&quot;)</favourite>
	<favourite name="CNN [for]"  thumb="https://i.postimg.cc/85cGj3d6/ico_f_cnn.png" >PlayMedia(&quot;http://forest.no-ip.org:8001/1:0:1:2011:24B8:13E:820000:0:0:0:&quot;)</favourite>
	<favourite name="CNN [cur]"  thumb="https://i.postimg.cc/85cGj3d6/ico_f_cnn.png" >PlayMedia(&quot;http://curro647003.no-ip.org:8001/1:0:1:2011:24B8:13E:820000:0:0:0:&quot;)</favourite>
	
	<favourite name="BBC News [84]"  thumb="https://i.postimg.cc/ZK4WqYBB/ico_f_bbc_news.png" >PlayMedia(&quot;http://84.104.234.134:8001/1:0:1:200C:24B8:13E:820000:0:0:0:&quot;)</favourite>
	<favourite name="BBC News [for]"  thumb="https://i.postimg.cc/ZK4WqYBB/ico_f_bbc_news.png" >PlayMedia(&quot;http://forest.no-ip.org:8001/1:0:1:200C:24B8:13E:820000:0:0:0:&quot;)</favourite>
	<favourite name="BBC News [cur]"  thumb="https://i.postimg.cc/ZK4WqYBB/ico_f_bbc_news.png" >PlayMedia(&quot;http://curro647003.no-ip.org:8001/1:0:1:200C:24B8:13E:820000:0:0:0:&quot;)</favourite>
	
	<favourite name="CNBC [cdn77]"  thumb="https://i.postimg.cc/JhGDWTyp/ico_f_cnbc.png" >PlayMedia(&quot;https://1674331492.rsc.cdn77.org/LS-ATL-54548-14/index.m3u8&quot;)</favourite>
	<favourite name="CNBC [84]"  thumb="https://i.postimg.cc/JhGDWTyp/ico_f_cnbc.png" >PlayMedia(&quot;http://84.104.234.134:8001/1:0:1:C6C2:82A:2:11A0000:0:0:0:&quot;)</favourite>
	
	<favourite name="CBS News [Web]"  thumb="https://i.postimg.cc/1tJyPNCq/ico-f-cbs-news.png" >PlayMedia(&quot;http://cbsnewshd-lh.akamaihd.net/i/CBSNHD_7@199302/index_2200_av-p.m3u8&quot;)</favourite>
	
	<favourite name="ABC News [Web]"  thumb="https://i.postimg.cc/jq3RFPJV/ico_f_abc_news.png" >PlayMedia(&quot;http://abclive2-lh.akamaihd.net/i/abc_live11@423404/master.m3u8&quot;)</favourite>
	
	<favourite name="Sky News [Web]"  thumb="https://i.postimg.cc/D0NF43Kf/ico_f_sky_news.png" >PlayMedia(&quot;http://skydvn-nowtv-atv-prod.skydvn.com/atv/skynews/1404/live/05.m3u8?xtreamiptv.m3u8&quot;)</favourite>
	
	<favourite name="Fox News [cdn77]"  thumb="https://i.postimg.cc/zXLqZvny/ico_f_foxnews.png" >PlayMedia(&quot;https://1259541102.rsc.cdn77.org/LS-ATL-54548-4/tracks-v1a1/mono.m3u8 &quot;)</favourite>
	<favourite name="Fox News [84]"  thumb="https://i.postimg.cc/zXLqZvny/ico_f_foxnews.png" >PlayMedia(&quot;http://84.104.234.134:8001/1:0:1:749B:41C:1:C00000:0:0:0: &quot;)</favourite>
	
	<favourite name="Russia Today (ES) [Web]"  thumb="https://i.postimg.cc/rssMpF3Y/ico_f_rusia_today.png" >PlayMedia(&quot;http://rt-esp.secure.footprint.net:80/1102-inadv-qidx-1k_v3.m3u8&quot;)</favourite>
	<favourite name="Russia Today (ES) [84]"  thumb="https://i.postimg.cc/rssMpF3Y/ico_f_rusia_today.png" >PlayMedia(&quot;http://84.104.234.134:8001/1:0:19:18ee:3f4:1:c00000:0:0:0:&quot;)</favourite>
	


</favourites>