<favourites>
	<favourite name="VaVoo" thumb="special://home/addons/plugin.video.vavooto/resources/pvr.png">ActivateWindow(10025,&quot;plugin://plugin.video.vavooto/?action=channels&amp;sf_options=meta%3Dplot%253D%2525C2%2525A0%2526votes%253D0%2526label%253DLive%2526title%253DLive%26desc%3D%C2%A0%26_options_sf&quot;,return)</favourite>
	
	<favourite name="MultiDeportes" thumb="https://i.postimg.cc/FsZyRzn4/ico-f-xm-multideportes.png">PlayMedia(&quot;plugin://plugin.video.vavooto/?name=MULTIDEPORTE&amp;sf_options=meta%3Dvotes%253D0%2526label%253DMULTIDEPORTE%2526title%253DMULTIDEPORTE%26winID%3D10025%26_options_sf&quot;)</favourite>
	
	<favourite name="M+ #Vamos [COLOR 70FFFFFF][1][/COLOR]" thumb="https://i.postimg.cc/KvVW09xj/ico_f_xm___vamos.png">PlayMedia(&quot;plugin://plugin.video.vavooto/?name=CANAL+DEPORTES+2&amp;sf_options=meta%3Dvotes%253D0%2526label%253DCANAL%252BDEPORTES%252B2%2526title%253DCANAL%252BDEPORTES%252B2%26winID%3D10025%26_options_sf&quot;)</favourite>
	<favourite name="M+ #Vamos [COLOR 70FFFFFF][2][/COLOR]" thumb="https://i.postimg.cc/KvVW09xj/ico_f_xm___vamos.png">PlayMedia(&quot;plugin://plugin.video.vavooto/?name=MOVISTAR+VAMOS&amp;sf_options=meta%3Dvotes%253D0%2526label%253DMOVISTAR%252BVAMOS%2526title%253DMOVISTAR%252BVAMOS%26winID%3D10025%26_options_sf&quot;)</favourite>
	
	<favourite name="LaLigaTV Bar [COLOR 70FFFFFF][1][/COLOR]" thumb="https://i.postimg.cc/2j7qjXTp/ico_f_laligatv_bar.png">PlayMedia(&quot;plugin://plugin.video.vavooto/?name=LA+LIGA+BAR&amp;sf_options=meta%3Dvotes%253D0%2526label%253DLA%252BLIGA%252BBAR%2526title%253DLA%252BLIGA%252BBAR%26winID%3D10025%26_options_sf&quot;)</favourite>
	<favourite name="LaLigaTV Bar [COLOR 70FFFFFF][2][/COLOR]" thumb="https://i.postimg.cc/2j7qjXTp/ico_f_laligatv_bar.png">PlayMedia(&quot;plugin://plugin.video.vavooto/?name=LA+LIGA+TV&amp;sf_options=meta%3Dvotes%253D0%2526label%253DLA%252BLIGA%252BTV%2526title%253DLA%252BLIGA%252BTV%26winID%3D10025%26_options_sf&quot;)</favourite>
	
	<favourite name="Dazn LaLiga [COLOR 70FFFFFF][1][/COLOR]" thumb="https://i.postimg.cc/7L4ZQwnB/ico_f_dzn_laliga.png">PlayMedia(&quot;plugin://plugin.video.vavooto/?name=LIGA+TV+BAR+3&amp;sf_options=meta%3Dvotes%253D0%2526label%253DLIGA%252BTV%252BBAR%252B3%2526title%253DLIGA%252BTV%252BBAR%252B3%26winID%3D10025%26_options_sf&quot;)</favourite>
	
	<favourite name="M+ LaLiga TV [COLOR 70FFFFFF][1][/COLOR]" thumb="https://i.postimg.cc/FRmRNYw6/ico_f_xm__laligatv.png">PlayMedia(&quot;plugin://plugin.video.vavooto/?name=BEIN+LIGA&amp;sf_options=meta%3Dvotes%253D0%2526label%253DBEIN%252BLIGA%2526title%253DBEIN%252BLIGA%26winID%3D10025%26_options_sf&quot;)</favourite>
	<favourite name="M+ LaLiga TV [COLOR 70FFFFFF][2][/COLOR]" thumb="https://i.postimg.cc/FRmRNYw6/ico_f_xm__laligatv.png">PlayMedia(&quot;plugin://plugin.video.vavooto/?name=LA+LIGA+TV+BAR&amp;sf_options=meta%3Dvotes%253D0%2526label%253DLA%252BLIGA%252BTV%252BBAR%2526title%253DLA%252BLIGA%252BTV%252BBAR%26winID%3D10025%26_options_sf&quot;)</favourite>
	
	<favourite name="LaLiga SmartBank TV [COLOR 70FFFFFF][1][/COLOR]" thumb="https://i.postimg.cc/Dwkq667d/ico_f_liga_smartbank_tv.png">PlayMedia(&quot;plugin://plugin.video.vavooto/?name=MOVISTAR+LA+LIGA+2&amp;sf_options=meta%3Dvotes%253D0%2526label%253DMOVISTAR%252BLA%252BLIGA%252B2%2526title%253DMOVISTAR%252BLA%252BLIGA%252B2%26winID%3D10025%26_options_sf&quot;)</favourite>

	
	<favourite name="M+ Liga de Campeones [COLOR 70FFFFFF][1][/COLOR]" thumb="https://i.postimg.cc/gJWFNgy8/ico-f-xm-ligadecampeones.png">PlayMedia(&quot;plugin://plugin.video.vavooto/?name=LIGA+CAMPEONES&amp;sf_options=meta%3Dvotes%253D0%2526label%253DLIGA%252BCAMPEONES%2526title%253DLIGA%252BCAMPEONES%26winID%3D10025%26_options_sf&quot;)</favourite>
	<favourite name="M+ Liga de Campeones [COLOR 70FFFFFF][2][/COLOR]" thumb="https://i.postimg.cc/gJWFNgy8/ico-f-xm-ligadecampeones.png">PlayMedia(&quot;plugin://plugin.video.vavooto/?name=MLIGA+DE+CAMPEONES&amp;sf_options=meta%3Dvotes%253D0%2526label%253DMLIGA%252BDE%252BCAMPEONES%2526title%253DMLIGA%252BDE%252BCAMPEONES%26winID%3D10025%26_options_sf&quot;)</favourite>

	<favourite name="M+ Liga de Campeones 1 [COLOR 70FFFFFF][1][/COLOR]" thumb="https://i.postimg.cc/W3wRK0SK/ico_f_xm__ligadecampeones1.png">PlayMedia(&quot;plugin://plugin.video.vavooto/?name=LIGA+DE+CAMPEONES+1&amp;sf_options=meta%3Dvotes%253D0%2526label%253DLIGA%252BDE%252BCAMPEONES%252B1%2526title%253DLIGA%252BDE%252BCAMPEONES%252B1%26winID%3D10025%26_options_sf&quot;)</favourite>
	<favourite name="M+ Liga de Campeones 1 [COLOR 70FFFFFF][2][/COLOR]" thumb="https://i.postimg.cc/W3wRK0SK/ico_f_xm__ligadecampeones1.png">PlayMedia(&quot;plugin://plugin.video.vavooto/?name=MOVISTAR+LIGA+DE+CAMPEONES+1&amp;sf_options=meta%3Dvotes%253D0%2526label%253DMOVISTAR%252BLIGA%252BDE%252BCAMPEONES%252B1%2526title%253DMOVISTAR%252BLIGA%252BDE%252BCAMPEONES%252B1%26winID%3D10025%26_options_sf&quot;)</favourite>
	
	<favourite name="M+ Liga de Campeones 2 [COLOR 70FFFFFF][1][/COLOR]" thumb="https://i.postimg.cc/KjcXy4HY/ico_f_xm__ligadecampeones2.png">PlayMedia(&quot;plugin://plugin.video.vavooto/?name=LIGA+CAMPEONES+2&amp;sf_options=meta%3Dvotes%253D0%2526label%253DLIGA%252BCAMPEONES%252B2%2526title%253DLIGA%252BCAMPEONES%252B2%26winID%3D10025%26_options_sf&quot;)</favourite>
	<favourite name="M+ Liga de Campeones 2 [COLOR 70FFFFFF][2][/COLOR]" thumb="https://i.postimg.cc/KjcXy4HY/ico_f_xm__ligadecampeones2.png">PlayMedia(&quot;plugin://plugin.video.vavooto/?name=LIGA+DE+CAMPEONES+2&amp;sf_options=meta%3Dvotes%253D0%2526label%253DLIGA%252BDE%252BCAMPEONES%252B2%2526title%253DLIGA%252BDE%252BCAMPEONES%252B2%26winID%3D10025%26_options_sf&quot;)</favourite>
	

	<favourite name="Dazn 1 [COLOR 70FFFFFF][1][/COLOR]" thumb="https://i.postimg.cc/xdwSHGDv/ico-f-dazn1.png">PlayMedia(&quot;plugin://plugin.video.vavooto/?name=DAZN+1&amp;sf_options=meta%3Dvotes%253D0%2526label%253DDAZN%252B1%2526title%253DDAZN%252B1%26winID%3D10025%26_options_sf&quot;)</favourite>
	<favourite name="Dazn 1 [COLOR 70FFFFFF][2][/COLOR]" thumb="https://i.postimg.cc/xdwSHGDv/ico-f-dazn1.png">PlayMedia(&quot;plugin://plugin.video.vavooto/?name=DAZN+ESPANA&amp;sf_options=meta%3Dvotes%253D0%2526label%253DDAZN%252BESPANA%2526title%253DDAZN%252BESPANA%26winID%3D10025%26_options_sf&quot;)</favourite>
	
	<favourite name="Dazn 2 [COLOR 70FFFFFF][1][/COLOR]" thumb="https://i.postimg.cc/nhwxVb3w/ico-f-dazn2.png">PlayMedia(&quot;plugin://plugin.video.vavooto/?name=DAZN+2&amp;sf_options=meta%3Dvotes%253D0%2526label%253DDAZN%252B2%2526title%253DDAZN%252B2%26winID%3D10025%26_options_sf&quot;)</favourite>
	<favourite name="Dazn 2 [COLOR 70FFFFFF][2][/COLOR]" thumb="https://i.postimg.cc/nhwxVb3w/ico-f-dazn2.png">PlayMedia(&quot;plugin://plugin.video.vavooto/?name=MOVISTAR+MOTO+GP&amp;sf_options=meta%3Dvotes%253D0%2526label%253DMOVISTAR%252BMOTO%252BGP%2526title%253DMOVISTAR%252BMOTO%252BGP%26winID%3D10025%26_options_sf&quot;)</favourite>
	
	<favourite name="Dazn F1 [COLOR 70FFFFFF][1][/COLOR]" thumb="https://i.postimg.cc/nhLZtcGD/ico_f_dazn-f1.png">PlayMedia(&quot;plugin://plugin.video.vavooto/?name=DAZN+F1&amp;sf_options=meta%3Dvotes%253D0%2526label%253DDAZN%252BF1%2526title%253DDAZN%252BF1%26winID%3D10025%26_options_sf&quot;)</favourite>
	<favourite name="Dazn F1 [COLOR 70FFFFFF][2][/COLOR]" thumb="https://i.postimg.cc/nhLZtcGD/ico_f_dazn-f1.png">PlayMedia(&quot;plugin://plugin.video.vavooto/?name=MOVISTAR+F1&amp;sf_options=meta%3Dvotes%253D0%2526label%253DMOVISTAR%252BF1%2526title%253DMOVISTAR%252BF1%26winID%3D10025%26_options_sf&quot;)</favourite>
	
	<favourite name="M+ Deportes [COLOR 70FFFFFF][1][/COLOR]" thumb="https://i.postimg.cc/gc3rz7BF/ico_f_xm__deportes.png">PlayMedia(&quot;plugin://plugin.video.vavooto/?name=CANAL+DEPORTES&amp;sf_options=meta%3Dvotes%253D0%2526label%253DCANAL%252BDEPORTES%2526title%253DCANAL%252BDEPORTES%26winID%3D10025%26_options_sf&quot;)</favourite>
	<favourite name="M+ Deportes [COLOR 70FFFFFF][2][/COLOR]" thumb="https://i.postimg.cc/gc3rz7BF/ico_f_xm__deportes.png">PlayMedia(&quot;plugin://plugin.video.vavooto/?name=MDEPORTES&amp;sf_options=meta%3Dvotes%253D0%2526label%253DMDEPORTES%2526title%253DMDEPORTES%26winID%3D10025%26_options_sf&quot;)</favourite>
	
	
	<favourite name="M+ Golf [COLOR 70FFFFFF][1][/COLOR]" thumb="https://i.postimg.cc/P5JtwVKq/ico_f_xm__golf.png">PlayMedia(&quot;plugin://plugin.video.vavooto/?name=CANAL+GOLF&amp;sf_options=meta%3Dvotes%253D0%2526label%253DCANAL%252BGOLF%2526title%253DCANAL%252BGOLF%26winID%3D10025%26_options_sf&quot;)</favourite>
	<favourite name="M+ Golf [COLOR 70FFFFFF][2][/COLOR]" thumb="https://i.postimg.cc/P5JtwVKq/ico_f_xm__golf.png">PlayMedia(&quot;plugin://plugin.video.vavooto/?name=MGOLF&amp;sf_options=meta%3Dvotes%253D0%2526label%253DMGOLF%2526title%253DMGOLF%26winID%3D10025%26_options_sf&quot;)</favourite>
	
	
	<favourite name="Eurosport 1 [COLOR 70FFFFFF][1][/COLOR]" thumb="https://i.postimg.cc/h49nh9TM/ico-f-eurosport1.png">PlayMedia(&quot;plugin://plugin.video.vavooto/?name=EUROSPORT+1&amp;sf_options=meta%3Dvotes%253D0%2526label%253DEUROSPORT%252B1%2526title%253DEUROSPORT%252B1%26winID%3D10025%26_options_sf&quot;)</favourite>
	<favourite name="Eurosport 2 [COLOR 70FFFFFF][1][/COLOR]" thumb="https://i.postimg.cc/5yMMn0dw/ico-f-eurosport2.png">PlayMedia(&quot;plugin://plugin.video.vavooto/?name=EUROSPORT+2&amp;sf_options=meta%3Dvotes%253D0%2526label%253DEUROSPORT%252B2%2526title%253DEUROSPORT%252B2%26winID%3D10025%26_options_sf&quot;)</favourite>
	
	<favourite name="Ubeat [COLOR 70FFFFFF][1][/COLOR]" thumb="https://i.postimg.cc/cJG1BK1J/ico_f_ubeat_22.png">PlayMedia(&quot;plugin://plugin.video.vavooto/?name=UBEAT&amp;sf_options=meta%3Dvotes%253D0%2526label%253DUBEAT%2526title%253DUBEAT%26winID%3D10025%26_options_sf&quot;)</favourite>
	<favourite name="Barça TV [COLOR 70FFFFFF][1][/COLOR]" thumb="https://i.postimg.cc/HkKQ67Gm/ico_f_barçatv.png">PlayMedia(&quot;plugin://plugin.video.vavooto/?name=BARCA+TV&amp;sf_options=meta%3Dvotes%253D0%2526label%253DBARCA%252BTV%2526title%253DBARCA%252BTV%26winID%3D10025%26_options_sf&quot;)</favourite>
	
	<favourite name="Gol Play [COLOR 70FFFFFF][1][/COLOR]" thumb="https://i.postimg.cc/5t80hBKv/ico_f_golplay.png">PlayMedia(&quot;plugin://plugin.video.vavooto/?name=GOL&amp;sf_options=meta%3Dvotes%253D0%2526label%253DGOL%2526title%253DGOL%26winID%3D10025%26_options_sf&quot;)</favourite>
	<favourite name="Gol Play [COLOR 70FFFFFF][2][/COLOR]" thumb="https://i.postimg.cc/5t80hBKv/ico_f_golplay.png">PlayMedia(&quot;plugin://plugin.video.vavooto/?name=GOL+TV&amp;sf_options=meta%3Dvotes%253D0%2526label%253DGOL%252BTV%2526title%253DGOL%252BTV%26winID%3D10025%26_options_sf&quot;)</favourite>

	
	


	<favourite name="M+ #Vamos [COLOR 70FFFFFF][3][/COLOR]" thumb="https://i.postimg.cc/KvVW09xj/ico_f_xm___vamos.png">PlayMedia(&quot;plugin://plugin.video.vavooto/?name=VAMOS&amp;sf_options=meta%3Dvotes%253D0%2526label%253DVAMOS%2526title%253DVAMOS%26winID%3D10025%26_options_sf&quot;)</favourite>
	<favourite name="M+ #Vamos [COLOR 70FFFFFF][4][/COLOR]" thumb="https://i.postimg.cc/KvVW09xj/ico_f_xm___vamos.png">PlayMedia(&quot;plugin://plugin.video.vavooto/?name=VAMOS+BAR+1&amp;sf_options=meta%3Dvotes%253D0%2526label%253DVAMOS%252BBAR%252B1%2526title%253DVAMOS%252BBAR%252B1%26winID%3D10025%26_options_sf&quot;)</favourite>
	<favourite name="M+ #Vamos [COLOR 70FFFFFF][5][/COLOR]" thumb="https://i.postimg.cc/KvVW09xj/ico_f_xm___vamos.png">PlayMedia(&quot;plugin://plugin.video.vavooto/?name=VAMOS+BAR+2&amp;sf_options=meta%3Dvotes%253D0%2526label%253DVAMOS%252BBAR%252B2%2526title%253DVAMOS%252BBAR%252B2%26winID%3D10025%26_options_sf&quot;)</favourite>
	
	<favourite name="LaLigaTV Bar [COLOR 70FFFFFF][3][/COLOR]" thumb="https://i.postimg.cc/2j7qjXTp/ico_f_laligatv_bar.png">PlayMedia(&quot;plugin://plugin.video.vavooto/?name=LALIGA+TV+BAR&amp;sf_options=meta%3Dvotes%253D0%2526label%253DLALIGA%252BTV%252BBAR%2526title%253DLALIGA%252BTV%252BBAR%26winID%3D10025%26_options_sf&quot;)</favourite>
	
	<favourite name="M+ LaLiga TV [COLOR 70FFFFFF][3][/COLOR]" thumb="https://i.postimg.cc/FRmRNYw6/ico_f_xm__laligatv.png">PlayMedia(&quot;plugin://plugin.video.vavooto/?name=LALIGA+123&amp;sf_options=meta%3Dvotes%253D0%2526label%253DLALIGA%252B123%2526title%253DLALIGA%252B123%26winID%3D10025%26_options_sf&quot;)</favourite>
	<favourite name="M+ LaLiga TV [COLOR 70FFFFFF][4][/COLOR]" thumb="https://i.postimg.cc/FRmRNYw6/ico_f_xm__laligatv.png">PlayMedia(&quot;plugin://plugin.video.vavooto/?name=MOVISTAR+LA+LIGA&amp;sf_options=meta%3Dvotes%253D0%2526label%253DMOVISTAR%252BLA%252BLIGA%2526title%253DMOVISTAR%252BLA%252BLIGA%26winID%3D10025%26_options_sf&quot;)</favourite>
	
	
	<favourite name="M+ LaLiga TV 1 [COLOR 70FFFFFF][1][/COLOR]" thumb="https://i.postimg.cc/4Nn3fkFX/ico_f_xm__laligatv1.png">PlayMedia(&quot;plugin://plugin.video.vavooto/?name=BEIN+LALIGA+1+BACKUP&amp;sf_options=meta%3Dvotes%253D0%2526label%253DBEIN%252BLALIGA%252B1%252BBACKUP%2526title%253DBEIN%252BLALIGA%252B1%252BBACKUP%26winID%3D10025%26_options_sf&quot;)</favourite>

	<favourite name="M+ LaLiga TV 2 [COLOR 70FFFFFF][1][/COLOR]" thumb="https://i.postimg.cc/bNMwdCKk/ico_f_xm__laligatv2.png">PlayMedia(&quot;plugin://plugin.video.vavooto/?name=MOVISTAR+GOLF&amp;sf_options=meta%3Dvotes%253D0%2526label%253DMOVISTAR%252BGOLF%2526title%253DMOVISTAR%252BGOLF%26winID%3D10025%26_options_sf&quot;)</favourite>
	<favourite name="M+ LaLiga TV 2 [COLOR 70FFFFFF][2][/COLOR]" thumb="https://i.postimg.cc/bNMwdCKk/ico_f_xm__laligatv2.png">PlayMedia(&quot;plugin://plugin.video.vavooto/?name=MOVISTAR+LA+LIGA+3&amp;sf_options=meta%3Dvotes%253D0%2526label%253DMOVISTAR%252BLA%252BLIGA%252B3%2526title%253DMOVISTAR%252BLA%252BLIGA%252B3%26winID%3D10025%26_options_sf&quot;)</favourite>
	
	
	<favourite name="M+ Liga de Campeones 2 [COLOR 70FFFFFF][3][/COLOR]" thumb="https://i.postimg.cc/KjcXy4HY/ico_f_xm__ligadecampeones2.png">PlayMedia(&quot;plugin://plugin.video.vavooto/?name=MOVISTAR+LIGA+DE+CAMPEONES+2&amp;sf_options=meta%3Dvotes%253D0%2526label%253DMOVISTAR%252BLIGA%252BDE%252BCAMPEONES%252B2%2526title%253DMOVISTAR%252BLIGA%252BDE%252BCAMPEONES%252B2%26winID%3D10025%26_options_sf&quot;)</favourite>
	
	<favourite name="M+ Liga de Campeones 3 [COLOR 70FFFFFF][1][/COLOR]" thumb="https://i.postimg.cc/7hKFPDFn/ico_f_xm__ligadecampeones3.png">PlayMedia(&quot;plugin://plugin.video.vavooto/?name=LIGA+DE+CAMPEONES&amp;sf_options=meta%3Dvotes%253D0%2526label%253DLIGA%252BDE%252BCAMPEONES%2526title%253DLIGA%252BDE%252BCAMPEONES%26winID%3D10025%26_options_sf&quot;)</favourite>
	<favourite name="M+ Liga de Campeones 3 [COLOR 70FFFFFF][2][/COLOR]" thumb="https://i.postimg.cc/7hKFPDFn/ico_f_xm__ligadecampeones3.png">PlayMedia(&quot;plugin://plugin.video.vavooto/?name=MOVISTAR+LIGA+DE+CAMPEONES+3&amp;sf_options=meta%3Dvotes%253D0%2526label%253DMOVISTAR%252BLIGA%252BDE%252BCAMPEONES%252B3%2526title%253DMOVISTAR%252BLIGA%252BDE%252BCAMPEONES%252B3%26winID%3D10025%26_options_sf&quot;)</favourite>
	
	
	

	<favourite name="Dazn 3 [COLOR 70FFFFFF][1][/COLOR]" thumb="https://i.postimg.cc/L5ZDPfS1/ico_f_dazn3.png">PlayMedia(&quot;plugin://plugin.video.vavooto/?name=DAZN+3&amp;sf_options=meta%3Dvotes%253D0%2526label%253DDAZN%252B3%2526title%253DDAZN%252B3%26winID%3D10025%26_options_sf&quot;)</favourite>
	
	<favourite name="Dazn 4 [COLOR 70FFFFFF][1][/COLOR]" thumb="https://i.postimg.cc/cHzT6hpW/ico_f_dazn4.png">PlayMedia(&quot;plugin://plugin.video.vavooto/?name=DAZN+4&amp;sf_options=meta%3Dvotes%253D0%2526label%253DDAZN%252B4%2526title%253DDAZN%252B4%26winID%3D10025%26_options_sf&quot;)</favourite>
	
	<favourite name="Dazn F1 [COLOR 70FFFFFF][3][/COLOR]" thumb="https://i.postimg.cc/nhLZtcGD/ico_f_dazn-f1.png">PlayMedia(&quot;plugin://plugin.video.vavooto/?name=MOVISTAR+FORMULA+1&amp;sf_options=meta%3Dvotes%253D0%2526label%253DMOVISTAR%252BFORMULA%252B1%2526title%253DMOVISTAR%252BFORMULA%252B1%26winID%3D10025%26_options_sf&quot;)</favourite>
	<favourite name="Dazn F1 [COLOR 70FFFFFF][4][/COLOR]" thumb="https://i.postimg.cc/nhLZtcGD/ico_f_dazn-f1.png">PlayMedia(&quot;plugin://plugin.video.vavooto/?name=M+FORMULA+1&amp;sf_options=meta%3Dvotes%253D0%2526label%253DM%252BFORMULA%252B1%2526title%253DM%252BFORMULA%252B1%26winID%3D10025%26_options_sf&quot;)</favourite>
	<favourite name="Dazn F1 [COLOR 70FFFFFF][5][/COLOR]" thumb="https://i.postimg.cc/nhLZtcGD/ico_f_dazn-f1.png">PlayMedia(&quot;plugin://plugin.video.vavooto/?name=MFORMULA+1&amp;sf_options=meta%3Dvotes%253D0%2526label%253DMFORMULA%252B1%2526title%253DMFORMULA%252B1%26winID%3D10025%26_options_sf&quot;)</favourite>
	
	
	<favourite name="M+ Deportes [COLOR 70FFFFFF][3][/COLOR]" thumb="https://i.postimg.cc/gc3rz7BF/ico_f_xm__deportes.png">PlayMedia(&quot;plugin://plugin.video.vavooto/?name=MOVISTAR+DEPORTE&amp;sf_options=meta%3Dvotes%253D0%2526label%253DMOVISTAR%252BDEPORTE%2526title%253DMOVISTAR%252BDEPORTE%26winID%3D10025%26_options_sf&quot;)</favourite>
	<favourite name="M+ Deportes [COLOR 70FFFFFF][4][/COLOR]" thumb="https://i.postimg.cc/gc3rz7BF/ico_f_xm__deportes.png">PlayMedia(&quot;plugin://plugin.video.vavooto/?name=MOVISTAR+DEPORTES&amp;sf_options=meta%3Dvotes%253D0%2526label%253DMOVISTAR%252BDEPORTES%2526title%253DMOVISTAR%252BDEPORTES%26winID%3D10025%26_options_sf&quot;)</favourite>
	<favourite name="M+ Deportes 1" thumb="https://i.postimg.cc/0yXyX1rm/ico_f_xm__deportes1.png">PlayMedia(&quot;plugin://plugin.video.vavooto/?name=MOVISTAR+DEPORTES+1&amp;sf_options=meta%3Dvotes%253D0%2526label%253DMOVISTAR%252BDEPORTES%252B1%2526title%253DMOVISTAR%252BDEPORTES%252B1%26winID%3D10025%26_options_sf&quot;)</favourite>


</favourites>