<favourites>
	<favourite name="La 1" thumb="https://i.postimg.cc/9XTmZ35d/ico_f_la1.png">PlayMedia(&quot;plugin://plugin.video.tvone/play/370/play.pvr?sf_options=meta%3Dvotes%253D0%2526label%253DES%252B-%252BLa1%2526title%253DES%252B-%252BLa1%26winID%3D10025%26_options_sf&quot;)</favourite>
	<favourite name="La 2" thumb="https://i.postimg.cc/PJmdjDz3/ico_f_la2.png">PlayMedia(&quot;plugin://plugin.video.tvone/play/371/play.pvr?sf_options=meta%3Dvotes%253D0%2526label%253DES%252B-%252BLa2%2526title%253DES%252B-%252BLa2%26winID%3D10025%26_options_sf&quot;)</favourite>
	<favourite name="Antena 3" thumb="https://i.postimg.cc/W4jbbXfG/ico_f_antena3.png">PlayMedia(&quot;plugin://plugin.video.tvone/play/339/play.pvr?sf_options=meta%3Dvotes%253D0%2526label%253DES%252B-%252BAntenna%252B3%2526title%253DES%252B-%252BAntenna%252B3%26winID%3D10025%26_options_sf&quot;)</favourite>
	<favourite name="Cuatro" thumb="https://i.postimg.cc/QNBBznLC/ico_f_cuatro.png">PlayMedia(&quot;plugin://plugin.video.tvone/play/364/play.pvr?sf_options=meta%3Dvotes%253D0%2526label%253DES%252B-%252BCuatro%2526title%253DES%252B-%252BCuatro%26winID%3D10025%26_options_sf&quot;)</favourite>
	<favourite name="Telecinco" thumb="https://i.postimg.cc/hvxVR25k/ico_f_telecinco.png">PlayMedia(&quot;plugin://plugin.video.tvone/play/365/play.pvr?sf_options=meta%3Dvotes%253D0%2526label%253DES%252B-%252BTelecinco%2526title%253DES%252B-%252BTelecinco%26winID%3D10025%26_options_sf&quot;)</favourite>
	<favourite name="La Sexta" thumb="https://i.postimg.cc/R0DSQ4ZR/ico_f_lasexta.png">PlayMedia(&quot;plugin://plugin.video.tvone/play/340/play.pvr?sf_options=meta%3Dvotes%253D0%2526label%253DES%252B-%252BLa%252BSexta%2526title%253DES%252B-%252BLa%252BSexta%26winID%3D10025%26_options_sf&quot;)</favourite>
	<favourite name="Mega" thumb="https://i.postimg.cc/sX7kQrQ1/ico_f_mega.png">PlayMedia(&quot;plugin://plugin.video.tvone/play/720/play.pvr?sf_options=meta%3Dvotes%253D0%2526label%253DES%252B-%252BMega%2526title%253DES%252B-%252BMega%26winID%3D10025%26_options_sf&quot;)</favourite>
	<favourite name="M+ #0" thumb="https://i.postimg.cc/cCVdqmn8/ico_f_0.png">PlayMedia(&quot;plugin://plugin.video.tvone/play/745/play.pvr?sf_options=meta%3Dduration%253D0%2526votes%253D0%2526label%253DES%252B-%252BMovistar%252B%2525230%2526title%253DES%252B-%252BMovistar%252B%2525230%26winID%3D10025%26_options_sf&quot;)</favourite>
	<favourite name="M+ Estrenos" thumb="https://i.postimg.cc/Y9KVwsn7/ico-f-m-estrenos.png">PlayMedia(&quot;plugin://plugin.video.tvone/play/803/play.pvr?sf_options=meta%3Dvotes%253D0%2526label%253DES%252B-%252BMovistar%252BEsternos%2526title%253DES%252B-%252BMovistar%252BEsternos%26winID%3D10025%26_options_sf&quot;)</favourite>
	<favourite name="M+ CineDoc&Roll" thumb="https://i.postimg.cc/wxmNMTqg/ico-f-m-cinedoc-roll.png">PlayMedia(&quot;plugin://plugin.video.tvone/play/460/play.pvr?sf_options=meta%3Dvotes%253D0%2526label%253DES%252B-%252BMovistar%252Bxtra%2526title%253DES%252B-%252BMovistar%252Bxtra%26winID%3D10025%26_options_sf&quot;)</favourite>
	<favourite name="M+ Acción" thumb="https://i.postimg.cc/kgwXGxrL/ico_f_m_accion.png">PlayMedia(&quot;plugin://plugin.video.tvone/play/463/play.pvr?sf_options=meta%3Dvotes%253D0%2526label%253DES%252B-%252BMovistar%252Baccion%2526title%253DES%252B-%252BMovistar%252Baccion%26winID%3D10025%26_options_sf&quot;)</favourite>
	<favourite name="M+ Comedia" thumb="https://i.postimg.cc/gkST0JSN/ico_f_m_comedia.png">PlayMedia(&quot;plugin://plugin.video.tvone/play/462/play.pvr?sf_options=meta%3Dvotes%253D0%2526label%253DES%252B-%252BMovistar%252Bcomedia%2526title%253DES%252B-%252BMovistar%252Bcomedia%26winID%3D10025%26_options_sf&quot;)</favourite>
	<favourite name="M+ Drama" thumb="https://i.postimg.cc/wj6RwXhj/ico_f_m_drama.png">PlayMedia(&quot;plugin://plugin.video.tvone/play/461/play.pvr?sf_options=meta%3Dvotes%253D0%2526label%253DES%252B-%252BMovistar%252Bdcine%2526title%253DES%252B-%252BMovistar%252Bdcine%26winID%3D10025%26_options_sf&quot;)</favourite>
	<favourite name="M+ Cine Ñ" thumb="https://i.postimg.cc/SxmxmgPW/ico_f_m_cine_ñ.png">PlayMedia(&quot;plugin://plugin.video.tvone/play/464/play.pvr?sf_options=meta%3Dvotes%253D0%2526label%253DES%252B-%252BMovistar%252Bcine%252Bn%2526title%253DES%252B-%252BMovistar%252Bcine%252Bn%26winID%3D10025%26_options_sf&quot;)</favourite>
	<favourite name="M+ Series" thumb="https://i.postimg.cc/NFxZDkxc/ico_f_m_series.png">PlayMedia(&quot;plugin://plugin.video.tvone/play/459/play.pvr?sf_options=meta%3Dvotes%253D0%2526label%253DES%252B-%252BMovistar%252Bseries%2526title%253DES%252B-%252BMovistar%252Bseries%26winID%3D10025%26_options_sf&quot;)</favourite>
	<favourite name="M+ Seriesmania (kodispaintv)" thumb="https://i.postimg.cc/jdY7702N/ico_f_m_seriesmania.png">PlayMedia(&quot;plugin://plugin.video.kodispaintv/?url=https%3A%24doregex%5Bget-id%5D%7CReferer%3Dhttps%3A%2F%2Fvergol.com%2Fcanales%2Flive3%2Fbeinsport.php%26User-Agent%3DMozilla%2F5.0&amp;mode=17&amp;regexs=%7Bu%27get-id%27%3A%20%7B%27x-req%27%3A%20u%27XMLHttpRequest%27%2C%20%27cookiejar%27%3A%20%27%27%2C%20%27name%27%3A%20u%27get-id%27%2C%20%27accept%27%3A%20u%27%2A/%2A%27%2C%20%27connection%27%3A%20u%27keep-alive%27%2C%20%27expres%27%3A%20u%22source%3A%20%27%28.%2A%3F%29%27%22%2C%20%27referer%27%3A%20u%27https%3A//verliga1.net/%27%2C%20%27agent%27%3A%20u%27Mozilla/5.0%27%2C%20%27page%27%3A%20u%27https%3A%24doregex%5Bpage2%5D%27%2C%20%27rawpost%27%3A%20u%27password%3D12345%27%7D%2C%20u%27page2%27%3A%20%7B%27expres%27%3A%20u%27src%3D%22%28%5B%5E%22%5D%2B%29%27%2C%20%27referer%27%3A%20u%27https%3A//verliga1.net/%27%2C%20%27name%27%3A%20u%27page2%27%2C%20%27agent%27%3A%20u%27Mozilla/5.0%27%2C%20%27page%27%3A%20u%27https%3A//verliga1.net%24doregex%5Bpage3%5D%27%7D%2C%20u%27page3%27%3A%20%7B%27expres%27%3A%20u%27450%22%20src%3D%22%28%5B%5E%22%5D%2B%29%27%2C%20%27referer%27%3A%20u%27https%3A//verliga1.net/%27%2C%20%27name%27%3A%20u%27page3%27%2C%20%27agent%27%3A%20u%27Mozilla/5.0%27%2C%20%27page%27%3A%20u%27https%3A//verliga1.net/ver-movistar-seriesmania-online-gratis-en-directo-por-internet/%27%7D%7D&amp;iconimage=https%3A%2F%2Fverliga1.net%2Flogos%2Fseriesmania.png&amp;sf_options=meta%3Dduration%253D0%2526votes%253D0%2526label%253Dseriesmania%252BOnline%252BGratis%252B%2526title%253Dseriesmania%252BOnline%252BGratis%252B%26winID%3D10025%26_options_sf&quot;)</favourite>
	<favourite name="AMC" thumb="https://i.postimg.cc/wMt9bP7p/ico_f_amc.png">PlayMedia(&quot;plugin://plugin.video.tvone/play/804/play.pvr?sf_options=meta%3Dvotes%253D0%2526label%253DES%252B-%252BAMC%2526title%253DES%252B-%252BAMC%26winID%3D10025%26_options_sf&quot;)</favourite>
	<favourite name="TNT" thumb="https://i.postimg.cc/GmjJpSmr/ico_f_tnt.png">PlayMedia(&quot;plugin://plugin.video.tvone/play/368/play.pvr?sf_options=meta%3Dvotes%253D0%2526label%253DES%252B-%252BTNT%2526title%253DES%252B-%252BTNT%26winID%3D10025%26_options_sf&quot;)</favourite>
	<favourite name="Fox" thumb="https://i.postimg.cc/Qt73Q7P8/ico_f_fox.png">PlayMedia(&quot;plugin://plugin.video.tvone/play/360/play.pvr?sf_options=meta%3Dvotes%253D0%2526label%253DES%252B-%252BFox%2526title%253DES%252B-%252BFox%26winID%3D10025%26_options_sf&quot;)</favourite>
	<favourite name="Hollywood" thumb="https://i.postimg.cc/VLWzZjN5/ico_f_hollywood.png">PlayMedia(&quot;plugin://plugin.video.tvone/play/373/play.pvr?sf_options=meta%3Dvotes%253D0%2526label%253DES%252B-%252BHollywood%2526title%253DES%252B-%252BHollywood%26winID%3D10025%26_options_sf&quot;)</favourite>
	<favourite name="AXN" thumb="https://i.postimg.cc/9MQmyz2z/ico_f_axn.png">PlayMedia(&quot;plugin://plugin.video.tvone/play/341/play.pvr?sf_options=meta%3Dvotes%253D0%2526label%253DES%252B-%252BAXN%2526title%253DES%252B-%252BAXN%26winID%3D10025%26_options_sf&quot;)</favourite>
	<favourite name="Calle 13" thumb="https://i.postimg.cc/gJx0frTQ/ico_f_calle13.png">PlayMedia(&quot;plugin://plugin.video.tvone/play/353/play.pvr?sf_options=meta%3Dvotes%253D0%2526label%253DES%252B-%252BCalle%252B13%2526title%253DES%252B-%252BCalle%252B13%26winID%3D10025%26_options_sf&quot;)</favourite>
	<favourite name="Syfy" thumb="https://i.postimg.cc/YqK1zw4M/ico_f_syfy.png">PlayMedia(&quot;plugin://plugin.video.tvone/play/369/play.pvr?sf_options=meta%3Dvotes%253D0%2526label%253DES%252B-%252BSyfy%2526title%253DES%252B-%252BSyfy%26winID%3D10025%26_options_sf&quot;)</favourite>
	<favourite name="AXN White" thumb="https://i.postimg.cc/9MQmyz2z/ico_f_axn.png">PlayMedia(&quot;plugin://plugin.video.tvone/play/366/play.pvr?sf_options=meta%3Dvotes%253D0%2526label%253DES%252B-%252BAXN%252BWhite%2526title%253DES%252B-%252BAXN%252BWhite%26winID%3D10025%26_options_sf&quot;)</favourite>
	<favourite name="Cosmo" thumb="https://i.postimg.cc/vZyccY4x/ico_f_cosmo.png">PlayMedia(&quot;plugin://plugin.video.tvone/play/367/play.pvr?sf_options=meta%3Dvotes%253D0%2526label%253DES%252B-%252BCosmo%2526title%253DES%252B-%252BCosmo%26winID%3D10025%26_options_sf&quot;)</favourite>
	<favourite name="Fox Life" thumb="https://i.postimg.cc/yNtK3jLp/ico_f_foxlife.png">PlayMedia(&quot;plugin://plugin.video.tvone/play/372/play.pvr?sf_options=meta%3Dvotes%253D0%2526label%253DES%252B-%252BFox%252BLife%2526title%253DES%252B-%252BFox%252BLife%26winID%3D10025%26_options_sf&quot;)</favourite>
	<favourite name="TCM" thumb="https://i.postimg.cc/CMfG8Kxc/ico_f_tcm.png">PlayMedia(&quot;plugin://plugin.video.tvone/play/805/play.pvr?sf_options=meta%3Dvotes%253D0%2526label%253DES%252B-%252BTCM%2526title%253DES%252B-%252BTCM%26winID%3D10025%26_options_sf&quot;)</favourite>
	<favourite name="#Vamos" thumb="https://i.postimg.cc/DZp9PZ5w/ico_f_m__vamos.png">PlayMedia(&quot;plugin://plugin.video.tvone/play/458/play.pvr?sf_options=meta%3Dvotes%253D0%2526label%253DES%252B-%252BMovistar%252Bdeportes%252B2%2526title%253DES%252B-%252BMovistar%252Bdeportes%252B2%26winID%3D10025%26_options_sf&quot;)</favourite>
	<favourite name="LaLiga TV" thumb="https://i.postimg.cc/d3MJp6dZ/ico_f_laligatv.png">PlayMedia(&quot;plugin://plugin.video.tvone/play/743/play.pvr?sf_options=meta%3Dvotes%253D0%2526label%253DES%252B-%252BLa%252BLiga%2526title%253DES%252B-%252BLa%252BLiga%26winID%3D10025%26_options_sf&quot;)</favourite>
	<favourite name="beIN Sports LaLiga" thumb="https://i.postimg.cc/HswLGq6Y/ico-f-bein-laliga.png">PlayMedia(&quot;plugin://plugin.video.tvone/play/669/play.pvr?sf_options=meta%3Dvotes%253D0%2526label%253DES%252B-%252BbeIN%252BSports%252BLaliga%2526title%253DES%252B-%252BbeIN%252BSports%252BLaliga%26winID%3D10025%26_options_sf&quot;)</favourite>
	<favourite name="LaLiga 123" thumb="https://i.postimg.cc/85f1Z9FV/ico-f-liga123.png">PlayMedia(&quot;plugin://plugin.video.tvone/play/802/play.pvr?sf_options=meta%3Dvotes%253D0%2526label%253DES%252B-%252BLaLiga%252B123%2526title%253DES%252B-%252BLaLiga%252B123%26winID%3D10025%26_options_sf&quot;)</favourite>
	<favourite name="M+ Liga de Campeones" thumb="https://i.postimg.cc/CLsfCnTs/ico-f-liga-campeones.png">PlayMedia(&quot;plugin://plugin.video.tvone/play/354/play.pvr?sf_options=meta%3Dvotes%253D0%2526label%253DES%252B-%252BBein%252BSports%2526title%253DES%252B-%252BBein%252BSports%26winID%3D10025%26_options_sf&quot;)</favourite>
	<favourite name="beIN Sports Max" thumb="https://i.postimg.cc/MGLQpd4B/ico-f-bein-max.png">PlayMedia(&quot;plugin://plugin.video.tvone/play/456/play.pvr?sf_options=meta%3Dvotes%253D0%2526label%253DES%252B-%252BMovistar%252Bfutbol%2526title%253DES%252B-%252BMovistar%252Bfutbol%26winID%3D10025%26_options_sf&quot;)</favourite>
	<favourite name="M+ MotoGP" thumb="https://i.postimg.cc/J7cwRRC2/ico_f_m_motogp.png">PlayMedia(&quot;plugin://plugin.video.tvone/play/359/play.pvr?sf_options=meta%3Dvotes%253D0%2526label%253DES%252B-%252BMovistar%252BMotogp%2526title%253DES%252B-%252BMovistar%252BMotogp%26winID%3D10025%26_options_sf&quot;)</favourite>
	<favourite name="M+ Fórmula 1" thumb="https://i.postimg.cc/QdzwftcH/ico_f_m_formula1.png">PlayMedia(&quot;plugin://plugin.video.tvone/play/346/play.pvr?sf_options=meta%3Dvotes%253D0%2526label%253DES%252B-%252BMovistar%252BF1%2526title%253DES%252B-%252BMovistar%252BF1%26winID%3D10025%26_options_sf&quot;)</favourite>
	<favourite name="M+ Deportes" thumb="https://i.postimg.cc/VkWgqS3C/ico_f_m_deportes.png">PlayMedia(&quot;plugin://plugin.video.tvone/play/457/play.pvr?sf_options=meta%3Dvotes%253D0%2526label%253DES%252B-%252BMovistar%252Bdeportes%2526title%253DES%252B-%252BMovistar%252Bdeportes%26winID%3D10025%26_options_sf&quot;)</favourite>
	<favourite name="M+ Golf (kodispaintv)" thumb="https://i.postimg.cc/15JLNMt0/ico-f-m-golf.png">PlayMedia(&quot;plugin://plugin.video.kodispaintv/?url=https%3A%24doregex%5Bget-id%5D%7CReferer%3Dhttps%3A%2F%2Fvergol.com%2Fcanales%2Flive3%2Fbeinsport.php%26User-Agent%3DMozilla%2F5.0&amp;mode=17&amp;regexs=%7Bu%27get-id%27%3A%20%7B%27x-req%27%3A%20u%27XMLHttpRequest%27%2C%20%27cookiejar%27%3A%20%27%27%2C%20%27name%27%3A%20u%27get-id%27%2C%20%27accept%27%3A%20u%27%2A/%2A%27%2C%20%27connection%27%3A%20u%27keep-alive%27%2C%20%27expres%27%3A%20u%22source%3A%20%27%28.%2A%3F%29%27%22%2C%20%27referer%27%3A%20u%27https%3A//verliga1.net/%27%2C%20%27agent%27%3A%20u%27Mozilla/5.0%27%2C%20%27page%27%3A%20u%27https%3A%24doregex%5Bpage2%5D%27%2C%20%27rawpost%27%3A%20u%27password%3D12345%27%7D%2C%20u%27page2%27%3A%20%7B%27expres%27%3A%20u%27src%3D%22%28%5B%5E%22%5D%2B%29%27%2C%20%27referer%27%3A%20u%27https%3A//verliga1.net/%27%2C%20%27name%27%3A%20u%27page2%27%2C%20%27agent%27%3A%20u%27Mozilla/5.0%27%2C%20%27page%27%3A%20u%27https%3A//verliga1.net%24doregex%5Bpage3%5D%27%7D%2C%20u%27page3%27%3A%20%7B%27expres%27%3A%20u%27450%22%20src%3D%22%28%5B%5E%22%5D%2B%29%27%2C%20%27referer%27%3A%20u%27https%3A//verliga1.net/%27%2C%20%27name%27%3A%20u%27page3%27%2C%20%27agent%27%3A%20u%27Mozilla/5.0%27%2C%20%27page%27%3A%20u%27https%3A//verliga1.net/ver-movistar-golf-online-gratis-en-directo-por-internet/%27%7D%7D&amp;iconimage=https%3A%2F%2Fverliga1.net%2Flogos%2Fgolf.png&amp;sf_options=meta%3Dduration%253D0%2526votes%253D0%2526label%253DCanal%252BPlus%252BGolf%252BOnline%252BGratis%252B%2526title%253DCanal%252BPlus%252BGolf%252BOnline%252BGratis%252B%26winID%3D10025%26_options_sf&quot;)</favourite>
	<favourite name="Eurosport 1" thumb="https://i.postimg.cc/h49nh9TM/ico_f_eurosport1.png">PlayMedia(&quot;plugin://plugin.video.tvone/play/741/play.pvr?sf_options=meta%3Dvotes%253D0%2526label%253DES%252B-%252BEuro%252Bsport%2526title%253DES%252B-%252BEuro%252Bsport%26winID%3D10025%26_options_sf&quot;)</favourite>
	<favourite name="Eurosport 2" thumb="https://i.postimg.cc/5yMMn0dw/ico_f_eurosport2.png">PlayMedia(&quot;plugin://plugin.video.tvone/play/742/play.pvr?sf_options=meta%3Dvotes%253D0%2526label%253DES%252B-%252BEuro%252Bsport%252B2%2526title%253DES%252B-%252BEuro%252Bsport%252B2%26winID%3D10025%26_options_sf&quot;)</favourite>
	<favourite name="Barca" thumb="https://i.postimg.cc/3J4wLyvv/ico_f_barcelona_tv.png">PlayMedia(&quot;plugin://plugin.video.tvone/play/344/play.pvr?sf_options=meta%3Dvotes%253D0%2526label%253DES%252B-%252BBarca%2526title%253DES%252B-%252BBarca%26winID%3D10025%26_options_sf&quot;)</favourite>
	<favourite name="Gol TV (kodispaintv)" thumb="https://i.postimg.cc/rwhMMMxk/ico_f_gol.png">PlayMedia(&quot;plugin://plugin.video.kodispaintv/?url=https%3A%24doregex%5Bget-id%5D%7CReferer%3Dhttps%3A%2F%2Fvergol.com%2Fcanales%2Flive3%2Fbeinsport.php%26User-Agent%3DMozilla%2F5.0&amp;mode=17&amp;regexs=%7Bu%27get-id%27%3A%20%7B%27x-req%27%3A%20u%27XMLHttpRequest%27%2C%20%27cookiejar%27%3A%20%27%27%2C%20%27name%27%3A%20u%27get-id%27%2C%20%27accept%27%3A%20u%27%2A/%2A%27%2C%20%27connection%27%3A%20u%27keep-alive%27%2C%20%27expres%27%3A%20u%22source%3A%20%27%28.%2A%3F%29%27%22%2C%20%27referer%27%3A%20u%27https%3A//verliga1.net/%27%2C%20%27agent%27%3A%20u%27Mozilla/5.0%27%2C%20%27page%27%3A%20u%27https%3A%24doregex%5Bpage2%5D%27%2C%20%27rawpost%27%3A%20u%27password%3D12345%27%7D%2C%20u%27page2%27%3A%20%7B%27expres%27%3A%20u%27src%3D%22%28%5B%5E%22%5D%2B%29%27%2C%20%27referer%27%3A%20u%27https%3A//verliga1.net/%27%2C%20%27name%27%3A%20u%27page2%27%2C%20%27agent%27%3A%20u%27Mozilla/5.0%27%2C%20%27page%27%3A%20u%27https%3A//verliga1.net%24doregex%5Bpage3%5D%27%7D%2C%20u%27page3%27%3A%20%7B%27expres%27%3A%20u%27450%22%20src%3D%22%28%5B%5E%22%5D%2B%29%27%2C%20%27referer%27%3A%20u%27https%3A//verliga1.net/%27%2C%20%27name%27%3A%20u%27page3%27%2C%20%27agent%27%3A%20u%27Mozilla/5.0%27%2C%20%27page%27%3A%20u%27https%3A//verliga1.net/ver-goltv-online-gratis-en-directo-por-internet/%27%7D%7D&amp;iconimage=https%3A%2F%2Fverliga1.net%2Flogos%2Fgol.png&amp;sf_options=meta%3Dvotes%253D0%2526label%253DGOL%252BTV%252BOnline%252BGratis%252B%2526title%253DGOL%252BTV%252BOnline%252BGratis%252B%26winID%3D10025%26_options_sf&quot;)</favourite>
	<favourite name="Teledeporte (kodispaintv)" thumb="https://i.postimg.cc/kXQWjh88/ico-f-tdp.png">PlayMedia(&quot;plugin://plugin.video.kodispaintv/?url=https%3A%24doregex%5Bget-id%5D%7CReferer%3Dhttps%3A%2F%2Fvergol.com%2Fcanales%2Flive3%2Fbeinsport.php%26User-Agent%3DMozilla%2F5.0&amp;mode=17&amp;regexs=%7Bu%27get-id%27%3A%20%7B%27x-req%27%3A%20u%27XMLHttpRequest%27%2C%20%27cookiejar%27%3A%20%27%27%2C%20%27name%27%3A%20u%27get-id%27%2C%20%27accept%27%3A%20u%27%2A/%2A%27%2C%20%27connection%27%3A%20u%27keep-alive%27%2C%20%27expres%27%3A%20u%22source%3A%20%27%28.%2A%3F%29%27%22%2C%20%27referer%27%3A%20u%27https%3A//verliga1.net/%27%2C%20%27agent%27%3A%20u%27Mozilla/5.0%27%2C%20%27page%27%3A%20u%27https%3A%24doregex%5Bpage2%5D%27%2C%20%27rawpost%27%3A%20u%27password%3D12345%27%7D%2C%20u%27page2%27%3A%20%7B%27expres%27%3A%20u%27src%3D%22%28%5B%5E%22%5D%2B%29%27%2C%20%27referer%27%3A%20u%27https%3A//verliga1.net/%27%2C%20%27name%27%3A%20u%27page2%27%2C%20%27agent%27%3A%20u%27Mozilla/5.0%27%2C%20%27page%27%3A%20u%27https%3A//verliga1.net%24doregex%5Bpage3%5D%27%7D%2C%20u%27page3%27%3A%20%7B%27expres%27%3A%20u%27450%22%20src%3D%22%28%5B%5E%22%5D%2B%29%27%2C%20%27referer%27%3A%20u%27https%3A//verliga1.net/%27%2C%20%27name%27%3A%20u%27page3%27%2C%20%27agent%27%3A%20u%27Mozilla/5.0%27%2C%20%27page%27%3A%20u%27https%3A//verliga1.net/ver-teledeporte-online-gratis-en-directo-por-internet/%27%7D%7D&amp;iconimage=https%3A%2F%2Fverliga1.net%2Flogos%2Fteledeporte.png&amp;sf_options=meta%3Dduration%253D0%2526votes%253D0%2526label%253DTeledeporte%252BOnline%252BGratis%252B%2526title%253DTeledeporte%252BOnline%252BGratis%252B%26winID%3D10025%26_options_sf&quot;)</favourite>
	<favourite name="UFC Fight Pass" thumb="https://i.postimg.cc/tCkYn0Wr/ico_f_ufc.png">PlayMedia(&quot;plugin://plugin.video.tvone/play/785/play.pvr?sf_options=meta%3Dvotes%253D0%2526label%253DUK%252B-%252BUFC%252BFight%252BPass%2526title%253DUK%252B-%252BUFC%252BFight%252BPass%26winID%3D10025%26_options_sf&quot;)</favourite>
	<favourite name="NBA TV" thumb="https://i.postimg.cc/6pQTdHhB/ico_f_nba.png">PlayMedia(&quot;plugin://plugin.video.tvone/play/159/play.pvr?sf_options=meta%3Dvotes%253D0%2526label%253DUS%252B-%252BNBA%252BTV%2526title%253DUS%252B-%252BNBA%252BTV%26winID%3D10025%26_options_sf&quot;)</favourite>
	<favourite name="Box Nation" thumb="https://i.postimg.cc/C1Ky8DG2/ico_f_box_nation.png">PlayMedia(&quot;plugin://plugin.video.tvone/play/55/play.pvr?sf_options=meta%3Dvotes%253D0%2526label%253DUK%252B-%252BBox%252BNation%2526title%253DUK%252B-%252BBox%252BNation%26winID%3D10025%26_options_sf&quot;)</favourite>
	<favourite name="Canal Cocina (kodispaintv)" thumb="https://i.postimg.cc/59ZHWq13/ico_f_cocina.png">PlayMedia(&quot;plugin://plugin.video.kodispaintv/?url=plugin%3A%2F%2Fplugin.video.f4mTester%2F%3Fstreamtype%3DTSDOWNLOADER%26amp%3Bname%3D%5BCOLOR+red%5DCabronTV%5B%2FCOLOR%5D%3Burl%3Dhttp%3A%2F%2F195.154.107.246%3A1155%2Flive%2Fkandil%2Fkandil%2F4938.ts&amp;mode=12&amp;sf_options=meta%3Dvotes%253D0%2526label%253D%25255BES%25255D%252BCANAL%252BCOCINA%252BHD%2526title%253D%25255BES%25255D%252BCANAL%252BCOCINA%252BHD%26winID%3D10025%26_options_sf&quot;)</favourite>
	<favourite name="National Geographic" thumb="https://i.postimg.cc/Y904MdhX/ico_f_natgeo.png">PlayMedia(&quot;plugin://plugin.video.tvone/play/347/play.pvr?sf_options=meta%3Dvotes%253D0%2526label%253DES%252B-%252BNational%252BGeographic%2526title%253DES%252B-%252BNational%252BGeographic%26winID%3D10025%26_options_sf&quot;)</favourite>
	<favourite name="NatGeo Wild" thumb="https://i.postimg.cc/TPRLHdGv/ico_f_natgeo_wild.png">PlayMedia(&quot;plugin://plugin.video.tvone/play/361/play.pvr?sf_options=meta%3Dvotes%253D0%2526label%253DES%252B-%252BNat%252BGeo%252BWild%2526title%253DES%252B-%252BNat%252BGeo%252BWild%26winID%3D10025%26_options_sf&quot;)</favourite>
	<favourite name="Historia" thumb="https://i.postimg.cc/jSqtpLWc/ico_f_historia.png">PlayMedia(&quot;plugin://plugin.video.tvone/play/356/play.pvr?sf_options=meta%3Dvotes%253D0%2526label%253DES%252B-%252BHistoria%2526title%253DES%252B-%252BHistoria%26winID%3D10025%26_options_sf&quot;)</favourite>
	<favourite name="Odisea (kodispaintv)" thumb="https://i.postimg.cc/Kjd39tc0/ico_f_odisea.png">PlayMedia(&quot;plugin://plugin.video.kodispaintv/?url=https%3A%24doregex%5Bget-id%5D%7CReferer%3Dhttps%3A%2F%2Fvergol.com%2Fcanales%2Flive3%2Fbeinsport.php%26User-Agent%3DMozilla%2F5.0&amp;mode=17&amp;regexs=%7Bu%27get-id%27%3A%20%7B%27x-req%27%3A%20u%27XMLHttpRequest%27%2C%20%27cookiejar%27%3A%20%27%27%2C%20%27name%27%3A%20u%27get-id%27%2C%20%27accept%27%3A%20u%27%2A/%2A%27%2C%20%27connection%27%3A%20u%27keep-alive%27%2C%20%27expres%27%3A%20u%22source%3A%20%27%28.%2A%3F%29%27%22%2C%20%27referer%27%3A%20u%27https%3A//verliga1.net/%27%2C%20%27agent%27%3A%20u%27Mozilla/5.0%27%2C%20%27page%27%3A%20u%27https%3A%24doregex%5Bpage2%5D%27%2C%20%27rawpost%27%3A%20u%27password%3D12345%27%7D%2C%20u%27page2%27%3A%20%7B%27expres%27%3A%20u%27src%3D%22%28%5B%5E%22%5D%2B%29%27%2C%20%27referer%27%3A%20u%27https%3A//verliga1.net/%27%2C%20%27name%27%3A%20u%27page2%27%2C%20%27agent%27%3A%20u%27Mozilla/5.0%27%2C%20%27page%27%3A%20u%27https%3A//verliga1.net%24doregex%5Bpage3%5D%27%7D%2C%20u%27page3%27%3A%20%7B%27expres%27%3A%20u%27450%22%20src%3D%22%28%5B%5E%22%5D%2B%29%27%2C%20%27referer%27%3A%20u%27https%3A//verliga1.net/%27%2C%20%27name%27%3A%20u%27page3%27%2C%20%27agent%27%3A%20u%27Mozilla/5.0%27%2C%20%27page%27%3A%20u%27https%3A//verliga1.net/ver-odisea-online-gratis-en-directo-24h-por-internet/%27%7D%7D&amp;iconimage=https%3A%2F%2Fverliga1.net%2Flogos%2Fodisea.png&amp;sf_options=meta%3Dduration%253D180%2526votes%253D0%2526label%253Dodisea%252BOnline%252BGratis%252B%2526title%253Dodisea%252BOnline%252BGratis%252B%26winID%3D10025%26_options_sf&quot;)</favourite>
	<favourite name="Discovery Channel" thumb="https://i.postimg.cc/4yhT19S4/ico_f_discovery.png">PlayMedia(&quot;plugin://plugin.video.tvone/play/673/play.pvr?sf_options=meta%3Dvotes%253D0%2526label%253DES%252B-%252BDiscovery%2526title%253DES%252B-%252BDiscovery%26winID%3D10025%26_options_sf&quot;)</favourite>
	<favourite name="Blaze" thumb="https://i.postimg.cc/1zwS66b9/ico_f_blaze.png">PlayMedia(&quot;plugin://plugin.video.tvone/play/357/play.pvr?sf_options=meta%3Dvotes%253D0%2526label%253DES%252B-%252BA%252526E%2526title%253DES%252B-%252BA%252526E%26winID%3D10025%26_options_sf&quot;)</favourite>
	<favourite name="Crimen+Investigación" thumb="https://i.postimg.cc/1RNtBn6N/ico_f_c_i.png">PlayMedia(&quot;plugin://plugin.video.tvone/play/744/play.pvr?sf_options=meta%3Dvotes%253D0%2526label%253DES%252B-%252BCrime%252Binvestigation%2526title%253DES%252B-%252BCrime%252Binvestigation%26winID%3D10025%26_options_sf&quot;)</favourite>
	<favourite name="Caza y Pesca" thumb="https://i.postimg.cc/SxGj9B9T/ico_f_caza_y_pesca.png">PlayMedia(&quot;plugin://plugin.video.tvone/play/338/play.pvr?sf_options=meta%3Dvotes%253D0%2526label%253DES%252B-%252BCaza%252BPesca%2526title%253DES%252B-%252BCaza%252BPesca%26winID%3D10025%26_options_sf&quot;)</favourite>
	<favourite name="MTV España" thumb="https://i.postimg.cc/HnP9TJYM/ico_f_mtv.png">PlayMedia(&quot;plugin://plugin.video.tvone/play/348/play.pvr?sf_options=meta%3Dvotes%253D0%2526label%253DES%252B-%252BMTV%252BMusic%2526title%253DES%252B-%252BMTV%252BMusic%26winID%3D10025%26_options_sf&quot;)</favourite>
	<favourite name="MTV UK" thumb="https://i.postimg.cc/9X1xx0hC/ico_f_mtv_usa.png">PlayMedia(&quot;plugin://plugin.video.tvone/play/150/play.pvr?sf_options=meta%3Dvotes%253D0%2526label%253DUK%252B-%252BMTV%2526title%253DUK%252B-%252BMTV%26winID%3D10025%26_options_sf&quot;)</favourite>
	<favourite name="MTV Dance" thumb="https://i.postimg.cc/5ytmc5V1/ico_f_mtv_dance.png">PlayMedia(&quot;plugin://plugin.video.tvone/play/295/play.pvr?sf_options=meta%3Dvotes%253D0%2526label%253DUK%252B-%252BMTV%252BDance%2526title%253DUK%252B-%252BMTV%252BDance%26winID%3D10025%26_options_sf&quot;)</favourite>
	<favourite name="MTV Hits" thumb="https://i.postimg.cc/V6mRgQZJ/ico_f_mtv_hits.png">PlayMedia(&quot;plugin://plugin.video.tvone/play/152/play.pvr?sf_options=meta%3Dvotes%253D0%2526label%253DUK%252B-%252BMTV%252BHits%2526title%253DUK%252B-%252BMTV%252BHits%26winID%3D10025%26_options_sf&quot;)</favourite>
	<favourite name="MTV Rocks" thumb="https://i.postimg.cc/Dw4Bycbw/ico_f_mtv_rocks.png">PlayMedia(&quot;plugin://plugin.video.tvone/play/296/play.pvr?sf_options=meta%3Dvotes%253D0%2526label%253DUK%252B-%252BMTV%252BRocks%2526title%253DUK%252B-%252BMTV%252BRocks%26winID%3D10025%26_options_sf&quot;)</favourite>
	<favourite name="MTV Classic" thumb="https://i.postimg.cc/63ch1jFY/ico_f_mtv_classic.png">PlayMedia(&quot;plugin://plugin.video.tvone/play/151/play.pvr?sf_options=meta%3Dvotes%253D0%2526label%253DUK%252B-%252BMTV%252BClassic%2526title%253DUK%252B-%252BMTV%252BClassic%26winID%3D10025%26_options_sf&quot;)</favourite>
	<favourite name="MTV Live" thumb="https://i.postimg.cc/wBKFtshc/ico-f-mtv-live.png">PlayMedia(&quot;plugin://plugin.video.tvone/play/643/play.pvr?sf_options=meta%3Dvotes%253D0%2526label%253DUK%252B-%252BMTV%252Blive%2526title%253DUK%252B-%252BMTV%252Blive%26winID%3D10025%26_options_sf&quot;)</favourite>
	<favourite name="VH1" thumb="https://i.postimg.cc/5NLShtcX/ico_f_vh1.png">PlayMedia(&quot;plugin://plugin.video.tvone/play/239/play.pvr?sf_options=meta%3Dvotes%253D0%2526label%253DUK%252B-%252BVH1%2526title%253DUK%252B-%252BVH1%26winID%3D10025%26_options_sf&quot;)</favourite>
	<favourite name="VH1 Classic" thumb="https://i.postimg.cc/L4rVQ1Wd/ico_f_vh1_classics.png">PlayMedia(&quot;plugin://plugin.video.tvone/play/607/play.pvr?sf_options=meta%3Dvotes%253D0%2526label%253DUS%252B-%252BVH1%2526title%253DUS%252B-%252BVH1%26winID%3D10025%26_options_sf&quot;)</favourite>
	<favourite name="BBC News" thumb="https://i.postimg.cc/ZK4WqYBB/ico_f_bbc_news.png">PlayMedia(&quot;plugin://plugin.video.tvone/play/47/play.pvr?sf_options=meta%3Dvotes%253D0%2526label%253DUK%252B-%252BBBC%252BNews%2526title%253DUK%252B-%252BBBC%252BNews%26winID%3D10025%26_options_sf&quot;)</favourite>
	<favourite name="CNN" thumb="https://i.postimg.cc/85cGj3d6/ico_f_cnn.png">PlayMedia(&quot;plugin://plugin.video.tvone/play/81/play.pvr?sf_options=meta%3Dvotes%253D0%2526label%253DUK%252B-%252BCNN%2526title%253DUK%252B-%252BCNN%26winID%3D10025%26_options_sf&quot;)</favourite>
	<favourite name="Sky News" thumb="https://i.postimg.cc/D0NF43Kf/ico_f_sky_news.png">PlayMedia(&quot;plugin://plugin.video.tvone/play/203/play.pvr?sf_options=meta%3Dvotes%253D0%2526label%253DUK%252B-%252BSky%252BNews%2526title%253DUK%252B-%252BSky%252BNews%26winID%3D10025%26_options_sf&quot;)</favourite>
	<favourite name="CNBC" thumb="https://i.postimg.cc/JhGDWTyp/ico_f_cnbc.png">PlayMedia(&quot;plugin://plugin.video.tvone/play/79/play.pvr?sf_options=meta%3Dvotes%253D0%2526label%253DUS%252B-%252BCNBC%2526title%253DUS%252B-%252BCNBC%26winID%3D10025%26_options_sf&quot;)</favourite>
	<favourite name="Fox News" thumb="https://i.postimg.cc/zXLqZvny/ico_f_foxnews.png">PlayMedia(&quot;plugin://plugin.video.tvone/play/119/play.pvr?sf_options=meta%3Dvotes%253D0%2526label%253DUS%252B-%252BFox%252BNews%2526title%253DUS%252B-%252BFox%252BNews%26winID%3D10025%26_options_sf&quot;)</favourite>
	<favourite name="MSNBC" thumb="https://i.postimg.cc/vBQGpvzy/ico_f_msnbc.png">PlayMedia(&quot;plugin://plugin.video.tvone/play/424/play.pvr?sf_options=meta%3Dvotes%253D0%2526label%253DUS%252B-%252BMSNBC%2526title%253DUS%252B-%252BMSNBC%26winID%3D10025%26_options_sf&quot;)</favourite>
</favourites>