{
  "active": true,
  "find_videos": {
    "ignore_urls": [],
    "patterns": [
      {
        "pattern": "https://cinemaupload.com/embed/([a-zA-Z0-9]+)",
        "url": "https://embed.cload.video/embed/\\1/"
      }
    ]
  },
  "free": true,
  "id": "cinemaupload",
  "name": "cinemaupload",
  "settings": [
    {
      "default": false,
      "enabled": true,
      "id": "black_list",
      "label": "@60654",
      "type": "bool",
      "visible": true
    },
    {
      "default": 0,
      "enabled": true,
      "id": "favorites_servers_list",
      "label": "@60655",
      "lvalues": [
        "No",
        "1",
        "2",
        "3",
        "4",
        "5"
      ],
      "type": "list",
      "visible": false
    }
  ],
  "thumbnail": "https://cinemaupload.com/static/img/logo1.png"
}
