{
  "active": true,
  "find_videos": {
    "ignore_urls": [],
    "patterns": [
      {
        "pattern": "videobb.ru/v/([A-z0-9_-]+)",
        "url": "https://videobb.ru/api/source/\\1"
      }
    ]
  },
  "free": true,
  "id": "videobb",
  "name": "videobb",
  "settings": [
    {
      "default": false,
      "enabled": true,
      "id": "black_list",
      "label": "@60654",
      "type": "bool",
      "visible": true
    },
    {
      "default": 0,
      "enabled": true,
      "id": "favorites_servers_list",
      "label": "@60655",
      "lvalues": [
        "No",
        "1",
        "2",
        "3",
        "4",
        "5"
      ],
      "type": "list",
      "visible": false
    }
  ],
  "thumbnail": "https://www.cinetux.to/videobb/logo.jpg"
}
