<favourites>
	<favourite name="VaVoo" thumb="special://home/addons/plugin.video.vavooto/resources/pvr.png">ActivateWindow(10025,&quot;plugin://plugin.video.vavooto/?action=channels&amp;sf_options=meta%3Dplot%253D%2525C2%2525A0%2526votes%253D0%2526label%253DLive%2526title%253DLive%26desc%3D%C2%A0%26_options_sf&quot;,return)</favourite>
	<favourite name="M+ #0" thumb="https://i.postimg.cc/Kjhz77jH/ico-f-xm-0.png">PlayMedia(&quot;plugin://plugin.video.vavooto/?name=0&amp;sf_options=meta%3Dvotes%253D0%2526label%253D0%2526title%253D0%26winID%3D10025%26_options_sf&quot;)</favourite>
	<favourite name="M+ Estrenos" thumb="https://i.postimg.cc/66V5JvyB/ico-f-xm-estrenos.png">PlayMedia(&quot;plugin://plugin.video.vavooto/?name=MESTRENOS&amp;sf_options=meta%3Dvotes%253D0%2526label%253DMESTRENOS%2526title%253DMESTRENOS%26winID%3D10025%26_options_sf&quot;)</favourite>
	<favourite name="M+ Estrenos [COLOR 70FFFFFF][2][/COLOR]" thumb="https://i.postimg.cc/66V5JvyB/ico-f-xm-estrenos.png">PlayMedia(&quot;plugin://plugin.video.vavooto/?name=MOVISTAR+ESTRENOS&amp;sf_options=meta%3Dvotes%253D0%2526label%253DMOVISTAR%252BESTRENOS%2526title%253DMOVISTAR%252BESTRENOS%26winID%3D10025%26_options_sf&quot;)</favourite>
	<favourite name="M+ Fest" thumb="https://i.postimg.cc/4NJ4Jx9V/ico-f-xm-fest.png">PlayMedia(&quot;plugin://plugin.video.vavooto/?name=CANAL+FUTBOL&amp;sf_options=meta%3Dvotes%253D0%2526label%253DCANAL%252BFUTBOL%2526title%253DCANAL%252BFUTBOL%26winID%3D10025%26_options_sf&quot;)</favourite>
	<favourite name="M+ Fest [COLOR 70FFFFFF][2][/COLOR]" thumb="https://i.postimg.cc/4NJ4Jx9V/ico-f-xm-fest.png">PlayMedia(&quot;plugin://plugin.video.vavooto/?name=MOVISTAR+FUTBOL&amp;sf_options=meta%3Dvotes%253D0%2526label%253DMOVISTAR%252BFUTBOL%2526title%253DMOVISTAR%252BFUTBOL%26winID%3D10025%26_options_sf&quot;)</favourite>
	<favourite name="M+ Acción " thumb="https://i.postimg.cc/GtPpXBsh/ico-f-xm-accion.png">PlayMedia(&quot;plugin://plugin.video.vavooto/?name=MOVISTAR+ACCION&amp;sf_options=meta%3Dvotes%253D0%2526label%253DMOVISTAR%252BACCION%2526title%253DMOVISTAR%252BACCION%26winID%3D10025%26_options_sf&quot;)</favourite>
	<favourite name="M+ Acción [COLOR 70FFFFFF][2][/COLOR]" thumb="https://i.postimg.cc/GtPpXBsh/ico-f-xm-accion.png">PlayMedia(&quot;plugin://plugin.video.vavooto/?name=MACCION&amp;sf_options=meta%3Dvotes%253D0%2526label%253DMACCION%2526title%253DMACCION%26winID%3D10025%26_options_sf&quot;)</favourite>
	<favourite name="M+ Comedia " thumb="https://i.postimg.cc/X73qpgTZ/ico-f-xm-comedia.png">PlayMedia(&quot;plugin://plugin.video.vavooto/?name=M+COMEDIA&amp;sf_options=meta%3Dvotes%253D0%2526label%253DM%252BCOMEDIA%2526title%253DM%252BCOMEDIA%26winID%3D10025%26_options_sf&quot;)</favourite>
	<favourite name="M+ Comedia [COLOR 70FFFFFF][2][/COLOR]" thumb="https://i.postimg.cc/X73qpgTZ/ico-f-xm-comedia.png">PlayMedia(&quot;plugin://plugin.video.vavooto/?name=MOVISTAR+COMEDIA&amp;sf_options=meta%3Dvotes%253D0%2526label%253DMOVISTAR%252BCOMEDIA%2526title%253DMOVISTAR%252BCOMEDIA%26winID%3D10025%26_options_sf&quot;)</favourite>
	<favourite name="M+ Drama " thumb="https://i.postimg.cc/0jC8pLLz/ico-f-xm-drama.png">PlayMedia(&quot;plugin://plugin.video.vavooto/?name=CANAL+DCINE&amp;sf_options=meta%3Dvotes%253D0%2526label%253DCANAL%252BDCINE%2526title%253DCANAL%252BDCINE%26winID%3D10025%26_options_sf&quot;)</favourite>
	<favourite name="M+ Drama [COLOR 70FFFFFF][2][/COLOR]" thumb="https://i.postimg.cc/0jC8pLLz/ico-f-xm-drama.png">PlayMedia(&quot;plugin://plugin.video.vavooto/?name=MOVISTAR+DCINE&amp;sf_options=meta%3Dvotes%253D0%2526label%253DMOVISTAR%252BDCINE%2526title%253DMOVISTAR%252BDCINE%26winID%3D10025%26_options_sf&quot;)</favourite>
	<favourite name="M+ Drama [COLOR 70FFFFFF][3][/COLOR]" thumb="https://i.postimg.cc/0jC8pLLz/ico-f-xm-drama.png">PlayMedia(&quot;plugin://plugin.video.vavooto/?name=MOVISTAR+DRAMA&amp;sf_options=meta%3Dvotes%253D0%2526label%253DMOVISTAR%252BDRAMA%2526title%253DMOVISTAR%252BDRAMA%26winID%3D10025%26_options_sf&quot;)</favourite>
	<favourite name="M+ Cine Ñ " thumb="https://i.postimg.cc/50CyFK4z/ico-f-xm-cine-n.png">PlayMedia(&quot;plugin://plugin.video.vavooto/?name=MOVISTAR+CINE&amp;sf_options=meta%3Dvotes%253D0%2526label%253DMOVISTAR%252BCINE%2526title%253DMOVISTAR%252BCINE%26winID%3D10025%26_options_sf&quot;)</favourite>
	<favourite name="M+ Series" thumb="https://i.postimg.cc/wxwZmqrh/ico-f-xm-series.png">PlayMedia(&quot;plugin://plugin.video.vavooto/?name=CANAL+SERIES&amp;sf_options=meta%3Dvotes%253D0%2526label%253DCANAL%252BSERIES%2526title%253DCANAL%252BSERIES%26winID%3D10025%26_options_sf&quot;)</favourite>
	<favourite name="M+ Series [COLOR 70FFFFFF][2][/COLOR]" thumb="https://i.postimg.cc/wxwZmqrh/ico-f-xm-series.png">PlayMedia(&quot;plugin://plugin.video.vavooto/?name=MOVISTAR+SERIES&amp;sf_options=meta%3Dvotes%253D0%2526label%253DMOVISTAR%252BSERIES%2526title%253DMOVISTAR%252BSERIES%26winID%3D10025%26_options_sf&quot;)</favourite>
	<favourite name="M+ Series 2" thumb="https://i.postimg.cc/zX3MSmm4/ico-f-xm-series2.png">PlayMedia(&quot;plugin://plugin.video.vavooto/?name=CANAL+SERIES+XTRA&amp;sf_options=meta%3Dvotes%253D0%2526label%253DCANAL%252BSERIES%252BXTRA%2526title%253DCANAL%252BSERIES%252BXTRA%26winID%3D10025%26_options_sf&quot;)</favourite>
	<favourite name="M+ Series 2 [COLOR 70FFFFFF][2][/COLOR]" thumb="https://i.postimg.cc/zX3MSmm4/ico-f-xm-series2.png">PlayMedia(&quot;plugin://plugin.video.vavooto/?name=MOVISTAR+SERIES+XTRA&amp;sf_options=meta%3Dvotes%253D0%2526label%253DMOVISTAR%252BSERIES%252BXTRA%2526title%253DMOVISTAR%252BSERIES%252BXTRA%26winID%3D10025%26_options_sf&quot;)</favourite>
	<favourite name="M+ Series 2 [COLOR 70FFFFFF][3][/COLOR]" thumb="https://i.postimg.cc/zX3MSmm4/ico-f-xm-series2.png">PlayMedia(&quot;plugin://plugin.video.vavooto/?name=MOVISTAR+SERIESMANIA&amp;sf_options=meta%3Dvotes%253D0%2526label%253DMOVISTAR%252BSERIESMANIA%2526title%253DMOVISTAR%252BSERIESMANIA%26winID%3D10025%26_options_sf&quot;)</favourite>
	
	
	<favourite name="AMC" thumb="https://i.postimg.cc/fT1ZfVgr/ico_f_amc_2019.png">PlayMedia(&quot;plugin://plugin.video.vavooto/?name=AMC&amp;sf_options=meta%3Dvotes%253D0%2526label%253DAMC%2526title%253DAMC%26winID%3D10025%26_options_sf&quot;)</favourite>
	<favourite name="Hollywood" thumb="https://i.postimg.cc/VLWzZjN5/ico_f_hollywood.png">PlayMedia(&quot;plugin://plugin.video.vavooto/?name=HOLLYWOOD&amp;sf_options=meta%3Dvotes%253D0%2526label%253DHOLLYWOOD%2526title%253DHOLLYWOOD%26winID%3D10025%26_options_sf&quot;)</favourite>
	<favourite name="AXN" thumb="https://i.postimg.cc/9MQmyz2z/ico-f-axn.png">PlayMedia(&quot;plugin://plugin.video.vavooto/?name=AXN&amp;sf_options=meta%3Dvotes%253D0%2526label%253DAXN%2526title%253DAXN%26winID%3D10025%26_options_sf&quot;)</favourite>
	<favourite name="Calle 13 " thumb="https://i.postimg.cc/gJx0frTQ/ico-f-calle13.png">PlayMedia(&quot;plugin://plugin.video.vavooto/?name=CALLE+13&amp;sf_options=meta%3Dvotes%253D0%2526label%253DCALLE%252B13%2526title%253DCALLE%252B13%26winID%3D10025%26_options_sf&quot;)</favourite>
	<favourite name="SyFy" thumb="https://i.postimg.cc/YqK1zw4M/ico_f_syfy.png">PlayMedia(&quot;plugin://plugin.video.vavooto/?name=SYFY&amp;sf_options=meta%3Dvotes%253D0%2526label%253DSYFY%2526title%253DSYFY%26winID%3D10025%26_options_sf&quot;)</favourite>
	<favourite name="TCM" thumb="https://i.postimg.cc/90js4hSr/ico_f_tcm-2019.png">PlayMedia(&quot;plugin://plugin.video.vavooto/?name=TCM&amp;sf_options=meta%3Dvotes%253D0%2526label%253DTCM%2526title%253DTCM%26winID%3D10025%26_options_sf&quot;)</favourite>
	<favourite name="Sundance " thumb="https://i.postimg.cc/cLdwPMMz/ico_f_sundance.png">PlayMedia(&quot;plugin://plugin.video.vavooto/?name=SUNDANCE+TV&amp;sf_options=meta%3Dvotes%253D0%2526label%253DSUNDANCE%252BTV%2526title%253DSUNDANCE%252BTV%26winID%3D10025%26_options_sf&quot;)</favourite>
	<favourite name="Sundance [COLOR 70FFFFFF][2][/COLOR]" thumb="https://i.postimg.cc/cLdwPMMz/ico_f_sundance.png">PlayMedia(&quot;plugin://plugin.video.vavooto/?name=SUNDANCE&amp;sf_options=meta%3Dvotes%253D0%2526label%253DSUNDANCE%2526title%253DSUNDANCE%26winID%3D10025%26_options_sf&quot;)</favourite>
	<favourite name="Xtrm" thumb="https://i.postimg.cc/RFJHwP4W/ico_f_xtrm.png">PlayMedia(&quot;plugin://plugin.video.vavooto/?name=XTRM&amp;sf_options=meta%3Dvotes%253D0%2526label%253DXTRM%2526title%253DXTRM%26winID%3D10025%26_options_sf&quot;)</favourite>
	<favourite name="Somos" thumb="https://i.postimg.cc/rwgxT0fw/ico_f_somos.png">PlayMedia(&quot;plugin://plugin.video.vavooto/?name=SOMOS&amp;sf_options=meta%3Dvotes%253D0%2526label%253DSOMOS%2526title%253DSOMOS%26winID%3D10025%26_options_sf&quot;)</favourite>
	<favourite name="Dark" thumb="https://i.postimg.cc/KzW2LNQs/ico-f-dark.png">PlayMedia(&quot;plugin://plugin.video.vavooto/?name=DARK&amp;sf_options=meta%3Dvotes%253D0%2526label%253DDARK%2526title%253DDARK%26winID%3D10025%26_options_sf&quot;)</favourite>
	<favourite name="Bom Cine" thumb="https://i.postimg.cc/6p1hjTJw/ico_f_bomcine.png">PlayMedia(&quot;plugin://plugin.video.vavooto/?name=BOM+CINE&amp;sf_options=meta%3Dvotes%253D0%2526label%253DBOM%252BCINE%2526title%253DBOM%252BCINE%26winID%3D10025%26_options_sf&quot;)</favourite>
	<favourite name="Cosmo" thumb="https://i.postimg.cc/vZyccY4x/ico-f-cosmo.png">PlayMedia(&quot;plugin://plugin.video.vavooto/?name=COSMO+TV&amp;sf_options=meta%3Dvotes%253D0%2526label%253DCOSMO%252BTV%2526title%253DCOSMO%252BTV%26winID%3D10025%26_options_sf&quot;)</favourite>
	
	<favourite name="La 2" thumb="https://i.postimg.cc/PJmdjDz3/ico_f_la2.png">PlayMedia(&quot;plugin://plugin.video.vavooto/?name=LA+2&amp;sf_options=meta%3Dvotes%253D0%2526label%253DLA%252B2%2526title%253DLA%252B2%26winID%3D10025%26_options_sf&quot;)</favourite>
	<favourite name="Antena 3" thumb="https://i.postimg.cc/W4jbbXfG/ico-f-antena3.png">PlayMedia(&quot;plugin://plugin.video.vavooto/?name=ANTENA+3&amp;sf_options=meta%3Dvotes%253D0%2526label%253DANTENA%252B3%2526title%253DANTENA%252B3%26winID%3D10025%26_options_sf&quot;)</favourite>
	<favourite name="Cuatro" thumb="https://i.postimg.cc/QNBBznLC/ico-f-cuatro.png">PlayMedia(&quot;plugin://plugin.video.vavooto/?name=CUATRO&amp;sf_options=meta%3Dvotes%253D0%2526label%253DCUATRO%2526title%253DCUATRO%26winID%3D10025%26_options_sf&quot;)</favourite>
	<favourite name="Telecinco" thumb="https://i.postimg.cc/hvxVR25k/ico_f_telecinco.png">PlayMedia(&quot;plugin://plugin.video.vavooto/?name=TELECINCO&amp;sf_options=meta%3Dvotes%253D0%2526label%253DTELECINCO%2526title%253DTELECINCO%26winID%3D10025%26_options_sf&quot;)</favourite>
	<favourite name="La Sexta" thumb="https://i.postimg.cc/R0DSQ4ZR/ico_f_lasexta.png">PlayMedia(&quot;plugin://plugin.video.vavooto/?name=LA+SEXTA&amp;sf_options=meta%3Dvotes%253D0%2526label%253DLA%252BSEXTA%2526title%253DLA%252BSEXTA%26winID%3D10025%26_options_sf&quot;)</favourite>
	<favourite name="Mega " thumb="https://i.postimg.cc/sX7kQrQ1/ico_f_mega.png">PlayMedia(&quot;plugin://plugin.video.vavooto/?name=MEGA&amp;sf_options=meta%3Dvotes%253D0%2526label%253DMEGA%2526title%253DMEGA%26winID%3D10025%26_options_sf&quot;)</favourite>
	<favourite name="Mega [COLOR 70FFFFFF][2][/COLOR]" thumb="DefaultVideo.png">PlayMedia(&quot;plugin://plugin.video.vavooto/?name=MEGA+TV&amp;sf_options=meta%3Dvotes%253D0%2526label%253DMEGA%252BTV%2526title%253DMEGA%252BTV%26winID%3D10025%26_options_sf&quot;)</favourite>
	
	<favourite name="Canal Cocina" thumb="https://i.postimg.cc/59ZHWq13/ico-f-cocina.png">PlayMedia(&quot;plugin://plugin.video.vavooto/?name=CANAL+COCINA&amp;sf_options=meta%3Dvotes%253D0%2526label%253DCANAL%252BCOCINA%2526title%253DCANAL%252BCOCINA%26winID%3D10025%26_options_sf&quot;)</favourite>
	<favourite name="National Geographic " thumb="https://i.postimg.cc/Y904MdhX/ico_f_natgeo.png">PlayMedia(&quot;plugin://plugin.video.vavooto/?name=NATIONAL+GEOGRAPHIC&amp;sf_options=meta%3Dvotes%253D0%2526label%253DNATIONAL%252BGEOGRAPHIC%2526title%253DNATIONAL%252BGEOGRAPHIC%26winID%3D10025%26_options_sf&quot;)</favourite>
	<favourite name="Nat Geo Wild" thumb="https://i.postimg.cc/TPRLHdGv/ico_f_natgeo_wild.png">PlayMedia(&quot;plugin://plugin.video.vavooto/?name=NAT+GEO+WILD&amp;sf_options=meta%3Dvotes%253D0%2526label%253DNAT%252BGEO%252BWILD%2526title%253DNAT%252BGEO%252BWILD%26winID%3D10025%26_options_sf&quot;)</favourite>
	<favourite name="Historia" thumb="https://i.postimg.cc/jSqtpLWc/ico_f_historia.png">PlayMedia(&quot;plugin://plugin.video.vavooto/?name=HISTORIA&amp;sf_options=meta%3Dvotes%253D0%2526label%253DHISTORIA%2526title%253DHISTORIA%26winID%3D10025%26_options_sf&quot;)</favourite>
	<favourite name="Historia [COLOR 70FFFFFF][2][/COLOR]" thumb="https://i.postimg.cc/jSqtpLWc/ico_f_historia.png">PlayMedia(&quot;plugin://plugin.video.vavooto/?name=HISTORY&amp;sf_options=meta%3Dvotes%253D0%2526label%253DHISTORY%2526title%253DHISTORY%26winID%3D10025%26_options_sf&quot;)</favourite>
	<favourite name="Discovery Channel" thumb="https://i.postimg.cc/jSNTgRpd/ico_f_discovery_2019.png">PlayMedia(&quot;plugin://plugin.video.vavooto/?name=DISCOVERY&amp;sf_options=meta%3Dvotes%253D0%2526label%253DDISCOVERY%2526title%253DDISCOVERY%26winID%3D10025%26_options_sf&quot;)</favourite>
	<favourite name="Odisea" thumb="https://i.postimg.cc/Kjd39tc0/ico_f_odisea.png">PlayMedia(&quot;plugin://plugin.video.vavooto/?name=ODISEA&amp;sf_options=meta%3Dvotes%253D0%2526label%253DODISEA%2526title%253DODISEA%26winID%3D10025%26_options_sf&quot;)</favourite>
	<favourite name="Odisea [COLOR 70FFFFFF][2][/COLOR]" thumb="https://i.postimg.cc/Kjd39tc0/ico_f_odisea.png">PlayMedia(&quot;plugin://plugin.video.vavooto/?name=CANAL+ODISEA&amp;sf_options=meta%3Dvotes%253D0%2526label%253DCANAL%252BODISEA%2526title%253DCANAL%252BODISEA%26winID%3D10025%26_options_sf&quot;)</favourite>
	<favourite name="AMC Brake" thumb="https://i.postimg.cc/D0pyrBmV/ico_f_break.png">PlayMedia(&quot;plugin://plugin.video.vavooto/?name=BLAZE&amp;sf_options=meta%3Dvotes%253D0%2526label%253DBLAZE%2526title%253DBLAZE%26winID%3D10025%26_options_sf&quot;)</favourite>
	<favourite name="Decasa" thumb="https://i.postimg.cc/Qx1F89dr/ico-f-decasa.png">PlayMedia(&quot;plugin://plugin.video.vavooto/?name=CANAL+DECASA&amp;sf_options=meta%3Dvotes%253D0%2526label%253DCANAL%252BDECASA%2526title%253DCANAL%252BDECASA%26winID%3D10025%26_options_sf&quot;)</favourite>
	
	
	<favourite name="MTV España" thumb="https://i.postimg.cc/HnP9TJYM/ico_f_mtv.png">PlayMedia(&quot;plugin://plugin.video.vavooto/?name=MTV+ESPANA&amp;sf_options=meta%3Dvotes%253D0%2526label%253DMTV%252BESPANA%2526title%253DMTV%252BESPANA%26winID%3D10025%26_options_sf&quot;)</favourite>
	<favourite name="Sol Música" thumb="https://i.postimg.cc/TPwm3dsq/ico_f_sol_musica.png">PlayMedia(&quot;plugin://plugin.video.vavooto/?name=SOL+MUSICA&amp;sf_options=meta%3Dvotes%253D0%2526label%253DSOL%252BMUSICA%2526title%253DSOL%252BMUSICA%26winID%3D10025%26_options_sf&quot;)</favourite>
	<favourite name="Mezzo Live" thumb="https://i.postimg.cc/3wsMxRwP/ico_f_mezzo_live_hd.png">PlayMedia(&quot;plugin://plugin.video.vavooto/?name=MEZZO+LIVE&amp;sf_options=meta%3Dvotes%253D0%2526label%253DMEZZO%252BLIVE%2526title%253DMEZZO%252BLIVE%26winID%3D10025%26_options_sf&quot;)</favourite>
	<favourite name="Stingray Classica" thumb="https://i.postimg.cc/xT2zby7d/ico_f_stingray_classica.png">PlayMedia(&quot;plugin://plugin.video.vavooto/?name=CLASSICA&amp;sf_options=meta%3Dvotes%253D0%2526label%253DCLASSICA%2526title%253DCLASSICA%26winID%3D10025%26_options_sf&quot;)</favourite>

</favourites>