<favourites>



	<!--  TDT 1  ////////////////////////////////////////////////////////////////////// -->


	<favourite name="La 1 [xpro.one]"  thumb="https://i.postimg.cc/9XTmZ35d/ico_f_la1.png" >PlayMedia(&quot;http://xpro.one-iptv.com:25443/son/123456/16351&quot;)</favourite>
	<favourite name="La 1 HD [xpro.one]"  thumb="https://i.postimg.cc/9XTmZ35d/ico_f_la1.png" >PlayMedia(&quot;http://xpro.one-iptv.com:25443/son/123456/31500&quot;)</favourite>
	
	<favourite name="La 2 [xpro.one]"  thumb="https://i.postimg.cc/PJmdjDz3/ico_f_la2.png" >PlayMedia(&quot;http://xpro.one-iptv.com:25443/son/123456/16510&quot;)</favourite>

	<favourite name="Antena 3 [xpro.one]"  thumb="https://i.postimg.cc/W4jbbXfG/ico-f-antena3.png" >PlayMedia(&quot;http://xpro.one-iptv.com:25443/son/123456/31584&quot;)</favourite>
	<favourite name="Antena 3 HD [xpro.one]"  thumb="https://i.postimg.cc/W4jbbXfG/ico-f-antena3.png" >PlayMedia(&quot;http://xpro.one-iptv.com:25443/son/123456/31585&quot;)</favourite>

	<favourite name="Cuatro [xpro.one]"  thumb="https://i.postimg.cc/QNBBznLC/ico-f-cuatro.png" >PlayMedia(&quot;http://xpro.one-iptv.com:25443/son/123456/31490&quot;)</favourite>
	<favourite name="Cuatro HD [xpro.one]"  thumb="https://i.postimg.cc/QNBBznLC/ico-f-cuatro.png" >PlayMedia(&quot;http://xpro.one-iptv.com:25443/son/123456/31583&quot;)</favourite>

	<favourite name="Telecinco [xpro.one]"  thumb="https://i.postimg.cc/hvxVR25k/ico_f_telecinco.png" >PlayMedia(&quot;http://xpro.one-iptv.com:25443/son/123456/3787&quot;)</favourite>
	<favourite name="Telecinco HD [xpro.one]"  thumb="https://i.postimg.cc/hvxVR25k/ico_f_telecinco.png" >PlayMedia(&quot;http://xpro.one-iptv.com:25443/son/123456/16469&quot;)</favourite>

	<favourite name="La Sexta [xpro.one]"  thumb="https://i.postimg.cc/R0DSQ4ZR/ico_f_lasexta.png" >PlayMedia(&quot;http://xpro.one-iptv.com:25443/son/123456/31579&quot;)</favourite>
	<favourite name="La Sexta HD [xpro.one]"  thumb="https://i.postimg.cc/R0DSQ4ZR/ico_f_lasexta.png" >PlayMedia(&quot;http://xpro.one-iptv.com:25443/son/123456/31501&quot;)</favourite>




	<!--  Movistar+ Cine   ////////////////////////////////////////////////////////////////////// -->


	<favourite name="#0 [xpro.one]"  thumb="https://i.postimg.cc/cCVdqmn8/ico-f-0.png" >PlayMedia(&quot;http://xpro.one-iptv.com:25443/son/123456/16550&quot;)</favourite>
	<favourite name="#0 HD [xpro.one]"  thumb="https://i.postimg.cc/cCVdqmn8/ico-f-0.png" >PlayMedia(&quot;http://xpro.one-iptv.com:25443/son/123456/16548&quot;)</favourite>

	<favourite name="Movistar+ Estrenos [xpro.one]"  thumb="https://i.postimg.cc/Y9KVwsn7/ico_f_m_estrenos.png" >PlayMedia(&quot;http://xpro.one-iptv.com:25443/son/123456/16341&quot;)</favourite>
	<favourite name="Movistar+ Estrenos HD [xpro.one]"  thumb="https://i.postimg.cc/Y9KVwsn7/ico_f_m_estrenos.png" >PlayMedia(&quot;http://xpro.one-iptv.com:25443/son/123456/16532&quot;)</favourite>

	<favourite name="Movistar+ CineDoc&Roll [xpro.one]"  thumb="https://i.postimg.cc/wxmNMTqg/ico_f_m_cinedoc&roll.png" >PlayMedia(&quot;http://xpro.one-iptv.com:25443/son/123456/16335&quot;)</favourite>
	<favourite name="Movistar+ CineDoc&Roll HD [xpro.one]"  thumb="https://i.postimg.cc/wxmNMTqg/ico_f_m_cinedoc&roll.png" >PlayMedia(&quot;http://xpro.one-iptv.com:25443/son/123456/31572&quot;)</favourite>

	<favourite name="Movistar+ Acción [xpro.one]"  thumb="https://i.postimg.cc/kgwXGxrL/ico_f_m_accion.png" >PlayMedia(&quot;http://xpro.one-iptv.com:25443/son/123456/16344&quot;)</favourite>
	<favourite name="Movistar+ Acción HD [xpro.one]"  thumb="https://i.postimg.cc/kgwXGxrL/ico_f_m_accion.png" >PlayMedia(&quot;http://xpro.one-iptv.com:25443/son/123456/31478&quot;)</favourite>

	<favourite name="Movistar+ Comedia [xpro.one]"  thumb="https://i.postimg.cc/gkST0JSN/ico_f_m_comedia.png" >PlayMedia(&quot;http://xpro.one-iptv.com:25443/son/123456/31479&quot;)</favourite>
	<favourite name="Movistar+ Comedia HD [xpro.one]"  thumb="https://i.postimg.cc/gkST0JSN/ico_f_m_comedia.png" >PlayMedia(&quot;http://xpro.one-iptv.com:25443/son/123456/16491&quot;)</favourite>

	<favourite name="Movistar+ Drama [xpro.one]"  thumb="https://i.postimg.cc/wj6RwXhj/ico_f_m_drama.png" >PlayMedia(&quot;http://xpro.one-iptv.com:25443/son/123456/16342&quot;)</favourite>
	<favourite name="Movistar+ Drama HD [xpro.one]"  thumb="https://i.postimg.cc/wj6RwXhj/ico_f_m_drama.png" >PlayMedia(&quot;http://xpro.one-iptv.com:25443/son/123456/31575&quot;)</favourite>

	<favourite name="Movistar+ Cine Ñ [xpro.one]"  thumb="https://i.postimg.cc/SxmxmgPW/ico_f_m_cine_ñ.png" >PlayMedia(&quot;http://xpro.one-iptv.com:25443/son/123456/30644&quot;)</favourite>


	<favourite name="Movistar+ Series [xpro.one]"  thumb="https://i.postimg.cc/NFxZDkxc/ico_f_m_series.png" >PlayMedia(&quot;http://xpro.one-iptv.com:25443/son/123456/16337&quot;)</favourite>
	<favourite name="Movistar+ Series HD [xpro.one]"  thumb="https://i.postimg.cc/NFxZDkxc/ico_f_m_series.png" >PlayMedia(&quot;http://xpro.one-iptv.com:25443/son/123456/16528&quot;)</favourite>

	<favourite name="Movistar+ Seriesmania [xpro.one]"  thumb="https://i.postimg.cc/jdY7702N/ico_f_m_seriesmania.png" >PlayMedia(&quot;http://xpro.one-iptv.com:25443/son/123456/31487&quot;)</favourite>
	<favourite name="Movistar+ Seriesmania HD [xpro.one]"  thumb="https://i.postimg.cc/jdY7702N/ico_f_m_seriesmania.png" >PlayMedia(&quot;http://xpro.one-iptv.com:25443/son/123456/16336&quot;)</favourite>




	<!--  Cine y Entretenimiento  ////////////////////////////////////////////////////////////////////// -->


	<favourite name="Comedy Central [xpro.one]"  thumb="https://i.postimg.cc/RV6DJdtY/ico-f-comedy-central-2018-alt.png" >PlayMedia(&quot;http://xpro.one-iptv.com:25443/son/123456/16359&quot;)</favourite>
	<favourite name="Comedy Central HD [xpro.one]"  thumb="https://i.postimg.cc/RV6DJdtY/ico-f-comedy-central-2018-alt.png" >PlayMedia(&quot;http://xpro.one-iptv.com:25443/son/123456/31445&quot;)</favourite>

	<favourite name="AMC [xpro.one]"  thumb="https://i.postimg.cc/wMt9bP7p/ico-f-amc.png" >PlayMedia(&quot;http://xpro.one-iptv.com:25443/son/123456/16369&quot;)</favourite>
	<favourite name="AMC HD [xpro.one]"  thumb="https://i.postimg.cc/wMt9bP7p/ico-f-amc.png" >PlayMedia(&quot;http://xpro.one-iptv.com:25443/son/123456/16544&quot;)</favourite>

	<favourite name="TNT [xpro.one]"  thumb="https://i.postimg.cc/GmjJpSmr/ico_f_tnt.png" >PlayMedia(&quot;http://xpro.one-iptv.com:25443/son/123456/16319&quot;)</favourite>
	<favourite name="TNT HD [xpro.one]"  thumb="https://i.postimg.cc/GmjJpSmr/ico_f_tnt.png" >PlayMedia(&quot;http://xpro.one-iptv.com:25443/son/123456/31543&quot;)</favourite>

	<favourite name="Fox [xpro.one]"  thumb="https://i.postimg.cc/Qt73Q7P8/ico-f-fox.png" >PlayMedia(&quot;http://xpro.one-iptv.com:25443/son/123456/16514&quot;)</favourite>
	<favourite name="Fox HD [xpro.one]"  thumb="https://i.postimg.cc/Qt73Q7P8/ico-f-fox.png" >PlayMedia(&quot;http://xpro.one-iptv.com:25443/son/123456/31496&quot;)</favourite>

	<favourite name="Canal Hollywood [xpro.one]"  thumb="https://i.postimg.cc/VLWzZjN5/ico_f_hollywood.png" >PlayMedia(&quot;http://xpro.one-iptv.com:25443/son/123456/16352&quot;)</favourite>
	<favourite name="Canal Hollywood HD [xpro.one]"  thumb="https://i.postimg.cc/VLWzZjN5/ico_f_hollywood.png" >PlayMedia(&quot;http://xpro.one-iptv.com:25443/son/123456/30626&quot;)</favourite>

	<favourite name="AXN [xpro.one]"  thumb="https://i.postimg.cc/9MQmyz2z/ico-f-axn.png" >PlayMedia(&quot;http://xpro.one-iptv.com:25443/son/123456/16367&quot;)</favourite>
	<favourite name="AXN HD [xpro.one]"  thumb="https://i.postimg.cc/9MQmyz2z/ico-f-axn.png" >PlayMedia(&quot;http://xpro.one-iptv.com:25443/son/123456/31453&quot;)</favourite>

	<favourite name="Calle 13 [xpro.one]"  thumb="https://i.postimg.cc/gJx0frTQ/ico-f-calle13.png" >PlayMedia(&quot;http://xpro.one-iptv.com:25443/son/123456/31477&quot;)</favourite>
	<favourite name="Calle 13 HD [xpro.one]"  thumb="https://i.postimg.cc/gJx0frTQ/ico-f-calle13.png" >PlayMedia(&quot;http://xpro.one-iptv.com:25443/son/123456/16451&quot;)</favourite>

	<favourite name="SyFy [xpro.one]"  thumb="https://i.postimg.cc/YqK1zw4M/ico_f_syfy.png" >PlayMedia(&quot;http://xpro.one-iptv.com:25443/son/123456/16330&quot;)</favourite>
	<favourite name="SyFy HD [xpro.one]"  thumb="https://i.postimg.cc/YqK1zw4M/ico_f_syfy.png" >PlayMedia(&quot;http://xpro.one-iptv.com:25443/son/123456/31473&quot;)</favourite>

	<favourite name="TCM [xpro.one]"  thumb="https://i.postimg.cc/90js4hSr/ico_f_tcm-2019.png" >PlayMedia(&quot;http://xpro.one-iptv.com:25443/son/123456/16321&quot;)</favourite>
	<favourite name="TCM HD [xpro.one]"  thumb="https://i.postimg.cc/90js4hSr/ico_f_tcm-2019.png" >PlayMedia(&quot;http://xpro.one-iptv.com:25443/son/123456/31524&quot;)</favourite>

	<favourite name="Fox Life [xpro.one]"  thumb="https://i.postimg.cc/yNtK3jLp/ico-f-foxlife.png" >PlayMedia(&quot;http://xpro.one-iptv.com:25443/son/123456/16428&quot;)</favourite>
	<favourite name="Fox Life HD [xpro.one]"  thumb="https://i.postimg.cc/yNtK3jLp/ico-f-foxlife.png" >PlayMedia(&quot;http://xpro.one-iptv.com:25443/son/123456/31497&quot;)</favourite>

	<favourite name="AXN White [xpro.one]"  thumb="https://i.postimg.cc/CL3x9FG6/ico-f-axn-white.png" >PlayMedia(&quot;http://xpro.one-iptv.com:25443/son/123456/16456&quot;)</favourite>
	<favourite name="AXN White HD [xpro.one]"  thumb="https://i.postimg.cc/CL3x9FG6/ico-f-axn-white.png" >PlayMedia(&quot;http://xpro.one-iptv.com:25443/son/123456/31530&quot;)</favourite>

	<favourite name="Cosmo [xpro.one]"  thumb="https://i.postimg.cc/vZyccY4x/ico-f-cosmo.png" >PlayMedia(&quot;http://xpro.one-iptv.com:25443/son/123456/16358&quot;)</favourite>
	<favourite name="Cosmo HD [xpro.one]"  thumb="https://i.postimg.cc/vZyccY4x/ico-f-cosmo.png" >PlayMedia(&quot;http://xpro.one-iptv.com:25443/son/123456/31462&quot;)</favourite>

	<!-- <favourite name="Sundance [xpro.one]"  thumb="https://i.postimg.cc/cLdwPMMz/ico_f_sundance.png" >PlayMedia(&quot;http://xpro.one-iptv.com:25443/son/123456/223&quot;)</favourite> -->
	
	<!-- <favourite name="Dark [xpro.one]"  thumb="https://i.postimg.cc/KzW2LNQs/ico-f-dark.png" >PlayMedia(&quot;http://xpro.one-iptv.com:25443/son/123456/6350&quot;)</favourite> -->
	
	<!-- <favourite name="Xtrm [xpro.one]"  thumb="https://i.postimg.cc/RFJHwP4W/ico_f_xtrm.png" >PlayMedia(&quot;http://xpro.one-iptv.com:25443/son/123456/6349&quot;)</favourite> -->

	<!-- <favourite name="Somos [xpro.one]"  thumb="https://i.postimg.cc/rwgxT0fw/ico_f_somos.png" >PlayMedia(&quot;http://xpro.one-iptv.com:25443/son/123456/6348&quot;)</favourite> -->
	
	


	<!--  Deportes  ////////////////////////////////////////////////////////////////////// -->


	<favourite name="#Vamos [xpro.one]"  thumb="https://i.postimg.cc/DZp9PZ5w/ico_f_m__vamos.png" >PlayMedia(&quot;http://xpro.one-iptv.com:25443/son/123456/16489&quot;)</favourite>
	<favourite name="#Vamos HD [xpro.one]"  thumb="https://i.postimg.cc/DZp9PZ5w/ico_f_m__vamos.png" >PlayMedia(&quot;http://xpro.one-iptv.com:25443/son/123456/31481&quot;)</favourite>

	<favourite name="M+ Partidazo [xpro.one]"  thumb="https://i.postimg.cc/ncHyzNHc/ico_f_m_partidazo.png" >PlayMedia(&quot;http://xpro.one-iptv.com:25443/son/123456/31431&quot;)</favourite>
	<favourite name="M+ Partidazo HD [xpro.one]"  thumb="https://i.postimg.cc/ncHyzNHc/ico_f_m_partidazo.png" >PlayMedia(&quot;http://xpro.one-iptv.com:25443/son/123456/16507&quot;)</favourite>
	
	<favourite name="beIN LaLiga [xpro.one]"  thumb="https://i.postimg.cc/HswLGq6Y/ico-f-bein-laliga.png" >PlayMedia(&quot;http://xpro.one-iptv.com:25443/son/123456/31454&quot;)</favourite>
	<favourite name="beIN LaLiga HD [xpro.one]"  thumb="https://i.postimg.cc/HswLGq6Y/ico-f-bein-laliga.png" >PlayMedia(&quot;http://xpro.one-iptv.com:25443/son/123456/31527&quot;)</favourite>
	
	<favourite name="LaLiga TV [xpro.one]"  thumb="https://i.postimg.cc/d3MJp6dZ/ico_f_laligatv.png" >PlayMedia(&quot;http://xpro.one-iptv.com:25443/son/123456/31468&quot;)</favourite>
	<favourite name="LaLiga TV HD [xpro.one]"  thumb="https://i.postimg.cc/d3MJp6dZ/ico_f_laligatv.png" >PlayMedia(&quot;http://xpro.one-iptv.com:25443/son/123456/42862&quot;)</favourite>
	
	<favourite name="LaLiga 123 [xpro.one]"  thumb="https://i.postimg.cc/85f1Z9FV/ico-f-liga123.png" >PlayMedia(&quot;http://xpro.one-iptv.com:25443/son/123456/16487&quot;)</favourite>
	<favourite name="LaLiga 123 HD [xpro.one]"  thumb="https://i.postimg.cc/85f1Z9FV/ico-f-liga123.png" >PlayMedia(&quot;http://xpro.one-iptv.com:25443/son/123456/31484&quot;)</favourite>
	
	<favourite name="M+ Liga de Campeones [xpro.one]"  thumb="https://i.postimg.cc/sXcJLYBS/ico-f-liga-campeones.png" >PlayMedia(&quot;http://xpro.one-iptv.com:25443/son/123456/6023&quot;)</favourite>
	<favourite name="M+ Liga de Campeones HD [xpro.one]"  thumb="https://i.postimg.cc/sXcJLYBS/ico-f-liga-campeones.png" >PlayMedia(&quot;http://xpro.one-iptv.com:25443/son/123456/6878&quot;)</favourite>
	
	<!-- 
	<favourite name="M+ Liga de Campeones 1 [xpro.one]"  thumb="https://i.postimg.cc/ZRZcj7q4/ico-f-liga-campeones-1.png" >PlayMedia(&quot;http://xpro.one-iptv.com:25443/son/123456/117&quot;)</favourite>
	<favourite name="M+ Liga de Campeones 1 HD [xpro.one]"  thumb="https://i.postimg.cc/ZRZcj7q4/ico-f-liga-campeones-1.png" >PlayMedia(&quot;http://xpro.one-iptv.com:25443/son/123456/6111&quot;)</favourite> 
	-->

	<!-- <favourite name="DANZ España [xpro.one]"  thumb="https://i.postimg.cc/Qdp4FSvH/ico_f_dazn.png" >PlayMedia(&quot;http://xpro.one-iptv.com:25443/son/123456/6113&quot;)</favourite> -->
	
	<favourite name="M+ Formula 1 [xpro.one]"  thumb="https://i.postimg.cc/QdzwftcH/ico_f_m_formula1.png" >PlayMedia(&quot;http://xpro.one-iptv.com:25443/son/123456/16551&quot;)</favourite>
	<favourite name="M+ Formula 1 HD [xpro.one]"  thumb="https://i.postimg.cc/QdzwftcH/ico_f_m_formula1.png" >PlayMedia(&quot;http://xpro.one-iptv.com:25443/son/123456/16552&quot;)</favourite>
	
	<favourite name="M+ Deportes [xpro.one]"  thumb="https://i.postimg.cc/VkWgqS3C/ico_f_m_deportes.png" >PlayMedia(&quot;http://xpro.one-iptv.com:25443/son/123456/31482&quot;)</favourite>
	<favourite name="M+ Deportes HD [xpro.one]"  thumb="https://i.postimg.cc/VkWgqS3C/ico_f_m_deportes.png" >PlayMedia(&quot;http://xpro.one-iptv.com:25443/son/123456/251&quot;)</favourite>
	
	<favourite name="M+ Golf [xpro.one]"  thumb="https://i.postimg.cc/15JLNMt0/ico-f-m-golf.png" >PlayMedia(&quot;http://xpro.one-iptv.com:25443/son/123456/183&quot;)</favourite>
	<favourite name="M+ Golf HD [xpro.one]"  thumb="https://i.postimg.cc/15JLNMt0/ico-f-m-golf.png" >PlayMedia(&quot;http://xpro.one-iptv.com:25443/son/123456/196&quot;)</favourite>
	
	
	<favourite name="Eurosport 1 [xpro.one]"  thumb="https://i.postimg.cc/h49nh9TM/ico_f_eurosport1.png" >PlayMedia(&quot;http://xpro.one-iptv.com:25443/son/123456/159&quot;)</favourite>
	<favourite name="Eurosport 1 HD [xpro.one]"  thumb="https://i.postimg.cc/h49nh9TM/ico_f_eurosport1.png" >PlayMedia(&quot;http://xpro.one-iptv.com:25443/son/123456/246&quot;)</favourite>
	
	<favourite name="Eurosport 2 [xpro.one]"  thumb="https://i.postimg.cc/5yMMn0dw/ico-f-eurosport2.png" >PlayMedia(&quot;http://xpro.one-iptv.com:25443/son/123456/160&quot;)</favourite>
		
	<favourite name="Barca Tv [xpro.one]"  thumb="https://i.postimg.cc/3J4wLyvv/ico_f_barcelona_tv.png" >PlayMedia(&quot;http://xpro.one-iptv.com:25443/son/123456/112&quot;)</favourite>
	
	<favourite name="Gol TV [xpro.one]"  thumb="https://i.postimg.cc/rwhMMMxk/ico_f_gol.png" >PlayMedia(&quot;http://xpro.one-iptv.com:25443/son/123456/166&quot;)</favourite>
	
	<favourite name="Teledeporte HD [xpro.one]"  thumb="https://i.postimg.cc/kXQWjh88/ico_f_tdp.png" >PlayMedia(&quot;http://xpro.one-iptv.com:25443/son/123456/2699&quot;)</favourite>




	<!--  Documentales  ////////////////////////////////////////////////////////////////////// -->


	<favourite name="Canal Cocina [xpro.one]"  thumb="https://i.postimg.cc/59ZHWq13/ico-f-cocina.png" >PlayMedia(&quot;http://xpro.one-iptv.com:25443/son/123456/3327&quot;)</favourite>

	<favourite name="National Geographic [xpro.one]"  thumb="https://i.postimg.cc/Y904MdhX/ico_f_natgeo.png" >PlayMedia(&quot;http://xpro.one-iptv.com:25443/son/123456/204&quot;)</favourite>
	<favourite name="National Geographic HD [xpro.one]"  thumb="https://i.postimg.cc/Y904MdhX/ico_f_natgeo.png" >PlayMedia(&quot;http://xpro.one-iptv.com:25443/son/123456/258&quot;)</favourite>

	<favourite name="Nat Geo Wild [xpro.one]"  thumb="https://i.postimg.cc/TPRLHdGv/ico_f_natgeo_wild.png" >PlayMedia(&quot;http://xpro.one-iptv.com:25443/son/123456/594&quot;)</favourite>
	<favourite name="Nat Geo Wild HD [xpro.one]"  thumb="https://i.postimg.cc/TPRLHdGv/ico_f_natgeo_wild.png" >PlayMedia(&quot;http://xpro.one-iptv.com:25443/son/123456/6879&quot;)</favourite>

	<favourite name="Historia [xpro.one]"  thumb="https://i.postimg.cc/jSqtpLWc/ico_f_historia.png" >PlayMedia(&quot;http://xpro.one-iptv.com:25443/son/123456/167&quot;)</favourite>

	<favourite name="Discovery Channel [xpro.one]"  thumb="https://i.postimg.cc/4yhT19S4/ico-f-discovery.png" >PlayMedia(&quot;http://xpro.one-iptv.com:25443/son/123456/151&quot;)</favourite>

	<favourite name="Odisea [xpro.one]"  thumb="https://i.postimg.cc/Kjd39tc0/ico_f_odisea.png" >PlayMedia(&quot;http://xpro.one-iptv.com:25443/son/123456/589&quot;)</favourite>

	<favourite name="Viajar [xpro.one]"  thumb="https://i.postimg.cc/jC0C6Kv9/ico_f_viajar.png" >PlayMedia(&quot;http://xpro.one-iptv.com:25443/son/123456/4711&quot;)</favourite>

	<favourite name="Caza y Pesca [xpro.one]"  thumb="https://i.postimg.cc/SxGj9B9T/ico-f-caza-y-pesca.png" >PlayMedia(&quot;http://xpro.one-iptv.com:25443/son/123456/6877&quot;)</favourite>
	<favourite name="Caza y Pesca HD [xpro.one]"  thumb="https://i.postimg.cc/SxGj9B9T/ico-f-caza-y-pesca.png" >PlayMedia(&quot;http://xpro.one-iptv.com:25443/son/123456/141&quot;)</favourite>


	<favourite name="Blaze [xpro.one]"  thumb="https://i.postimg.cc/1zwS66b9/ico_f_blaze.png" >PlayMedia(&quot;http://xpro.one-iptv.com:25443/son/123456/101&quot;)</favourite>

	<favourite name="Crimen & Investigación [xpro.one]"  thumb="https://i.postimg.cc/1RNtBn6N/ico-f-c-i.png" >PlayMedia(&quot;http://xpro.one-iptv.com:25443/son/123456/132&quot;)</favourite>

	<favourite name="Decasa [xpro.one]"  thumb="https://i.postimg.cc/Qx1F89dr/ico-f-decasa.png" >PlayMedia(&quot;http://xpro.one-iptv.com:25443/son/123456/136&quot;)</favourite>




	<!--  Música  ////////////////////////////////////////////////////////////////////// -->


	<favourite name="MTV España [xpro.one]"  thumb="https://i.postimg.cc/HnP9TJYM/ico_f_mtv.png" >PlayMedia(&quot;http://xpro.one-iptv.com:25443/son/123456/201&quot;)</favourite>
	
	<favourite name="MTV Brand New [xpro.one]"  thumb="https://i.postimg.cc/9X1xx0hC/ico_f_mtv_usa.png" >PlayMedia(&quot;http://xpro.one-iptv.com:25443/son/123456/6303&quot;)</favourite>

	<favourite name="Mezzo [xpro.one]"  thumb="https://i.postimg.cc/VNrQwMzq/ico_f_mezzo.png" >PlayMedia(&quot;http://xpro.one-iptv.com:25443/son/123456/4714&quot;)</favourite>
	
	<favourite name="Sol Música [xpro.one]"  thumb="https://i.postimg.cc/TPwm3dsq/ico_f_sol_musica.png" >PlayMedia(&quot;http://xpro.one-iptv.com:25443/son/123456/6347&quot;)</favourite>

	
	


	<!-- Noticias  ////////////////////////////////////////////////////////////////////// -->


	<favourite name="24 Horas [xpro.one]"  thumb="https://i.postimg.cc/RZxvXgmk/ico-f-24h.png" >PlayMedia(&quot;http://xpro.one-iptv.com:25443/son/123456/4700&quot;)</favourite>

	

	
	
</favourites>