<favourites>

	<favourite name="Portada [yst3ream4]"  thumb="https://i.postimg.cc/W1mqnDB7/ico-f-osmc.png" >PlayMedia(&quot;http://yst3ream4.myq-see.com:8001/1:0:1:759C:422:1:C00000:0:0:0:&quot;)</favourite>
	



	<!--  TDT 1  ////////////////////////////////////////////////////////////////////// -->


	<favourite name="La 1 [yst3ream4]"  thumb="https://i.postimg.cc/9XTmZ35d/ico_f_la1.png" >PlayMedia(&quot;http://yst3ream4.myq-see.com:8001/1:0:1:77C0:40A:1:C00000:0:0:0:&quot;)</favourite>
	<favourite name="La 1 HD [yst3ream4]"  thumb="https://i.postimg.cc/9XTmZ35d/ico_f_la1.png" >PlayMedia(&quot;http://yst3ream4.myq-see.com:8001/1:0:19:7863:41A:1:C00000:0:0:0:&quot;)</favourite>
	
	<favourite name="La 2 [yst3ream4]"  thumb="https://i.postimg.cc/PJmdjDz3/ico_f_la2.png" >PlayMedia(&quot;http://yst3ream4.myq-see.com:8001/1:0:1:77C2:40A:1:C00000:0:0:0:&quot;)</favourite>

	<favourite name="Antena 3 [yst3ream4]"  thumb="https://i.postimg.cc/W4jbbXfG/ico-f-antena3.png" >PlayMedia(&quot;http://yst3ream4.myq-see.com:8001/1:0:1:7604:408:1:C00000:0:0:0:&quot;)</favourite>
	<favourite name="Antena 3 HD [yst3ream4]"  thumb="https://i.postimg.cc/W4jbbXfG/ico-f-antena3.png" >PlayMedia(&quot;http://yst3ream4.myq-see.com:8001/1:0:19:7534:426:1:C00000:0:0:0:&quot;)</favourite>

	<favourite name="Cuatro [yst3ream4]"  thumb="https://i.postimg.cc/QNBBznLC/ico-f-cuatro.png" >PlayMedia(&quot;http://yst3ream4.myq-see.com:8001/1:0:1:77C7:40A:1:C00000:0:0:0:&quot;)</favourite>
	<favourite name="Cuatro HD [yst3ream4]"  thumb="https://i.postimg.cc/QNBBznLC/ico-f-cuatro.png" >PlayMedia(&quot;http://yst3ream4.myq-see.com:8001/1:0:19:7535:426:1:C00000:0:0:0:&quot;)</favourite>

	<favourite name="Telecinco [yst3ream4]"  thumb="https://i.postimg.cc/hvxVR25k/ico_f_telecinco.png" >PlayMedia(&quot;http://yst3ream4.myq-see.com:8001/1:0:1:77c3:40a:1:c00000:0:0:0:&quot;)</favourite>
	<favourite name="Telecinco HD [yst3ream4]"  thumb="https://i.postimg.cc/hvxVR25k/ico_f_telecinco.png" >PlayMedia(&quot;http://yst3ream4.myq-see.com:8001/1:0:19:7536:426:1:C00000:0:0:0:&quot;)</favourite>

	<favourite name="La Sexta [yst3ream4]"  thumb="https://i.postimg.cc/R0DSQ4ZR/ico_f_lasexta.png" >PlayMedia(&quot;http://yst3ream4.myq-see.com:8001/1:0:1:77BF:40A:1:C00000:0:0:0:&quot;)</favourite>
	<favourite name="La Sexta HD [yst3ream4]"  thumb="https://i.postimg.cc/R0DSQ4ZR/ico_f_lasexta.png" >PlayMedia(&quot;http://yst3ream4.myq-see.com:8001/1:0:19:7537:426:1:C00000:0:0:0:&quot;)</favourite>




	<!--  Movistar+ Cine   ////////////////////////////////////////////////////////////////////// -->


	<favourite name="#0 [yst3ream4]"  thumb="https://i.postimg.cc/cCVdqmn8/ico-f-0.png" >PlayMedia(&quot;http://yst3ream4.myq-see.com:8001/1:0:1:7478:3F0:1:C00000:0:0:0:&quot;)</favourite>
	<favourite name="#0 HD [yst3ream4]"  thumb="https://i.postimg.cc/cCVdqmn8/ico-f-0.png" >PlayMedia(&quot;http://yst3ream4.myq-see.com:8001/1:0:19:788C:414:1:C00000:0:0:0:&quot;)</favourite>

	<favourite name="Movistar+ Estrenos [yst3ream4]"  thumb="https://i.postimg.cc/Y9KVwsn7/ico_f_m_estrenos.png" >PlayMedia(&quot;http://yst3ream4.myq-see.com:8001/1:0:1:76C0:40E:1:C00000:0:0:0:&quot;)</favourite>
	<favourite name="Movistar+ Estrenos HD [yst3ream4]"  thumb="https://i.postimg.cc/Y9KVwsn7/ico_f_m_estrenos.png" >PlayMedia(&quot;http://yst3ream4.myq-see.com:8001/1:0:19:74D5:3F8:1:C00000:0:0:0:&quot;)</favourite>

	<favourite name="Movistar+ CineDoc&Roll [yst3ream4]"  thumb="https://i.postimg.cc/wxmNMTqg/ico_f_m_cinedoc&roll.png" >PlayMedia(&quot;http://yst3ream4.myq-see.com:8001/1:0:1:77C6:40A:1:C00000:0:0:0:&quot;)</favourite>
	<favourite name="Movistar+ CineDoc&Roll HD [yst3ream4]"  thumb="https://i.postimg.cc/wxmNMTqg/ico_f_m_cinedoc&roll.png" >PlayMedia(&quot;http://yst3ream4.myq-see.com:8001/1:0:19:74D8:3F8:1:C00000:0:0:0:&quot;)</favourite>

	<favourite name="Movistar+ Acción [yst3ream4]"  thumb="https://i.postimg.cc/kgwXGxrL/ico_f_m_accion.png" >PlayMedia(&quot;http://yst3ream4.myq-see.com:8001/1:0:1:746C:3F0:1:C00000:0:0:0:&quot;)</favourite>
	<favourite name="Movistar+ Acción HD [yst3ream4]"  thumb="https://i.postimg.cc/kgwXGxrL/ico_f_m_accion.png" >PlayMedia(&quot;http://yst3ream4.myq-see.com:8001/1:0:19:7509:420:1:C00000:0:0:0:&quot;)</favourite>

	<favourite name="Movistar+ Comedia [yst3ream4]"  thumb="https://i.postimg.cc/gkST0JSN/ico_f_m_comedia.png" >PlayMedia(&quot;http://yst3ream4.myq-see.com:8001/1:0:1:746D:3F0:1:C00000:0:0:0:&quot;)</favourite>
	<favourite name="Movistar+ Comedia HD [yst3ream4]"  thumb="https://i.postimg.cc/gkST0JSN/ico_f_m_comedia.png" >PlayMedia(&quot;http://yst3ream4.myq-see.com:8001/1:0:19:7857:41A:1:C00000:0:0:0:&quot;)</favourite>

	<favourite name="Movistar+ Drama [yst3ream4]"  thumb="https://i.postimg.cc/wj6RwXhj/ico_f_m_drama.png" >PlayMedia(&quot;http://yst3ream4.myq-see.com:8001/1:0:1:746E:3F0:1:C00000:0:0:0:&quot;)</favourite>
	<favourite name="Movistar+ Drama HD [yst3ream4]"  thumb="https://i.postimg.cc/wj6RwXhj/ico_f_m_drama.png" >PlayMedia(&quot;http://yst3ream4.myq-see.com:8001/1:0:19:750B:420:1:C00000:0:0:0:&quot;)</favourite>

	<favourite name="Movistar+ Cine Ñ [yst3ream4]"  thumb="https://i.postimg.cc/SxmxmgPW/ico_f_m_cine_ñ.png" >PlayMedia(&quot;http://yst3ream4.myq-see.com:8001/1:0:1:7736:416:1:C00000:0:0:0:&quot;)</favourite>

	<favourite name="Movistar+ Disney [yst3ream4]"  thumb="https://i.postimg.cc/sx3NMZC0/ico-f-m-disney.png" >PlayMedia(&quot;http://yst3ream4.myq-see.com:8001/1:0:1:749D:41C:1:C00000:0:0:0:&quot;)</favourite>

	<favourite name="Movistar+ Series [yst3ream4]"  thumb="https://i.postimg.cc/NFxZDkxc/ico_f_m_series.png" >PlayMedia(&quot;http://yst3ream4.myq-see.com:8001/1:0:1:7696:41E:1:C00000:0:0:0:&quot;)</favourite>
	<favourite name="Movistar+ Series HD [yst3ream4]"  thumb="https://i.postimg.cc/NFxZDkxc/ico_f_m_series.png" >PlayMedia(&quot;http://yst3ream4.myq-see.com:8001/1:0:19:7882:414:1:C00000:0:0:0:&quot;)</favourite>

	<favourite name="Movistar+ Seriesmania [yst3ream4]"  thumb="https://i.postimg.cc/jdY7702N/ico_f_m_seriesmania.png" >PlayMedia(&quot;http://yst3ream4.myq-see.com:8001/1:0:1:76CA:40E:1:C00000:0:0:0:&quot;)</favourite>
	<favourite name="Movistar+ Seriesmania HD [yst3ream4]"  thumb="https://i.postimg.cc/jdY7702N/ico_f_m_seriesmania.png" >PlayMedia(&quot;http://yst3ream4.myq-see.com:8001/1:0:19:78B6:3EC:1:C00000:0:0:0:&quot;)</favourite>




	<!--  Cine y Entretenimiento  ////////////////////////////////////////////////////////////////////// -->


	<favourite name="Comedy Central [yst3ream4]"  thumb="https://i.postimg.cc/RV6DJdtY/ico-f-comedy-central-2018-alt.png" >PlayMedia(&quot;http://yst3ream4.myq-see.com:8001/1:0:1:76C8:40E:1:C00000:0:0:0:&quot;)</favourite>
	<favourite name="Comedy Central HD [yst3ream4]"  thumb="https://i.postimg.cc/RV6DJdtY/ico-f-comedy-central-2018-alt.png" >PlayMedia(&quot;http://yst3ream4.myq-see.com:8001/1:0:19:78C0:3EC:1:C00000:0:0:0:&quot;)</favourite>

	<favourite name="AMC [yst3ream4]"  thumb="https://i.postimg.cc/fT1ZfVgr/ico_f_amc_2019.png" >PlayMedia(&quot;http://yst3ream4.myq-see.com:8001/1:0:1:76CF:40E:1:C00000:0:0:0:&quot;)</favourite>
	<favourite name="AMC HD [yst3ream4]"  thumb="https://i.postimg.cc/fT1ZfVgr/ico_f_amc_2019.png" >PlayMedia(&quot;http://yst3ream4.myq-see.com:8001/1:0:19:7533:426:1:C00000:0:0:0:&quot;)</favourite>

	<favourite name="TNT [yst3ream4]"  thumb="https://i.postimg.cc/GmjJpSmr/ico_f_tnt.png" >PlayMedia(&quot;http://yst3ream4.myq-see.com:8001/1:0:1:77C9:40A:1:C00000:0:0:0:&quot;)</favourite>
	<favourite name="TNT HD [yst3ream4]"  thumb="https://i.postimg.cc/GmjJpSmr/ico_f_tnt.png" >PlayMedia(&quot;http://yst3ream4.myq-see.com:8001/1:0:19:7888:414:1:C00000:0:0:0:&quot;)</favourite>

	<favourite name="Fox [yst3ream4]"  thumb="https://i.postimg.cc/Qt73Q7P8/ico-f-fox.png" >PlayMedia(&quot;http://yst3ream4.myq-see.com:8001/1:0:1:746F:3F0:1:C00000:0:0:0:&quot;)</favourite>
	<favourite name="Fox HD [yst3ream4]"  thumb="https://i.postimg.cc/Qt73Q7P8/ico-f-fox.png" >PlayMedia(&quot;http://yst3ream4.myq-see.com:8001/1:0:19:7504:420:1:C00000:0:0:0:&quot;)</favourite>

	<favourite name="Canal Hollywood [yst3ream4]"  thumb="https://i.postimg.cc/VLWzZjN5/ico_f_hollywood.png" >PlayMedia(&quot;http://yst3ream4.myq-see.com:8001/1:0:1:77C1:40A:1:C00000:0:0:0:&quot;)</favourite>
	<favourite name="Canal Hollywood HD [yst3ream4]"  thumb="https://i.postimg.cc/VLWzZjN5/ico_f_hollywood.png" >PlayMedia(&quot;http://yst3ream4.myq-see.com:8001/1:0:19:750C:420:1:C00000:0:0:0:&quot;)</favourite>

	<favourite name="AXN [yst3ream4]"  thumb="https://i.postimg.cc/9MQmyz2z/ico-f-axn.png" >PlayMedia(&quot;http://yst3ream4.myq-see.com:8001/1:0:1:7477:3F0:1:C00000:0:0:0:&quot;)</favourite>
	<favourite name="AXN HD [yst3ream4]"  thumb="https://i.postimg.cc/9MQmyz2z/ico-f-axn.png" >PlayMedia(&quot;http://yst3ream4.myq-see.com:8001/1:0:19:7856:41A:1:C00000:0:0:0:&quot;)</favourite>

	<favourite name="Calle 13 [yst3ream4]"  thumb="https://i.postimg.cc/gJx0frTQ/ico-f-calle13.png" >PlayMedia(&quot;http://yst3ream4.myq-see.com:8001/1:0:1:7790:424:1:C00000:0:0:0:&quot;)</favourite>
	<favourite name="Calle 13 HD [yst3ream4]"  thumb="https://i.postimg.cc/gJx0frTQ/ico-f-calle13.png" >PlayMedia(&quot;http://yst3ream4.myq-see.com:8001/1:0:19:7824:428:1:C00000:0:0:0:&quot;)</favourite>

	<favourite name="SyFy [yst3ream4]"  thumb="https://i.postimg.cc/YqK1zw4M/ico_f_syfy.png" >PlayMedia(&quot;http://yst3ream4.myq-see.com:8001/1:0:1:7796:424:1:C00000:0:0:0:&quot;)</favourite>
	<favourite name="SyFy HD [yst3ream4]"  thumb="https://i.postimg.cc/YqK1zw4M/ico_f_syfy.png" >PlayMedia(&quot;http://yst3ream4.myq-see.com:8001/1:0:19:74CD:3F8:1:C00000:0:0:0:&quot;)</favourite>

	<favourite name="TCM [yst3ream4]"  thumb="https://i.postimg.cc/90js4hSr/ico_f_tcm-2019.png" >PlayMedia(&quot;http://yst3ream4.myq-see.com:8001/1:0:1:76C7:40E:1:C00000:0:0:0:&quot;)</favourite>
	<favourite name="TCM HD [yst3ream4]"  thumb="https://i.postimg.cc/90js4hSr/ico_f_tcm-2019.png" >PlayMedia(&quot;http://yst3ream4.myq-see.com:8001/1:0:19:7885:414:1:C00000:0:0:0:&quot;)</favourite>

	<favourite name="Fox Life [yst3ream4]"  thumb="https://i.postimg.cc/yNtK3jLp/ico-f-foxlife.png" >PlayMedia(&quot;http://yst3ream4.myq-see.com:8001/1:0:1:7468:3F0:1:C00000:0:0:0:&quot;)</favourite>
	<favourite name="Fox Life HD [yst3ream4]"  thumb="https://i.postimg.cc/yNtK3jLp/ico-f-foxlife.png" >PlayMedia(&quot;http://yst3ream4.myq-see.com:8001/1:0:19:78B5:3EC:1:C00000:0:0:0:&quot;)</favourite>

	<favourite name="AXN White [yst3ream4]"  thumb="https://i.postimg.cc/CL3x9FG6/ico-f-axn-white.png" >PlayMedia(&quot;http://yst3ream4.myq-see.com:8001/1:0:1:7471:3F0:1:C00000:0:0:0:&quot;)</favourite>
	<favourite name="AXN White HD [yst3ream4]"  thumb="https://i.postimg.cc/CL3x9FG6/ico-f-axn-white.png" >PlayMedia(&quot;http://yst3ream4.myq-see.com:8001/1:0:19:74DB:3F8:1:C00000:0:0:0:&quot;)</favourite>

	<favourite name="Cosmo [yst3ream4]"  thumb="https://i.postimg.cc/vZyccY4x/ico-f-cosmo.png" >PlayMedia(&quot;http://yst3ream4.myq-see.com:8001/1:0:1:7730:416:1:C00000:0:0:0:&quot;)</favourite>
	<favourite name="Cosmo HD [yst3ream4]"  thumb="https://i.postimg.cc/vZyccY4x/ico-f-cosmo.png" >PlayMedia(&quot;http://yst3ream4.myq-see.com:8001/1:0:19:78B8:3EC:1:C00000:0:0:0:&quot;)</favourite>

	<favourite name="Sundance [yst3ream4]"  thumb="https://i.postimg.cc/cLdwPMMz/ico_f_sundance.png" >PlayMedia(&quot;http://yst3ream4.myq-see.com:8001/1:0:1:76A5:41E:1:C00000:0:0:0:&quot;)</favourite>

	


	<!--  Deportes  ////////////////////////////////////////////////////////////////////// -->


	<favourite name="MultiDeportes [yst3ream4]"  thumb="https://i.postimg.cc/W1mqnDB7/ico-f-osmc.png" >PlayMedia(&quot;http://yst3ream4.myq-see.com:8001/1:0:1:7692:41E:1:C00000:0:0:0:&quot;)</favourite>
	
	<favourite name="#Vamos [yst3ream4]"  thumb="https://i.postimg.cc/DZp9PZ5w/ico_f_m__vamos.png" >PlayMedia(&quot;http://yst3ream4.myq-see.com:8001/1:0:1:7606:408:1:C00000:0:0:0:&quot;)</favourite>
	<favourite name="#Vamos HD [yst3ream4]"  thumb="https://i.postimg.cc/DZp9PZ5w/ico_f_m__vamos.png" >PlayMedia(&quot;http://yst3ream4.myq-see.com:8001/1:0:19:74D6:3F8:1:C00000:0:0:0:&quot;)</favourite>

	<favourite name="M+ LaLiga [yst3ream4]"  thumb="https://i.postimg.cc/cLbtyghr/ico_f_m_laliga.png" >PlayMedia(&quot;http://yst3ream4.myq-see.com:8001/1:0:1:7797:424:1:C00000:0:0:0:&quot;)</favourite>
	<favourite name="M+ LaLiga HD [yst3ream4]"  thumb="https://i.postimg.cc/cLbtyghr/ico_f_m_laliga.png" >PlayMedia(&quot;http://yst3ream4.myq-see.com:8001/1:0:19:750F:420:1:C00000:0:0:0:&quot;)</favourite>

	<favourite name="M+ LaLiga 1 (Sólo Partidos) [yst3ream4]"  thumb="https://i.postimg.cc/NFB571sP/ico_f_m_laliga_1.png" >PlayMedia(&quot;http://yst3ream4.myq-see.com:8001/1:0:1:756B:412:1:C00000:0:0:0:&quot;)</favourite>
	<favourite name="M+ LaLiga 1 HD (Sólo Partidos) [yst3ream4]"  thumb="https://i.postimg.cc/NFB571sP/ico_f_m_laliga_1.png" >PlayMedia(&quot;http://yst3ream4.myq-see.com:8001/1:0:19:74FF:420:1:C00000:0:0:0:&quot;)</favourite>

	<favourite name="M+ LaLiga 2 (Sólo Partidos) [yst3ream4]"  thumb="https://i.postimg.cc/rmSDrhkr/ico_f_m_laliga_2.png" >PlayMedia(&quot;http://yst3ream4.myq-see.com:8001/1:0:1:7580:412:1:C00000:0:0:0:&quot;)</favourite>
	<favourite name="M+ LaLiga 2 HD (Sólo Partidos) [yst3ream4]"  thumb="https://i.postimg.cc/rmSDrhkr/ico_f_m_laliga_2.png" >PlayMedia(&quot;http://yst3ream4.myq-see.com:8001/1:0:19:7855:41A:1:C00000:0:0:0:&quot;)</favourite>

	<favourite name="M+ LaLiga 3 (Sólo Partidos) [yst3ream4]"  thumb="https://i.postimg.cc/c41vvM5v/ico_f_m_laliga_3.png" >PlayMedia(&quot;http://yst3ream4.myq-see.com:8001/1:0:1:769C:41E:1:C00000:0:0:0:&quot;)</favourite>
	<favourite name="M+ LaLiga 3 HD (Sólo Partidos) [yst3ream4]"  thumb="https://i.postimg.cc/c41vvM5v/ico_f_m_laliga_3.png" >PlayMedia(&quot;http://yst3ream4.myq-see.com:8001/1:0:19:785F:41A:1:C00000:0:0:0:&quot;)</favourite>

	<favourite name="M+ LaLiga 4 (Sólo Partidos) [yst3ream4]"  thumb="https://i.postimg.cc/fbStwzq5/ico_f_m_laliga_4.png" >PlayMedia(&quot;http://yst3ream4.myq-see.com:8001/1:0:1:769B:41E:1:C00000:0:0:0:&quot;)</favourite>

	<favourite name="M+ LaLiga 5 (Sólo Partidos) [yst3ream4]"  thumb="https://i.postimg.cc/tT01JKLb/ico_f_m_laliga_5.png" >PlayMedia(&quot;http://yst3ream4.myq-see.com:8001/1:0:1:7579:412:1:C00000:0:0:0:&quot;)</favourite>

	<favourite name="M+ LaLiga 6 (Sólo Partidos) [yst3ream4]"  thumb="https://i.postimg.cc/QCmV6HVN/ico_f_m_laliga_6.png" >PlayMedia(&quot;http://yst3ream4.myq-see.com:8001/1:0:1:757E:412:1:C00000:0:0:0:&quot;)</favourite>

	<favourite name="M+ LaLiga 7 (Sólo Partidos) [yst3ream4]"  thumb="https://i.postimg.cc/hvDt7csk/ico_f_m_laliga_7.png" >PlayMedia(&quot;http://yst3ream4.myq-see.com:8001/1:0:1:756E:412:1:C00000:0:0:0:&quot;)</favourite>

	<favourite name="M+ LaLiga 8 (Sólo Partidos) [yst3ream4]"  thumb="https://i.postimg.cc/MpvXDZwx/ico_f_m_laliga_8.png" >PlayMedia(&quot;http://yst3ream4.myq-see.com:8001/1:0:1:7690:41E:1:C00000:0:0:0:&quot;)</favourite>

	<favourite name="M+ LaLiga 9 (Sólo Partidos) [yst3ream4]"  thumb="https://i.postimg.cc/hjqjc9dP/ico_f_m_laliga_9.png" >PlayMedia(&quot;http://yst3ream4.myq-see.com:8001/1:0:1:7581:412:1:C00000:0:0:0:&quot;)</favourite>

	<favourite name="M+ LaLiga 10 (Sólo Partidos) [yst3ream4]"  thumb="https://i.postimg.cc/GtXhFVSH/ico_f_m_laliga_10.png" >PlayMedia(&quot;http://yst3ream4.myq-see.com:8001/1:0:1:7578:412:1:C00000:0:0:0:&quot;)</favourite>


	<favourite name="LaLigaTV Bar [yst3ream4]"  thumb="https://i.postimg.cc/2j7qjXTp/ico_f_laligatv_bar.png" >PlayMedia(&quot;http://yst3ream4.myq-see.com:8001/1:0:1:7793:424:1:C00000:0:0:0:&quot;)</favourite>
	<favourite name="LaLigaTV Bar HD [yst3ream4]"  thumb="https://i.postimg.cc/2j7qjXTp/ico_f_laligatv_bar.png" >PlayMedia(&quot;http://yst3ream4.myq-see.com:8001/1:0:19:7859:41A:1:C00000:0:0:0:&quot;)</favourite>

	<favourite name="LaLigaTV Bar 1 [yst3ream4]"  thumb="https://i.postimg.cc/TYkpgLZC/ico_f_laligatv_bar_1.png" >PlayMedia(&quot;http://yst3ream4.myq-see.com:8001/1:0:1:769A:41E:1:C00000:0:0:0:&quot;)</favourite>
	
	<favourite name="LaLigaTV Bar 2 [yst3ream4]"  thumb="https://i.postimg.cc/132XYxRF/ico_f_laligatv_bar_2.png" >PlayMedia(&quot;http://yst3ream4.myq-see.com:8001/1:0:1:7582:412:1:C00000:0:0:0:&quot;)</favourite>
	
	<favourite name="LaLigaTV Bar 3 [yst3ream4]"  thumb="https://i.postimg.cc/6qhm0YbS/ico_f_laligatv_bar_3.png" >PlayMedia(&quot;http://yst3ream4.myq-see.com:8001/1:0:1:7574:412:1:C00000:0:0:0:&quot;)</favourite>
	
	<favourite name="LaLigaTV Bar 4 [yst3ream4]"  thumb="https://i.postimg.cc/FFb8NHFZ/ico_f_laligatv_bar_4.png" >PlayMedia(&quot;http://yst3ream4.myq-see.com:8001/1:0:1:76A6:41E:1:C00000:0:0:0:&quot;)</favourite>


	<favourite name="M+ Liga de Campeones [yst3ream4]"  thumb="https://i.postimg.cc/CLsfCnTs/ico-f-liga-campeones.png" >PlayMedia(&quot;http://yst3ream4.myq-see.com:8001/1:0:1:757B:412:1:C00000:0:0:0:&quot;)</favourite>
	<favourite name="M+ Liga de Campeones HD [yst3ream4]"  thumb="https://i.postimg.cc/CLsfCnTs/ico-f-liga-campeones.png" >PlayMedia(&quot;http://yst3ream4.myq-see.com:8001/1:0:19:78B4:3EC:1:C00000:0:0:0:&quot;)</favourite>
	
	<favourite name="M+ Liga de Campeones 1 [yst3ream4]"  thumb="https://i.postimg.cc/tRkTGnCp/ico_f_m_liga_campeones_1.png" >PlayMedia(&quot;http://yst3ream4.myq-see.com:8001/1:0:1:757A:412:1:C00000:0:0:0:&quot;)</favourite>
	<favourite name="M+ Liga de Campeones 1 HD [yst3ream4]"  thumb="https://i.postimg.cc/tRkTGnCp/ico_f_m_liga_campeones_1.png" >PlayMedia(&quot;http://yst3ream4.myq-see.com:8001/1:0:19:7861:41A:1:C00000:0:0:0:&quot;)</favourite>
	
	<favourite name="M+ Liga de Campeones 2 [yst3ream4]"  thumb="https://i.postimg.cc/7YLLHPf7/ico_f_m_liga_campeones_2.png" >PlayMedia(&quot;http://yst3ream4.myq-see.com:8001/1:0:1:769F:41E:1:C00000:0:0:0:&quot;)</favourite>
	<favourite name="M+ Liga de Campeones 2 HD [yst3ream4]"  thumb="https://i.postimg.cc/7YLLHPf7/ico_f_m_liga_campeones_2.png" >PlayMedia(&quot;http://yst3ream4.myq-see.com:8001/1:0:19:7864:41A:1:C00000:0:0:0:&quot;)</favourite>




	<favourite name="M+ Formula 1 [yst3ream4]"  thumb="https://i.postimg.cc/QdzwftcH/ico_f_m_formula1.png" >PlayMedia(&quot;http://yst3ream4.myq-see.com:8001/1:0:1:74A4:41C:1:C00000:0:0:0:&quot;)</favourite>
	<favourite name="M+ Formula 1 HD [yst3ream4]"  thumb="https://i.postimg.cc/QdzwftcH/ico_f_m_formula1.png" >PlayMedia(&quot;http://yst3ream4.myq-see.com:8001/1:0:19:7531:426:1:C00000:0:0:0:&quot;)</favourite>
	
	<favourite name="M+ Deportes [yst3ream4]"  thumb="https://i.postimg.cc/VkWgqS3C/ico_f_m_deportes.png" >PlayMedia(&quot;http://yst3ream4.myq-see.com:8001/1:0:1:778F:424:1:C00000:0:0:0:&quot;)</favourite>
	<favourite name="M+ Deportes HD [yst3ream4]"  thumb="https://i.postimg.cc/VkWgqS3C/ico_f_m_deportes.png" >PlayMedia(&quot;http://yst3ream4.myq-see.com:8001/1:0:19:7828:428:1:C00000:0:0:0:&quot;)</favourite>
	
	<favourite name="M+ Golf [yst3ream4]"  thumb="https://i.postimg.cc/15JLNMt0/ico-f-m-golf.png" >PlayMedia(&quot;http://yst3ream4.myq-see.com:8001/1:0:1:7789:424:1:C00000:0:0:0:&quot;)</favourite>
	<favourite name="M+ Golf HD [yst3ream4]"  thumb="https://i.postimg.cc/15JLNMt0/ico-f-m-golf.png" >PlayMedia(&quot;http://yst3ream4.myq-see.com:8001/1:0:19:78B7:3EC:1:C00000:0:0:0:&quot;)</favourite>
	
	<favourite name="Eurosport 1 [yst3ream4]"  thumb="https://i.postimg.cc/h49nh9TM/ico_f_eurosport1.png" >PlayMedia(&quot;http://yst3ream4.myq-see.com:8001/1:0:1:74A1:41C:1:C00000:0:0:0:&quot;)</favourite>
	<favourite name="Eurosport 1 HD [yst3ream4]"  thumb="https://i.postimg.cc/h49nh9TM/ico_f_eurosport1.png" >PlayMedia(&quot;http://yst3ream4.myq-see.com:8001/1:0:19:7826:428:1:C00000:0:0:0:&quot;)</favourite>
	
	<favourite name="Eurosport 2 [yst3ream4]"  thumb="https://i.postimg.cc/5yMMn0dw/ico-f-eurosport2.png" >PlayMedia(&quot;http://yst3ream4.myq-see.com:8001/1:0:1:760E:408:1:C00000:0:0:0:&quot;)</favourite>
	
	<favourite name="FightBox [yst3ream4]"  thumb="https://i.postimg.cc/FsmrdvQw/ico-f-fight-box.png" >PlayMedia(&quot;http://yst3ream4.myq-see.com:8001/1:0:1:36E2:C8C:3:EB0000:0:0:0:&quot;)</favourite>
	
	<favourite name="Barca Tv [yst3ream4]"  thumb="https://i.postimg.cc/3J4wLyvv/ico_f_barcelona_tv.png" >PlayMedia(&quot;http://yst3ream4.myq-see.com:8001/1:0:1:74A0:41C:1:C00000:0:0:0:&quot;)</favourite>
	
	<favourite name="Gol TV [yst3ream4]"  thumb="https://i.postimg.cc/rwhMMMxk/ico_f_gol.png" >PlayMedia(&quot;http://yst3ream4.myq-see.com:8001/1:0:1:74A3:41C:1:C00000:0:0:0:&quot;)</favourite>
	
	<favourite name="Teledeporte [yst3ream4]"  thumb="https://i.postimg.cc/kXQWjh88/ico_f_tdp.png" >PlayMedia(&quot;http://yst3ream4.myq-see.com:8001/1:0:1:76CC:40E:1:C00000:0:0:0:&quot;)</favourite>






	<!--  Documentales  ////////////////////////////////////////////////////////////////////// -->


	<favourite name="Canal Cocina [yst3ream4]"  thumb="https://i.postimg.cc/59ZHWq13/ico-f-cocina.png" >PlayMedia(&quot;http://yst3ream4.myq-see.com:8001/1:0:1:76CE:40E:1:C00000:0:0:0:&quot;)</favourite>

	<favourite name="National Geographic [yst3ream4]"  thumb="https://i.postimg.cc/Y904MdhX/ico_f_natgeo.png" >PlayMedia(&quot;http://yst3ream4.myq-see.com:8001/1:0:1:77D8:40A:1:C00000:0:0:0:&quot;)</favourite>
	<favourite name="National Geographic HD [yst3ream4]"  thumb="https://i.postimg.cc/Y904MdhX/ico_f_natgeo.png" >PlayMedia(&quot;http://yst3ream4.myq-see.com:8001/1:0:19:7829:428:1:C00000:0:0:0:&quot;)</favourite>

	<favourite name="Nat Geo Wild [yst3ream4]"  thumb="https://i.postimg.cc/TPRLHdGv/ico_f_natgeo_wild.png" >PlayMedia(&quot;http://yst3ream4.myq-see.com:8001/1:0:1:77D8:40A:1:C00000:0:0:0:&quot;)</favourite>
	<favourite name="Nat Geo Wild HD [yst3ream4]"  thumb="https://i.postimg.cc/TPRLHdGv/ico_f_natgeo_wild.png" >PlayMedia(&quot;http://yst3ream4.myq-see.com:8001/1:0:19:7889:414:1:C00000:0:0:0:&quot;)</favourite>

	<favourite name="Historia [yst3ream4]"  thumb="https://i.postimg.cc/jSqtpLWc/ico_f_historia.png" >PlayMedia(&quot;http://yst3ream4.myq-see.com:8001/1:0:1:7731:416:1:C00000:0:0:0:&quot;)</favourite>

	<favourite name="Discovery Channel [yst3ream4]"  thumb="https://i.postimg.cc/jSNTgRpd/ico_f_discovery_2019.png" >PlayMedia(&quot;http://yst3ream4.myq-see.com:8001/1:0:1:772F:416:1:C00000:0:0:0:&quot;)</favourite>

	<favourite name="Odisea [yst3ream4]"  thumb="https://i.postimg.cc/Kjd39tc0/ico_f_odisea.png" >PlayMedia(&quot;http://yst3ream4.myq-see.com:8001/1:0:1:778A:424:1:C00000:0:0:0:&quot;)</favourite>

	<favourite name="Viajar [yst3ream4]"  thumb="https://i.postimg.cc/jC0C6Kv9/ico_f_viajar.png" >PlayMedia(&quot;http://yst3ream4.myq-see.com:8001/1:0:1:76C9:40E:1:C00000:0:0:0:&quot;)</favourite>
	<favourite name="Viajar HD [yst3ream4]"  thumb="https://i.postimg.cc/jC0C6Kv9/ico_f_viajar.png" >PlayMedia(&quot;http://yst3ream4.myq-see.com:8001/1:0:19:74D3:3F8:1:C00000:0:0:0:&quot;)</favourite>

	<favourite name="Caza y Pesca [yst3ream4]"  thumb="https://i.postimg.cc/SxGj9B9T/ico-f-caza-y-pesca.png" >PlayMedia(&quot;http://yst3ream4.myq-see.com:8001/1:0:1:772B:416:1:C00000:0:0:0:&quot;)</favourite>
	<favourite name="Caza y Pesca HD [yst3ream4]"  thumb="https://i.postimg.cc/SxGj9B9T/ico-f-caza-y-pesca.png" >PlayMedia(&quot;http://yst3ream4.myq-see.com:8001/1:0:19:788D:414:1:C00000:0:0:0:&quot;)</favourite>

	<favourite name="Iberalia [yst3ream4]"  thumb="https://i.postimg.cc/dtYq9Wwz/ico_f_iberalia.png" >PlayMedia(&quot;http://yst3ream4.myq-see.com:8001/1:0:1:746a:3f0:1:c00000:0:0:0:&quot;)</favourite>

	<favourite name="Blaze [yst3ream4]"  thumb="https://i.postimg.cc/1zwS66b9/ico_f_blaze.png" >PlayMedia(&quot;http://yst3ream4.myq-see.com:8001/1:0:1:772D:416:1:C00000:0:0:0:&quot;)</favourite>

	<favourite name="Crimen & Investigación [yst3ream4]"  thumb="https://i.postimg.cc/1RNtBn6N/ico-f-c-i.png" >PlayMedia(&quot;http://yst3ream4.myq-see.com:8001/1:0:1:7732:416:1:C00000:0:0:0:&quot;)</favourite>

	<favourite name="Decasa [yst3ream4]"  thumb="https://i.postimg.cc/Qx1F89dr/ico-f-decasa.png" >PlayMedia(&quot;http://yst3ream4.myq-see.com:8001/1:0:1:7795:424:1:C00000:0:0:0:&quot;)</favourite>



	<!-- Infantiles  ////////////////////////////////////////////////////////////////////// -->

	

	<favourite name="Disney Junior [yst3ream4]"  thumb="https://i.postimg.cc/ht8cwVPf/ico-f-disney-junior.png" >PlayMedia(&quot;http://yst3ream4.myq-see.com:8001/1:0:1:746B:3F0:1:C00000:0:0:0:&quot;)</favourite>
	
	<favourite name="Disney Channel [yst3ream4]"  thumb="https://i.postimg.cc/DzBFfFGh/ico-f-disney-channel.png" >PlayMedia(&quot;http://yst3ream4.myq-see.com:8001/1:0:1:76C3:40E:1:C00000:0:0:0:&quot;)</favourite>
	
	<favourite name="Disney XD [yst3ream4]"  thumb="https://i.postimg.cc/q7k4dgzQ/ico-f-disney-xd.png" >PlayMedia(&quot;http://yst3ream4.myq-see.com:8001/1:0:1:772A:416:1:C00000:0:0:0:&quot;)</favourite>
	
	<favourite name="Nickelodeon [yst3ream4]"  thumb="https://i.postimg.cc/yNvJMMYg/ico_f_nickelodeon.png" >PlayMedia(&quot;http://yst3ream4.myq-see.com:8001/1:0:1:772E:416:1:C00000:0:0:0:&quot;)</favourite>
	
	<favourite name="Nick JR [yst3ream4]"  thumb="https://i.postimg.cc/wTrYG0pq/ico_f_nick.jr.png" >PlayMedia(&quot;http://yst3ream4.myq-see.com:8001/1:0:1:7697:41E:1:C00000:0:0:0:&quot;)</favourite>
	
	<favourite name="Boing [yst3ream4]"  thumb="https://i.postimg.cc/FzcHH8mx/ico-f-boing.png" >PlayMedia(&quot;http://yst3ream4.myq-see.com:8001/1:0:1:749E:41C:1:C00000:0:0:0:&quot;)</favourite>
	
	<favourite name="Baby TV [yst3ream4]"  thumb="https://i.postimg.cc/bvxXdP2r/ico_f_babytv.png" >PlayMedia(&quot;http://yst3ream4.myq-see.com:8001/1:0:1:749C:41C:1:C00000:0:0:0:&quot;)</favourite>
	
	<favourite name="Canal Panda [yst3ream4]"  thumb="https://i.postimg.cc/1zCtCDJD/ico-f-canal-panda.png" >PlayMedia(&quot;http://yst3ream4.myq-see.com:8001/1:0:1:75FF:408:1:C00000:0:0:0:&quot;)</favourite>
	
	<favourite name="Clan TVE [yst3ream4]"  thumb="https://i.postimg.cc/Dzkk200R/ico_f_clan.png" >PlayMedia(&quot;http://yst3ream4.myq-see.com:8001/1:0:1:77BE:40A:1:C00000:0:0:0:&quot;)</favourite>





	<!--  Música  ////////////////////////////////////////////////////////////////////// -->


	<favourite name="MTV España [yst3ream4]"  thumb="https://i.postimg.cc/HnP9TJYM/ico_f_mtv.png" >PlayMedia(&quot;http://yst3ream4.myq-see.com:8001/1:0:1:74A2:41C:1:C00000:0:0:0:&quot;)</favourite>
	
	<favourite name="MTV Dance [yst3ream4]"  thumb="https://i.postimg.cc/5ytmc5V1/ico_f_mtv_dance.png" >PlayMedia(&quot;http://yst3ream4.myq-see.com:8001/1:0:1:6FEF:436:1:C00000:0:0:0:&quot;)</favourite>
	
	<favourite name="MTV Hits [yst3ream4]"  thumb="https://i.postimg.cc/V6mRgQZJ/ico_f_mtv_hits.png" >PlayMedia(&quot;http://yst3ream4.myq-see.com:8001/1:0:1:6FEE:436:1:C00000:0:0:0:&quot;)</favourite>

	<favourite name="MTV Rocks [yst3ream4]"  thumb="https://i.postimg.cc/Dw4Bycbw/ico_f_mtv_rocks.png" >PlayMedia(&quot;http://yst3ream4.myq-see.com:8001/1:0:1:6FF3:436:1:C00000:0:0:0:&quot;)</favourite>

	<favourite name="MTV Live HD [yst3ream4]"  thumb="https://i.postimg.cc/wBKFtshc/ico_f_mtv_live.png" >PlayMedia(&quot;http://yst3ream4.myq-see.com:8001/1:0:19:7823:428:1:C00000:0:0:0:&quot;)</favourite>

	<favourite name="VH1 [yst3ream4]"  thumb="https://i.postimg.cc/5NLShtcX/ico_f_vh1.png" >PlayMedia(&quot;http://yst3ream4.myq-see.com:8001/1:0:1:1b5a:7da:2:11a0000:0:0:0:&quot;)</favourite>
	
	<favourite name="VH1 Classic [yst3ream4]"  thumb="https://i.postimg.cc/zBtx5Ttj/ico_f_vh1_classic_alt.png" >PlayMedia(&quot;http://yst3ream4.myq-see.com:8001/1:0:1:6FF1:436:1:C00000:0:0:0:&quot;)</favourite>
	
	<favourite name="Mezzo [yst3ream4]"  thumb="https://i.postimg.cc/VNrQwMzq/ico_f_mezzo.png" >PlayMedia(&quot;http://yst3ream4.myq-see.com:8001/1:0:1:7699:41e:1:c00000:0:0:0:&quot;)</favourite>

	<favourite name="Mezzo Live HD [yst3ream4]"  thumb="https://i.postimg.cc/3wsMxRwP/ico_f_mezzo_live_hd.png" >PlayMedia(&quot;http://yst3ream4.myq-see.com:8001/1:0:19:7823:428:1:C00000:0:0:0:&quot;)</favourite>

	<favourite name="Stingray Classica [yst3ream4]"  thumb="https://i.postimg.cc/xT2zby7d/ico_f_stingray_classica.png" >PlayMedia(&quot;http://yst3ream4.myq-see.com:8001/1:0:1:7602:408:1:C00000:0:0:0:&quot;)</favourite>

	
	


	<!-- Noticias  ////////////////////////////////////////////////////////////////////// -->


	<favourite name="24 Horas [yst3ream4]"  thumb="https://i.postimg.cc/RZxvXgmk/ico-f-24h.png" >PlayMedia(&quot;http://yst3ream4.myq-see.com:8001/1:0:1:7738:416:1:C00000:0:0:0:&quot;)</favourite>

	<favourite name="CNN [yst3ream4]"  thumb="https://i.postimg.cc/85cGj3d6/ico-f-cnn.png" >PlayMedia(&quot;http://yst3ream4.myq-see.com:8001/1:0:16:71B:12:70:1680000:0:0:0:&quot;)</favourite>

	<favourite name="BBC Wold News [yst3ream4]"  thumb="https://i.postimg.cc/ZK4WqYBB/ico-f-bbc-news.png" >PlayMedia(&quot;http://yst3ream4.myq-see.com:8001/1:0:16:84B:15:70:1680000:0:0:0:&quot;)</favourite>

	<favourite name="CNBC Europe [yst3ream4]"  thumb="https://i.postimg.cc/JhGDWTyp/ico-f-cnbc.png" >PlayMedia(&quot;http://yst3ream4.myq-see.com:8001/1:0:1:C6C2:82A:2:11A0000:0:0:0:&quot;)</favourite>

	<favourite name="Fox News [yst3ream4]"  thumb="https://i.postimg.cc/zXLqZvny/ico-f-foxnews.png" >PlayMedia(&quot;http://yst3ream4.myq-see.com:8001/1:0:1:749B:41C:1:C00000:0:0:0:&quot;)</favourite>

	<favourite name="Russia Today (Español) [yst3ream4]"  thumb="https://i.postimg.cc/rssMpF3Y/ico-f-rusia-today.png" >PlayMedia(&quot;http://yst3ream4.myq-see.com:8001/1:0:1:1b65:3fc:1:c00000:0:0:0:&quot;)</favourite>



	
	
</favourites>