<favourites>
	<favourite name="La 1" thumb="https://i.postimg.cc/9XTmZ35d/ico_f_la1.png">PlayMedia(&quot;https://rtvelivestream.akamaized.net/la1_dvr_4000.m3u8?sf_options=fanart%3Dspecial%3A%2F%2Fhome%2Faddons%2Fplugin.video.rtve%2Ffanart.jpg%26meta%3Dplot%253D%25255BB%25255DLa%252B1%25255B%25252FB%25255D%252Ben%252Bdirecto%2526votes%253D0%2526label%253D%25255BB%25255DLa%252B1%25255B%25252FB%25255D%2526title%253D%25255BB%25255DLa%252B1%25255B%25252FB%25255D%26winID%3D10025%26desc%3D%5BB%5DLa+1%5B%2FB%5D+en+directo%26_options_sf&quot;)</favourite>
	<favourite name="La 2" thumb="https://i.postimg.cc/PJmdjDz3/ico_f_la2.png">PlayMedia(&quot;https://rtvelivestream.akamaized.net/la2_dvr_4000.m3u8?sf_options=fanart%3Dspecial%3A%2F%2Fhome%2Faddons%2Fplugin.video.rtve%2Ffanart.jpg%26meta%3Dplot%253D%25255BB%25255DLa%252B2%25255B%25252FB%25255D%252Ben%252Bdirecto%2526votes%253D0%2526label%253D%25255BB%25255DLa%252B2%25255B%25252FB%25255D%2526title%253D%25255BB%25255DLa%252B2%25255B%25252FB%25255D%26winID%3D10025%26desc%3D%5BB%5DLa+2%5B%2FB%5D+en+directo%26_options_sf&quot;)</favourite>
	<favourite name="Antena 3" thumb="https://i.postimg.cc/W4jbbXfG/ico-f-antena3.png">ActivateWindow(10025,&quot;plugin://plugin.video.atresplayer/?O000xOOOOOO0000=canal&amp;id=5a6a165a7ed1a834493ebf6a&amp;imagen=https%3a%2f%2fimagenes.atresplayer.com%2fatp%2fclipping%2fcmsimages02%2f2018%2f02%2f22%2f6339206B-7A24-4601-B30D-501750FDFF7B&amp;plot=%5bB%5dAntena%203%5b%2fB%5d%0a%0a%5bB%5dEmitiendo%3a%5b%2fB%5d%20NOTICIAS%0a%0a%5bB%5dLuego%3a%5b%2fB%5d%20DEPORTES&amp;title=%5bB%5dAntena%203%5b%2fB%5d&amp;sf_options=fanart%3Dhttps%3A%2F%2Fimagenes.atresplayer.com%2Fatp%2Fclipping%2Fcmsimages02%2F2018%2F02%2F22%2F6339206B-7A24-4601-B30D-501750FDFF7B%26meta%3Dplot%253D%25255BB%25255DAntena%252B3%25255B%25252FB%25255D%25255Cn%25255Cn%25255BB%25255DEmitiendo%25253A%25255B%25252FB%25255D%252BNOTICIAS%25255Cn%25255Cn%25255BB%25255DLuego%25253A%25255B%25252FB%25255D%252BDEPORTES%2526votes%253D0%2526label%253D%25255BB%25255DAntena%252B3%25255B%25252FB%25255D%2526title%253D%25255BB%25255DAntena%252B3%25255B%25252FB%25255D%26desc%3D%5BB%5DAntena+3%5B%2FB%5D%0A%0A%5BB%5DEmitiendo%3A%5B%2FB%5D+NOTICIAS%0A%0A%5BB%5DLuego%3A%5B%2FB%5D+DEPORTES%26_options_sf&quot;,return)</favourite>
	<favourite name="Cuatro" thumb="https://i.postimg.cc/QNBBznLC/ico-f-cuatro.png">PlayMedia(&quot;https://live.mitele.es/hls/live/2004102/cuatro/playlist.m3u8?hdnts=st=1619810211~exp=1619810690~acl=/*~hmac=2951b1d99169de3adda39e50968be39f63a8f11b651f02b92d633cbe419d67ad&amp;sf_options=fanart%3Dhttps%3A%2F%2Falbum.mediaset.es%2Fatenea%2Fbfb8515aae9947ba8c099b2788fc9851.jpg%26meta%3Dplot%253DCuatro%2526votes%253D0%2526label%253DCuatro%2526title%253DCuatro%26winID%3D10025%26desc%3DCuatro%26_options_sf&quot;)</favourite>
	<favourite name="Telecinco" thumb="https://i.postimg.cc/hvxVR25k/ico_f_telecinco.png">PlayMedia(&quot;https://live.mitele.es/hls/live/2004101/telecinco/playlist.m3u8?hdnts=st=1619810215~exp=1619810695~acl=/*~hmac=f1365a67fb6141b7a21a914a338632edfb45b2a509e6074714ae571254e16ad2&amp;sf_options=fanart%3Dhttps%3A%2F%2Falbum.mediaset.es%2Fatenea%2F4383e6095bb146ef8facfba176079907.jpg%26meta%3Dplot%253DTelecinco%2526votes%253D0%2526label%253DTelecinco%2526title%253DTelecinco%26winID%3D10025%26desc%3DTelecinco%26_options_sf&quot;)</favourite>
	<favourite name="laSexta" thumb="https://i.postimg.cc/R0DSQ4ZR/ico_f_lasexta.png">ActivateWindow(10025,&quot;plugin://plugin.video.atresplayer/?O000xOOOOOO0000=canal&amp;id=5a6a172c7ed1a834493ebf6b&amp;imagen=https%3a%2f%2fimagenes.atresplayer.com%2fatp%2fclipping%2fcmsimages02%2f2018%2f02%2f22%2fBF23AB84-4B78-49FB-AA1F-ECD7EAF56EE5&amp;plot=%5bB%5dlaSexta%5b%2fB%5d%0a%0a%5bB%5dEmitiendo%3a%5b%2fB%5d%20LASEXTA%20CLAVE%0a%0a%5bB%5dLuego%3a%5b%2fB%5d%20LASEXTA%20METEO%20&amp;title=%5bB%5dlaSexta%5b%2fB%5d&amp;sf_options=fanart%3Dhttps%3A%2F%2Fimagenes.atresplayer.com%2Fatp%2Fclipping%2Fcmsimages02%2F2018%2F02%2F22%2FBF23AB84-4B78-49FB-AA1F-ECD7EAF56EE5%26meta%3Dplot%253D%25255BB%25255DlaSexta%25255B%25252FB%25255D%25255Cn%25255Cn%25255BB%25255DEmitiendo%25253A%25255B%25252FB%25255D%252BLASEXTA%252BCLAVE%25255Cn%25255Cn%25255BB%25255DLuego%25253A%25255B%25252FB%25255D%252BLASEXTA%252BMETEO%2526votes%253D0%2526label%253D%25255BB%25255DlaSexta%25255B%25252FB%25255D%2526title%253D%25255BB%25255DlaSexta%25255B%25252FB%25255D%26desc%3D%5BB%5DlaSexta%5B%2FB%5D%0A%0A%5BB%5DEmitiendo%3A%5B%2FB%5D+LASEXTA+CLAVE%0A%0A%5BB%5DLuego%3A%5B%2FB%5D+LASEXTA+METEO%26_options_sf&quot;,return)</favourite>
	<favourite name="Mega" thumb="https://i.postimg.cc/sX7kQrQ1/ico_f_mega.png">ActivateWindow(10025,&quot;plugin://plugin.video.atresplayer/?O000xOOOOOO0000=canal&amp;id=5a6a18357ed1a834493ebf6f&amp;imagen=https%3a%2f%2fi.imgur.com%2frRZPSOX.jpg&amp;plot=%5bB%5dMega%5b%2fB%5d%0a%0a%5bB%5dEmitiendo%3a%5b%2fB%5d%20QUIEN%20DA%20MAS%3f%0a%0a%5bB%5dLuego%3a%5b%2fB%5d%20QUIEN%20DA%20MAS%3f&amp;title=%5bB%5dMega%5b%2fB%5d&amp;sf_options=fanart%3Dhttps%3A%2F%2Fi.imgur.com%2FrRZPSOX.jpg%26meta%3Dplot%253D%25255BB%25255DMega%25255B%25252FB%25255D%25255Cn%25255Cn%25255BB%25255DEmitiendo%25253A%25255B%25252FB%25255D%252BQUIEN%252BDA%252BMAS%25253F%25255Cn%25255Cn%25255BB%25255DLuego%25253A%25255B%25252FB%25255D%252BQUIEN%252BDA%252BMAS%25253F%2526votes%253D0%2526label%253D%25255BB%25255DMega%25255B%25252FB%25255D%2526title%253D%25255BB%25255DMega%25255B%25252FB%25255D%26desc%3D%5BB%5DMega%5B%2FB%5D%0A%0A%5BB%5DEmitiendo%3A%5B%2FB%5D+QUIEN+DA+MAS%3F%0A%0A%5BB%5DLuego%3A%5B%2FB%5D+QUIEN+DA+MAS%3F%26_options_sf&quot;,return)</favourite>
	<favourite name="TDP" thumb="https://i.postimg.cc/kXQWjh88/ico_f_tdp.png">PlayMedia(&quot;https://rtvelivestream.akamaized.net/tdp_dvr_4000.m3u8?sf_options=fanart%3Dspecial%3A%2F%2Fhome%2Faddons%2Fplugin.video.rtve%2Ffanart.jpg%26meta%3Dplot%253D%25255BB%25255DTDP%25255B%25252FB%25255D%252Ben%252Bdirecto%2526votes%253D0%2526label%253D%25255BB%25255DTDP%25255B%25252FB%25255D%2526title%253D%25255BB%25255DTDP%25255B%25252FB%25255D%26winID%3D10025%26desc%3D%5BB%5DTDP%5B%2FB%5D+en+directo%26_options_sf&quot;)</favourite>
	<favourite name="24h" thumb="https://i.postimg.cc/RZxvXgmk/ico-f-24h.png">PlayMedia(&quot;https://rtvelivestream.akamaized.net/24h_dvr_4000.m3u8?sf_options=fanart%3Dspecial%3A%2F%2Fhome%2Faddons%2Fplugin.video.rtve%2Ffanart.jpg%26meta%3Dplot%253D%25255BB%25255D24h%25255B%25252FB%25255D%252Ben%252Bdirecto%2526votes%253D0%2526label%253D%25255BB%25255D24h%25255B%25252FB%25255D%2526title%253D%25255BB%25255D24h%25255B%25252FB%25255D%26winID%3D10025%26desc%3D%5BB%5D24h%5B%2FB%5D+en+directo%26_options_sf&quot;)</favourite>
</favourites>