<favourites>
	<favourite name="Canal Cocina [mysat]"  thumb="https://i.postimg.cc/59ZHWq13/ico-f-cocina.png" >PlayMedia(&quot;http://mysatiptv.ddns.net:2010/1:0:1:76CE:40E:1:C00000:0:0:0:&quot;)</favourite>
	<favourite name="Canal Cocina [84]"  thumb="https://i.postimg.cc/59ZHWq13/ico-f-cocina.png" >PlayMedia(&quot;http://84.104.234.134:8001/1:0:1:76CE:40E:1:C00000:0:0:0:&quot;)</favourite>
	<favourite name="Canal Cocina [for]"  thumb="https://i.postimg.cc/59ZHWq13/ico-f-cocina.png" >PlayMedia(&quot;http://forest.no-ip.org:8001/1:0:1:76CE:40E:1:C00000:0:0:0:&quot;)</favourite>
	<favourite name="Canal Cocina [cur]"  thumb="https://i.postimg.cc/59ZHWq13/ico-f-cocina.png" >PlayMedia(&quot;http://curro647003.no-ip.org:8001/1:0:1:76CE:40E:1:C00000:0:0:0:&quot;)</favourite>
	<favourite name="Canal Cocina [so7]"  thumb="https://i.postimg.cc/59ZHWq13/ico-f-cocina.png" >PlayMedia(&quot;http://so7so8yso9.jetos.com:8001/1:0:1:76CE:40E:1:C00000:0:0:0:&quot;)</favourite>
	
	<favourite name="National Geographic [mysat]"  thumb="https://i.postimg.cc/Y904MdhX/ico_f_natgeo.png" >PlayMedia(&quot;http://mysatiptv.ddns.net:2010/1:0:1:77D8:40A:1:C00000:0:0:0:&quot;)</favourite>
	<favourite name="National Geographic [84]"  thumb="https://i.postimg.cc/Y904MdhX/ico_f_natgeo.png" >PlayMedia(&quot;http://84.104.234.134:8001/1:0:1:77D8:40A:1:C00000:0:0:0:&quot;)</favourite>
	<favourite name="National Geographic [for]"  thumb="https://i.postimg.cc/Y904MdhX/ico_f_natgeo.png" >PlayMedia(&quot;http://forest.no-ip.org:8001/1:0:1:77D8:40A:1:C00000:0:0:0:&quot;)</favourite>
	<favourite name="National Geographic [cur]"  thumb="https://i.postimg.cc/Y904MdhX/ico_f_natgeo.png" >PlayMedia(&quot;http://curro647003.no-ip.org:8001/1:0:1:77D8:40A:1:C00000:0:0:0:&quot;)</favourite>
	<favourite name="National Geographic [so7]"  thumb="https://i.postimg.cc/Y904MdhX/ico_f_natgeo.png" >PlayMedia(&quot;http://so7so8yso9.jetos.com:8001/1:0:1:77D8:40A:1:C00000:0:0:0:&quot;)</favourite>
	
	<favourite name="Nat Geo Wild [mysat]"  thumb="https://i.postimg.cc/TPRLHdGv/ico_f_natgeo_wild.png" >PlayMedia(&quot;http://mysatiptv.ddns.net:2010/1:0:1:77D8:40A:1:C00000:0:0:0:&quot;)</favourite>
	<favourite name="Nat Geo Wild [84]"  thumb="https://i.postimg.cc/TPRLHdGv/ico_f_natgeo_wild.png" >PlayMedia(&quot;http://84.104.234.134:8001/1:0:1:77D8:40A:1:C00000:0:0:0:&quot;)</favourite>
	<favourite name="Nat Geo Wild [for]"  thumb="https://i.postimg.cc/TPRLHdGv/ico_f_natgeo_wild.png" >PlayMedia(&quot;http://forest.no-ip.org:8001/1:0:1:77D8:40A:1:C00000:0:0:0:&quot;)</favourite>
	<favourite name="Nat Geo Wild [cur]"  thumb="https://i.postimg.cc/TPRLHdGv/ico_f_natgeo_wild.png" >PlayMedia(&quot;http://curro647003.no-ip.org:8001/1:0:1:77D8:40A:1:C00000:0:0:0:&quot;)</favourite>
	<favourite name="Nat Geo Wild [so7]"  thumb="https://i.postimg.cc/TPRLHdGv/ico_f_natgeo_wild.png" >PlayMedia(&quot;http://so7so8yso9.jetos.com:8001/1:0:1:77D8:40A:1:C00000:0:0:0:&quot;)</favourite>
	
	<favourite name="Historia [mysat]"  thumb="https://i.postimg.cc/jSqtpLWc/ico_f_historia.png" >PlayMedia(&quot;http://mysatiptv.ddns.net:2010/1:0:1:7731:416:1:C00000:0:0:0:&quot;)</favourite>
	<favourite name="Historia [84]"  thumb="https://i.postimg.cc/jSqtpLWc/ico_f_historia.png" >PlayMedia(&quot;http://84.104.234.134:8001/1:0:1:7731:416:1:C00000:0:0:0:&quot;)</favourite>
	<favourite name="Historia [for]"  thumb="https://i.postimg.cc/jSqtpLWc/ico_f_historia.png" >PlayMedia(&quot;http://forest.no-ip.org:8001/1:0:1:7731:416:1:C00000:0:0:0:&quot;)</favourite>
	<favourite name="Historia [cur]"  thumb="https://i.postimg.cc/jSqtpLWc/ico_f_historia.png" >PlayMedia(&quot;http://curro647003.no-ip.org:8001/1:0:1:7731:416:1:C00000:0:0:0:&quot;)</favourite>
	<favourite name="Historia [so7]"  thumb="https://i.postimg.cc/jSqtpLWc/ico_f_historia.png" >PlayMedia(&quot;http://so7so8yso9.jetos.com:8001/1:0:1:7731:416:1:C00000:0:0:0:&quot;)</favourite>
	
	<favourite name="Discovery Channel [mysat]"  thumb="https://i.postimg.cc/4yhT19S4/ico-f-discovery.png" >PlayMedia(&quot;http://mysatiptv.ddns.net:2010/1:0:1:772F:416:1:C00000:0:0:0:&quot;)</favourite>
	<favourite name="Discovery Channel [84]"  thumb="https://i.postimg.cc/4yhT19S4/ico-f-discovery.png" >PlayMedia(&quot;http://84.104.234.134:8001/1:0:1:772F:416:1:C00000:0:0:0:&quot;)</favourite>
	<favourite name="Discovery Channel [for]"  thumb="https://i.postimg.cc/4yhT19S4/ico-f-discovery.png" >PlayMedia(&quot;http://forest.no-ip.org:8001/1:0:1:772F:416:1:C00000:0:0:0:&quot;)</favourite>
	<favourite name="Discovery Channel [cur]"  thumb="https://i.postimg.cc/4yhT19S4/ico-f-discovery.png" >PlayMedia(&quot;http://curro647003.no-ip.org:8001/1:0:1:772F:416:1:C00000:0:0:0:&quot;)</favourite>
	<favourite name="Discovery Channel [so7]"  thumb="https://i.postimg.cc/4yhT19S4/ico-f-discovery.png" >PlayMedia(&quot;http://so7so8yso9.jetos.com:8001/1:0:1:772F:416:1:C00000:0:0:0:&quot;)</favourite>
	
	<favourite name="Odisea [mysat]"  thumb="https://i.postimg.cc/Kjd39tc0/ico_f_odisea.png" >PlayMedia(&quot;http://mysatiptv.ddns.net:2010/1:0:1:778A:424:1:C00000:0:0:0:&quot;)</favourite>
	<favourite name="Odisea [84]"  thumb="https://i.postimg.cc/Kjd39tc0/ico_f_odisea.png" >PlayMedia(&quot;http://84.104.234.134:8001/1:0:1:778A:424:1:C00000:0:0:0:&quot;)</favourite>
	<favourite name="Odisea [for]"  thumb="https://i.postimg.cc/Kjd39tc0/ico_f_odisea.png" >PlayMedia(&quot;http://forest.no-ip.org:8001/1:0:1:778A:424:1:C00000:0:0:0:&quot;)</favourite>
	<favourite name="Odisea [cur]"  thumb="https://i.postimg.cc/Kjd39tc0/ico_f_odisea.png" >PlayMedia(&quot;http://curro647003.no-ip.org:8001/1:0:1:778A:424:1:C00000:0:0:0:&quot;)</favourite>
	<favourite name="Odisea [so7]"  thumb="https://i.postimg.cc/Kjd39tc0/ico_f_odisea.png" >PlayMedia(&quot;http://so7so8yso9.jetos.com:8001/1:0:1:778A:424:1:C00000:0:0:0:&quot;)</favourite>
	
	<favourite name="Viajar [mysat]"  thumb="https://i.postimg.cc/jC0C6Kv9/ico_f_viajar.png" >PlayMedia(&quot;http://mysatiptv.ddns.net:2010/1:0:1:76C9:40E:1:C00000:0:0:0:&quot;)</favourite>
	<favourite name="Viajar [84]"  thumb="https://i.postimg.cc/jC0C6Kv9/ico_f_viajar.png" >PlayMedia(&quot;http://84.104.234.134:8001/1:0:1:76C9:40E:1:C00000:0:0:0:&quot;)</favourite>
	<favourite name="Viajar [for]"  thumb="https://i.postimg.cc/jC0C6Kv9/ico_f_viajar.png" >PlayMedia(&quot;http://forest.no-ip.org:8001/1:0:1:76C9:40E:1:C00000:0:0:0:&quot;)</favourite>
	<favourite name="Viajar [cur]"  thumb="https://i.postimg.cc/jC0C6Kv9/ico_f_viajar.png" >PlayMedia(&quot;http://curro647003.no-ip.org:8001/1:0:1:76C9:40E:1:C00000:0:0:0:&quot;)</favourite>
	<favourite name="Viajar [so7]"  thumb="https://i.postimg.cc/jC0C6Kv9/ico_f_viajar.png" >PlayMedia(&quot;http://so7so8yso9.jetos.com:8001/1:0:1:76C9:40E:1:C00000:0:0:0:&quot;)</favourite>
	
	<favourite name="Caza y Pesca [mysat]"  thumb="https://i.postimg.cc/SxGj9B9T/ico-f-caza-y-pesca.png" >PlayMedia(&quot;http://mysatiptv.ddns.net:2010/1:0:1:772B:416:1:C00000:0:0:0:&quot;)</favourite>
	<favourite name="Caza y Pesca [84]"  thumb="https://i.postimg.cc/SxGj9B9T/ico-f-caza-y-pesca.png" >PlayMedia(&quot;http://84.104.234.134:8001/1:0:1:772B:416:1:C00000:0:0:0:&quot;)</favourite>
	<favourite name="Caza y Pesca [for]"  thumb="https://i.postimg.cc/SxGj9B9T/ico-f-caza-y-pesca.png" >PlayMedia(&quot;http://forest.no-ip.org:8001/1:0:1:772B:416:1:C00000:0:0:0:&quot;)</favourite>
	<favourite name="Caza y Pesca [cur]"  thumb="https://i.postimg.cc/SxGj9B9T/ico-f-caza-y-pesca.png" >PlayMedia(&quot;http://curro647003.no-ip.org:8001/1:0:1:772B:416:1:C00000:0:0:0:&quot;)</favourite>
	<favourite name="Caza y Pesca [so7]"  thumb="https://i.postimg.cc/SxGj9B9T/ico-f-caza-y-pesca.png" >PlayMedia(&quot;http://so7so8yso9.jetos.com:8001/1:0:1:772B:416:1:C00000:0:0:0:&quot;)</favourite>
	
	<favourite name="Iberalia [mysat]"  thumb="https://i.postimg.cc/dtYq9Wwz/ico_f_iberalia.png" >PlayMedia(&quot;http://mysatiptv.ddns.net:2010/1:0:1:746a:3f0:1:c00000:0:0:0:&quot;)</favourite>
	<favourite name="Iberalia [84]"  thumb="https://i.postimg.cc/dtYq9Wwz/ico_f_iberalia.png" >PlayMedia(&quot;http://84.104.234.134:8001/1:0:1:746a:3f0:1:c00000:0:0:0:&quot;)</favourite>
	<favourite name="Iberalia [for]"  thumb="https://i.postimg.cc/dtYq9Wwz/ico_f_iberalia.png" >PlayMedia(&quot;http://forest.no-ip.org:8001/1:0:1:746a:3f0:1:c00000:0:0:0:&quot;)</favourite>
	<favourite name="Iberalia [cur]"  thumb="https://i.postimg.cc/dtYq9Wwz/ico_f_iberalia.png" >PlayMedia(&quot;http://curro647003.no-ip.org:8001/1:0:1:746a:3f0:1:c00000:0:0:0:&quot;)</favourite>
	<favourite name="Iberalia [so7]"  thumb="https://i.postimg.cc/dtYq9Wwz/ico_f_iberalia.png" >PlayMedia(&quot;http://so7so8yso9.jetos.com:8001/1:0:1:746a:3f0:1:c00000:0:0:0:&quot;)</favourite>
	
	<favourite name="Blaze [mysat]"  thumb="https://i.postimg.cc/1zwS66b9/ico_f_blaze.png" >PlayMedia(&quot;http://mysatiptv.ddns.net:2010/1:0:1:772D:416:1:C00000:0:0:0:&quot;)</favourite>
	<favourite name="Blaze [84]"  thumb="https://i.postimg.cc/1zwS66b9/ico_f_blaze.png" >PlayMedia(&quot;http://84.104.234.134:8001/1:0:1:772D:416:1:C00000:0:0:0:&quot;)</favourite>
	<favourite name="Blaze [for]"  thumb="https://i.postimg.cc/1zwS66b9/ico_f_blaze.png" >PlayMedia(&quot;http://forest.no-ip.org:8001/1:0:1:772D:416:1:C00000:0:0:0:&quot;)</favourite>
	<favourite name="Blaze [cur]"  thumb="https://i.postimg.cc/1zwS66b9/ico_f_blaze.png" >PlayMedia(&quot;http://curro647003.no-ip.org:8001/1:0:1:772D:416:1:C00000:0:0:0:&quot;)</favourite>
	<favourite name="Blaze [so7]"  thumb="https://i.postimg.cc/1zwS66b9/ico_f_blaze.png" >PlayMedia(&quot;http://so7so8yso9.jetos.com:8001/1:0:1:772D:416:1:C00000:0:0:0:&quot;)</favourite>
	
	<favourite name="Crimen & Investigación [mysat]"  thumb="https://i.postimg.cc/1RNtBn6N/ico-f-c-i.png" >PlayMedia(&quot;http://mysatiptv.ddns.net:2010/1:0:1:7732:416:1:C00000:0:0:0:&quot;)</favourite>
	<favourite name="Crimen & Investigación [84]"  thumb="https://i.postimg.cc/1RNtBn6N/ico-f-c-i.png" >PlayMedia(&quot;http://84.104.234.134:8001/1:0:1:7732:416:1:C00000:0:0:0:&quot;)</favourite>
	<favourite name="Crimen & Investigación [for]"  thumb="https://i.postimg.cc/1RNtBn6N/ico-f-c-i.png" >PlayMedia(&quot;http://forest.no-ip.org:8001/1:0:1:7732:416:1:C00000:0:0:0:&quot;)</favourite>
	<favourite name="Crimen & Investigación [cur]"  thumb="https://i.postimg.cc/1RNtBn6N/ico-f-c-i.png" >PlayMedia(&quot;http://curro647003.no-ip.org:8001/1:0:1:7732:416:1:C00000:0:0:0:&quot;)</favourite>
	<favourite name="Crimen & Investigación [so7]"  thumb="https://i.postimg.cc/1RNtBn6N/ico-f-c-i.png" >PlayMedia(&quot;http://so7so8yso9.jetos.com:8001/1:0:1:7732:416:1:C00000:0:0:0:&quot;)</favourite>
	
	<favourite name="Decasa [mysat]"  thumb="https://i.postimg.cc/Qx1F89dr/ico-f-decasa.png" >PlayMedia(&quot;http://mysatiptv.ddns.net:2010/1:0:1:7795:424:1:C00000:0:0:0:&quot;)</favourite>
	<favourite name="Decasa [84]"  thumb="https://i.postimg.cc/Qx1F89dr/ico-f-decasa.png" >PlayMedia(&quot;http://84.104.234.134:8001/1:0:1:7795:424:1:C00000:0:0:0:&quot;)</favourite>
	<favourite name="Decasa [for]"  thumb="https://i.postimg.cc/Qx1F89dr/ico-f-decasa.png" >PlayMedia(&quot;http://forest.no-ip.org:8001/1:0:1:7795:424:1:C00000:0:0:0:&quot;)</favourite>
	<favourite name="Decasa [cur]"  thumb="https://i.postimg.cc/Qx1F89dr/ico-f-decasa.png" >PlayMedia(&quot;http://curro647003.no-ip.org:8001/1:0:1:7795:424:1:C00000:0:0:0:&quot;)</favourite>
	<favourite name="Decasa [so7]"  thumb="https://i.postimg.cc/Qx1F89dr/ico-f-decasa.png" >PlayMedia(&quot;http://so7so8yso9.jetos.com:8001/1:0:1:7795:424:1:C00000:0:0:0:&quot;)</favourite>
	
	<favourite name="DMax [91]"  thumb="https://i.postimg.cc/fTChfDH9/ico-f-dmax.png" >PlayMedia(&quot;http://91.126.141.12:1935/live/discoverymax/playlist.m3u8&quot;)</favourite>




	
</favourites>