<favourites>
	<favourite name="#Vamos [mysat]" thumb="https://i.postimg.cc/DZp9PZ5w/ico_f_m__vamos.png">PlayMedia(&quot;http://mysatiptv.ddns.net:2010/1:0:1:760C:408:1:C00000:0:0:0:&quot;)</favourite>
	<favourite name="#Vamos [for]" thumb="https://i.postimg.cc/DZp9PZ5w/ico_f_m__vamos.png">PlayMedia(&quot;http://forest.no-ip.org:8001/1:0:1:760C:408:1:C00000:0:0:0:&quot;)</favourite>
	<favourite name="#Vamos [cur]" thumb="https://i.postimg.cc/DZp9PZ5w/ico_f_m__vamos.png">PlayMedia(&quot;http://curro647003.no-ip.org:8001/1:0:1:760C:408:1:C00000:0:0:0:&quot;)</favourite>
	<favourite name="#Vamos [84]" thumb="https://i.postimg.cc/DZp9PZ5w/ico_f_m__vamos.png">PlayMedia(&quot;http://84.104.234.134:8001/1:0:1:760C:408:1:C00000:0:0:0:&quot;)</favourite>
	
	<favourite name="M+ Partidazo [mysat]" thumb="https://i.postimg.cc/ncHyzNHc/ico_f_m_partidazo.png">PlayMedia(&quot;http://mysatiptv.ddns.net:2010/1:0:1:769C:41E:1:C00000:0:0:0:&quot;)</favourite>
	<favourite name="M+ Partidazo [for]" thumb="https://i.postimg.cc/ncHyzNHc/ico_f_m_partidazo.png">PlayMedia(&quot;http://forest.no-ip.org:8001/1:0:1:769C:41E:1:C00000:0:0:0:&quot;)</favourite>
	<favourite name="M+ Partidazo [cur]" thumb="https://i.postimg.cc/ncHyzNHc/ico_f_m_partidazo.png">PlayMedia(&quot;http://curro647003.no-ip.org:8001/1:0:1:769C:41E:1:C00000:0:0:0:&quot;)</favourite>
	<favourite name="M+ Partidazo [84]" thumb="https://i.postimg.cc/ncHyzNHc/ico_f_m_partidazo.png">PlayMedia(&quot;http://84.104.234.134:8001/1:0:1:769C:41E:1:C00000:0:0:0:&quot;)</favourite>
	
	<favourite name="LaLiga TV [mysat]" thumb="https://i.postimg.cc/d3MJp6dZ/ico_f_laligatv.png">PlayMedia(&quot;http://mysatiptv.ddns.net:2010/1:0:1:7793:424:1:C00000:0:0:0:&quot;)</favourite>
	<favourite name="LaLiga TV [for]" thumb="https://i.postimg.cc/d3MJp6dZ/ico_f_laligatv.png">PlayMedia(&quot;http://forest.no-ip.org:8001/1:0:1:7793:424:1:C00000:0:0:0:&quot;)</favourite>
	<favourite name="LaLiga TV [cur]" thumb="https://i.postimg.cc/d3MJp6dZ/ico_f_laligatv.png">PlayMedia(&quot;http://curro647003.no-ip.org:8001/1:0:1:7793:424:1:C00000:0:0:0:&quot;)</favourite>
	<favourite name="LaLiga TV [84]" thumb="https://i.postimg.cc/d3MJp6dZ/ico_f_laligatv.png">PlayMedia(&quot;http://84.104.234.134:8001/1:0:1:7793:424:1:C00000:0:0:0:&quot;)</favourite>
	
	<favourite name="beIN LaLiga [mysat]" thumb="https://i.postimg.cc/HswLGq6Y/ico-f-bein-laliga.png">PlayMedia(&quot;http://mysatiptv.ddns.net:2010/1:0:1:7797:424:1:C00000:0:0:0:&quot;)</favourite>
	<favourite name="beIN LaLiga [for]" thumb="https://i.postimg.cc/HswLGq6Y/ico-f-bein-laliga.png">PlayMedia(&quot;http://forest.no-ip.org:8001/1:0:1:7797:424:1:C00000:0:0:0:&quot;)</favourite>
	<favourite name="beIN LaLiga [cur]" thumb="https://i.postimg.cc/HswLGq6Y/ico-f-bein-laliga.png">PlayMedia(&quot;http://curro647003.no-ip.org:8001/1:0:1:7797:424:1:C00000:0:0:0:&quot;)</favourite>
	<favourite name="beIN LaLiga [84]" thumb="https://i.postimg.cc/HswLGq6Y/ico-f-bein-laliga.png">PlayMedia(&quot;http://84.104.234.134:8001/1:0:1:7797:424:1:C00000:0:0:0:&quot;)</favourite>
	
	<favourite name="LaLiga 123 [mysat]" thumb="https://i.postimg.cc/85f1Z9FV/ico-f-liga123.png">PlayMedia(&quot;http://mysatiptv.ddns.net:2010/1:0:1:76C5:40E:1:C00000:0:0:0:&quot;)</favourite>
	<favourite name="LaLiga 123 [for]" thumb="https://i.postimg.cc/85f1Z9FV/ico-f-liga123.png">PlayMedia(&quot;http://forest.no-ip.org:8001/1:0:1:76C5:40E:1:C00000:0:0:0:&quot;)</favourite>
	<favourite name="LaLiga 123 [cur]" thumb="https://i.postimg.cc/85f1Z9FV/ico-f-liga123.png">PlayMedia(&quot;http://curro647003.no-ip.org:8001/1:0:1:76C5:40E:1:C00000:0:0:0:&quot;)</favourite>
	<favourite name="LaLiga 123 [84]" thumb="https://i.postimg.cc/85f1Z9FV/ico-f-liga123.png">PlayMedia(&quot;http://84.104.234.134:8001/1:0:1:76C5:40E:1:C00000:0:0:0:&quot;)</favourite>
	
	<favourite name="M+ Liga de Campeones [mysat]" thumb="https://i.postimg.cc/sXcJLYBS/ico-f-liga-campeones.png">PlayMedia(&quot;http://mysatiptv.ddns.net:2010/1:0:1:757B:412:1:C00000:0:0:0:&quot;)</favourite>
	<favourite name="M+ Liga de Campeones [for]" thumb="https://i.postimg.cc/sXcJLYBS/ico-f-liga-campeones.png">PlayMedia(&quot;http://forest.no-ip.org:8001/1:0:1:757B:412:1:C00000:0:0:0:&quot;)</favourite>
	<favourite name="M+ Liga de Campeones [cur]" thumb="https://i.postimg.cc/sXcJLYBS/ico-f-liga-campeones.png">PlayMedia(&quot;http://curro647003.no-ip.org:8001/1:0:1:757B:412:1:C00000:0:0:0:&quot;)</favourite>
	<favourite name="M+ Liga de Campeones [84]" thumb="https://i.postimg.cc/sXcJLYBS/ico-f-liga-campeones.png">PlayMedia(&quot;http://84.104.234.134:8001/1:0:1:757B:412:1:C00000:0:0:0:&quot;)</favourite>
	
	<favourite name="M+ Liga de Campeones 1 [mysat]" thumb="https://i.postimg.cc/ZRZcj7q4/ico-f-liga-campeones-1.png">PlayMedia(&quot;http://mysatiptv.ddns.net:2010/1:0:1:769F:41E:1:C00000:0:0:0:&quot;)</favourite>
	<favourite name="M+ Liga de Campeones 1 [for]" thumb="https://i.postimg.cc/ZRZcj7q4/ico-f-liga-campeones-1.png">PlayMedia(&quot;http://forest.no-ip.org:8001/1:0:1:769F:41E:1:C00000:0:0:0:&quot;)</favourite>
	<favourite name="M+ Liga de Campeones 1 [cur]" thumb="https://i.postimg.cc/ZRZcj7q4/ico-f-liga-campeones-1.png">PlayMedia(&quot;http://curro647003.no-ip.org:8001/1:0:1:769F:41E:1:C00000:0:0:0:&quot;)</favourite>
	<favourite name="M+ Liga de Campeones 1 [84]" thumb="https://i.postimg.cc/ZRZcj7q4/ico-f-liga-campeones-1.png">PlayMedia(&quot;http://84.104.234.134:8001/1:0:1:769F:41E:1:C00000:0:0:0:&quot;)</favourite>
	
	<favourite name="M+ Formula 1 [mysat]" thumb="https://i.postimg.cc/QdzwftcH/ico_f_m_formula1.png">PlayMedia(&quot;http://mysatiptv.ddns.net:2010/1:0:1:74A4:41C:1:C00000:0:0:0:&quot;)</favourite>
	<favourite name="M+ Formula 1 [for]" thumb="https://i.postimg.cc/QdzwftcH/ico_f_m_formula1.png">PlayMedia(&quot;http://forest.no-ip.org:8001/1:0:1:74A4:41C:1:C00000:0:0:0:&quot;)</favourite>
	<favourite name="M+ Formula 1 [cur]" thumb="https://i.postimg.cc/QdzwftcH/ico_f_m_formula1.png">PlayMedia(&quot;http://curro647003.no-ip.org:8001/1:0:1:74A4:41C:1:C00000:0:0:0:&quot;)</favourite>
	<favourite name="M+ Formula 1 [84]" thumb="https://i.postimg.cc/QdzwftcH/ico_f_m_formula1.png">PlayMedia(&quot;http://84.104.234.134:8001/1:0:1:74A4:41C:1:C00000:0:0:0:&quot;)</favourite>
	
	<!-- <favourite name="Sky Sport MotoGP (IT) [iptv-line]"  thumb="https://i.postimg.cc/02DMhnkR/ico_f_sky-sport-motogp.png" >PlayMedia(&quot;http://iptv-line.com:6969/master.280/makc8siw9m21/238&quot;)</favourite> -->
	<favourite name="Sky Sport MotoGP (IT) [ip2stream]"  thumb="https://i.postimg.cc/02DMhnkR/ico_f_sky-sport-motogp.png" >PlayMedia(&quot;https://1.ip2stream.icu/live/sky_sport_motogp_hd/playlist.m3u8&quot;)</favourite>
	
	<!-- <favourite name="BT Sport 1 |MotoGP2019| (UK) HD [iptv-line]"  thumb="https://i.postimg.cc/xTMbKyqC/ico-f-bt-sports-1.png" >PlayMedia(&quot;http://iptv-line.com:6969/master.280/makc8siw9m21/8&quot;)</favourite> -->
	<favourite name="BT Sport 1 |MotoGP2019|(UK) *MotoGP 2019 [84]" thumb="https://i.postimg.cc/xTMbKyqC/ico-f-bt-sports-1.png">PlayMedia(&quot;http://84.104.234.134:8001/1:0:1:D7A5:840:2:11A0000:0:0:0:&quot;)</favourite>
	
	<favourite name="ServusTV (AT) |MotoGP2019| [84]" thumb="https://i.postimg.cc/LXJJhjrm/ico-f-servus-tv.png">PlayMedia(&quot;http://84.104.234.134:8001/1:0:1:3337:45b:1:c00000:0:0:0:&quot;)</favourite>
	<favourite name="ServusTV (AT) |MotoGP2019| [mysat]" thumb="https://i.postimg.cc/LXJJhjrm/ico-f-servus-tv.png">PlayMedia(&quot;http://mysatiptv.ddns.net:2010/1:0:1:3337:45b:1:c00000:0:0:0:&quot;)</favourite>
	<favourite name="ServusTV (DE) |MotoGP2019| [for]" thumb="https://i.postimg.cc/LXJJhjrm/ico-f-servus-tv.png">PlayMedia(&quot;http://forest.no-ip.org:8001/1:0:1:3336:45b:1:c00000:0:0:0:&quot;)</favourite>
	<favourite name="ServusTV (DE) |MotoGP2019| [mysat]" thumb="https://i.postimg.cc/LXJJhjrm/ico-f-servus-tv.png">PlayMedia(&quot;http://mysatiptv.ddns.net:2010/1:0:1:3336:45b:1:c00000:0:0:0:&quot;)</favourite>
	
	<favourite name="M+ Fútbol [mysat]" thumb="https://i.postimg.cc/jS2B6Nwp/ico_f_m_futbol.png">PlayMedia(&quot;http://mysatiptv.ddns.net:2010/1:0:1:778E:424:1:C00000:0:0:0:&quot;)</favourite>
	<favourite name="M+ Fútbol [for]" thumb="https://i.postimg.cc/jS2B6Nwp/ico_f_m_futbol.png">PlayMedia(&quot;http://forest.no-ip.org:8001/1:0:1:778E:424:1:C00000:0:0:0:&quot;)</favourite>
	<favourite name="M+ Fútbol [cur]" thumb="https://i.postimg.cc/jS2B6Nwp/ico_f_m_futbol.png">PlayMedia(&quot;http://curro647003.no-ip.org:8001/1:0:1:778E:424:1:C00000:0:0:0:&quot;)</favourite>
	<favourite name="M+ Fútbol [84]" thumb="https://i.postimg.cc/jS2B6Nwp/ico_f_m_futbol.png">PlayMedia(&quot;http://84.104.234.134:8001/1:0:1:778E:424:1:C00000:0:0:0:&quot;)</favourite>
	
	<favourite name="beIN Sports Max [mysat]" thumb="https://i.postimg.cc/MGLQpd4B/ico-f-bein-max.png">PlayMedia(&quot;http://mysatiptv.ddns.net:2010/1:0:19:74FF:420:1:C00000:0:0:0:&quot;)</favourite>
	<favourite name="beIN Sports Max [for]" thumb="https://i.postimg.cc/MGLQpd4B/ico-f-bein-max.png">PlayMedia(&quot;http://forest.no-ip.org:8001/1:0:19:74FF:420:1:C00000:0:0:0:&quot;)</favourite>
	<favourite name="beIN Sports Max [cur]" thumb="https://i.postimg.cc/MGLQpd4B/ico-f-bein-max.png">PlayMedia(&quot;http://curro647003.no-ip.org:8001/1:0:19:74FF:420:1:C00000:0:0:0:&quot;)</favourite>
	<favourite name="beIN Sports Max [84]" thumb="https://i.postimg.cc/MGLQpd4B/ico-f-bein-max.png">PlayMedia(&quot;http://84.104.234.134:8001/1:0:19:74FF:420:1:C00000:0:0:0:&quot;)</favourite>
	
	<favourite name="M+ Deportes [mysat]" thumb="https://i.postimg.cc/VkWgqS3C/ico_f_m_deportes.png">PlayMedia(&quot;http://mysatiptv.ddns.net:2010/1:0:1:778F:424:1:C00000:0:0:0:&quot;)</favourite>
	<favourite name="M+ Deportes [for]" thumb="https://i.postimg.cc/VkWgqS3C/ico_f_m_deportes.png">PlayMedia(&quot;http://forest.no-ip.org:8001/1:0:1:778F:424:1:C00000:0:0:0:&quot;)</favourite>
	<favourite name="M+ Deportes [cur]" thumb="https://i.postimg.cc/VkWgqS3C/ico_f_m_deportes.png">PlayMedia(&quot;http://curro647003.no-ip.org:8001/1:0:1:778F:424:1:C00000:0:0:0:&quot;)</favourite>
	<favourite name="M+ Deportes [84]" thumb="https://i.postimg.cc/VkWgqS3C/ico_f_m_deportes.png">PlayMedia(&quot;http://84.104.234.134:8001/1:0:1:778F:424:1:C00000:0:0:0:&quot;)</favourite>
	
	<favourite name="M+ Golf [mysat]" thumb="https://i.postimg.cc/15JLNMt0/ico-f-m-golf.png">PlayMedia(&quot;http://mysatiptv.ddns.net:2010/1:0:1:7789:424:1:C00000:0:0:0:&quot;)</favourite>
	<favourite name="M+ Golf [for]" thumb="https://i.postimg.cc/15JLNMt0/ico-f-m-golf.png">PlayMedia(&quot;http://forest.no-ip.org:8001/1:0:1:7789:424:1:C00000:0:0:0:&quot;)</favourite>
	<favourite name="M+ Golf [cur]" thumb="https://i.postimg.cc/15JLNMt0/ico-f-m-golf.png">PlayMedia(&quot;http://curro647003.no-ip.org:8001/1:0:1:7789:424:1:C00000:0:0:0:&quot;)</favourite>
	<favourite name="M+ Golf [84]" thumb="https://i.postimg.cc/15JLNMt0/ico-f-m-golf.png">PlayMedia(&quot;http://84.104.234.134:8001/1:0:1:7789:424:1:C00000:0:0:0:&quot;)</favourite>
	
	<favourite name="Eurosport 1 [mysat]" thumb="https://i.postimg.cc/h49nh9TM/ico_f_eurosport1.png">PlayMedia(&quot;http://mysatiptv.ddns.net:2010/1:0:1:74A1:41C:1:C00000:0:0:0:&quot;)</favourite>
	<favourite name="Eurosport 1 [for]" thumb="https://i.postimg.cc/h49nh9TM/ico_f_eurosport1.png">PlayMedia(&quot;http://forest.no-ip.org:8001/1:0:1:74A1:41C:1:C00000:0:0:0:&quot;)</favourite>
	<favourite name="Eurosport 1 [cur]" thumb="https://i.postimg.cc/h49nh9TM/ico_f_eurosport1.png">PlayMedia(&quot;http://curro647003.no-ip.org:8001/1:0:1:74A1:41C:1:C00000:0:0:0:&quot;)</favourite>
	<favourite name="Eurosport 1 [84]" thumb="https://i.postimg.cc/h49nh9TM/ico_f_eurosport1.png">PlayMedia(&quot;http://84.104.234.134:8001/1:0:1:74A1:41C:1:C00000:0:0:0:&quot;)</favourite>
	
	<favourite name="Eurosport 2 [mysat]" thumb="https://i.postimg.cc/5yMMn0dw/ico-f-eurosport2.png">PlayMedia(&quot;http://mysatiptv.ddns.net:2010/1:0:1:760E:408:1:C00000:0:0:0:&quot;)</favourite>
	<favourite name="Eurosport 2 [for]" thumb="https://i.postimg.cc/5yMMn0dw/ico-f-eurosport2.png">PlayMedia(&quot;http://forest.no-ip.org:8001/1:0:1:760E:408:1:C00000:0:0:0:&quot;)</favourite>
	<favourite name="Eurosport 2 [cur]" thumb="https://i.postimg.cc/5yMMn0dw/ico-f-eurosport2.png">PlayMedia(&quot;http://curro647003.no-ip.org:8001/1:0:1:760E:408:1:C00000:0:0:0:&quot;)</favourite>
	<favourite name="Eurosport 2 [84]" thumb="https://i.postimg.cc/5yMMn0dw/ico-f-eurosport2.png">PlayMedia(&quot;http://84.104.234.134:8001/1:0:1:760E:408:1:C00000:0:0:0:&quot;)</favourite>
	

	<favourite name="FightBox [for]" thumb="https://i.postimg.cc/FsmrdvQw/ico-f-fight-box.png">PlayMedia(&quot;http://forest.no-ip.org:8001/1:0:1:36E2:C8C:3:EB0000:0:0:0:&quot;)</favourite>
	<favourite name="FightBox [cur]" thumb="https://i.postimg.cc/FsmrdvQw/ico-f-fight-box.png">PlayMedia(&quot;http://curro647003.no-ip.org:8001/1:0:1:36E2:C8C:3:EB0000:0:0:0:&quot;)</favourite>
	<favourite name="FightBox [84]" thumb="https://i.postimg.cc/FsmrdvQw/ico-f-fight-box.png">PlayMedia(&quot;http://84.104.234.134:8001/1:0:1:36E2:C8C:3:EB0000:0:0:0:&quot;)</favourite>
	
	<favourite name="Box Nation [84]" thumb="https://i.postimg.cc/C1Ky8DG2/ico_f_box_nation.png">PlayMedia(&quot;http://84.104.234.134:8001/1:0:1:CFD5:83F:2:11A0000:0:0:0:&quot;)</favourite>
	
	<favourite name="Barca Tv [mysat]" thumb="https://i.postimg.cc/3J4wLyvv/ico_f_barcelona_tv.png">PlayMedia(&quot;http://mysatiptv.ddns.net:8001/1:0:1:74A0:41C:1:C00000:0:0:0:&quot;)</favourite>
	<favourite name="Barca Tv [for]" thumb="https://i.postimg.cc/3J4wLyvv/ico_f_barcelona_tv.png">PlayMedia(&quot;http://forest.no-ip.org:8001/1:0:1:74A0:41C:1:C00000:0:0:0:&quot;)</favourite>
	<favourite name="Barca Tv [cur]" thumb="https://i.postimg.cc/3J4wLyvv/ico_f_barcelona_tv.png">PlayMedia(&quot;http://curro647003.no-ip.org:8001/1:0:1:74A0:41C:1:C00000:0:0:0:&quot;)</favourite>
	<favourite name="Barca Tv [84]" thumb="https://i.postimg.cc/3J4wLyvv/ico_f_barcelona_tv.png">PlayMedia(&quot;http://84.104.234.134:8001/1:0:1:74A0:41C:1:C00000:0:0:0:&quot;)</favourite>
	
	<favourite name="Gol TV [mysat]" thumb="https://i.postimg.cc/rwhMMMxk/ico_f_gol.png">PlayMedia(&quot;http://mysatiptv.ddns.net:8001/1:0:1:74A3:41C:1:C00000:0:0:0:&quot;)</favourite>
	<favourite name="Gol TV [for]" thumb="https://i.postimg.cc/rwhMMMxk/ico_f_gol.png">PlayMedia(&quot;http://forest.no-ip.org:8001/1:0:1:74A3:41C:1:C00000:0:0:0:&quot;)</favourite>
	<favourite name="Gol TV [cur]" thumb="https://i.postimg.cc/rwhMMMxk/ico_f_gol.png">PlayMedia(&quot;http://curro647003.no-ip.org:8001/1:0:1:74A3:41C:1:C00000:0:0:0:&quot;)</favourite>
	<favourite name="Gol TV [84]" thumb="https://i.postimg.cc/rwhMMMxk/ico_f_gol.png">PlayMedia(&quot;http://84.104.234.134:8001/1:0:1:74A3:41C:1:C00000:0:0:0:&quot;)</favourite>
	
	<favourite name="Teledeporte [mysat]" thumb="https://i.postimg.cc/kXQWjh88/ico_f_tdp.png">PlayMedia(&quot;http://mysatiptv.ddns.net:8001/1:0:1:76CC:40E:1:C00000:0:0:0:&quot;)</favourite>
	<favourite name="Teledeporte [for]" thumb="https://i.postimg.cc/kXQWjh88/ico_f_tdp.png">PlayMedia(&quot;http://forest.no-ip.org:8001/1:0:1:76CC:40E:1:C00000:0:0:0:&quot;)</favourite>
	<favourite name="Teledeporte [cur]" thumb="https://i.postimg.cc/kXQWjh88/ico_f_tdp.png">PlayMedia(&quot;http://curro647003.no-ip.org:8001/1:0:1:76CC:40E:1:C00000:0:0:0:&quot;)</favourite>
	<favourite name="Teledeporte [84]" thumb="https://i.postimg.cc/kXQWjh88/ico_f_tdp.png">PlayMedia(&quot;http://84.104.234.134:8001/1:0:1:76CC:40E:1:C00000:0:0:0:&quot;)</favourite>
	
</favourites>