<favourites>
	<favourite name="La 1" thumb="https://i.postimg.cc/9XTmZ35d/ico_f_la1.png">PlayMedia(&quot;plugin://plugin.video.IberiKa/?url=https%3A%24doregex%5BGetPageUrl%5D%7CUser-Agent%3DMozilla%2F5.0+%28Android+7.0%3B+Tablet%3B+rv%3A58.0.2%29+Gecko%2F58.0.2+Firefox%2F58.0.2&amp;mode=17&amp;regexs=%7Bu%27GetPageUrl%27%3A%20%7B%27x-req%27%3A%20u%27XMLHttpRequest%27%2C%20%27cookiejar%27%3A%20%27%27%2C%20%27name%27%3A%20u%27GetPageUrl%27%2C%20%27accept%27%3A%20u%27%2A/%2A%27%2C%20%27connection%27%3A%20u%27keep-alive%27%2C%20%27expres%27%3A%20u%22source%3A%20%27%28.%2A%3F%29%27%22%2C%20%27referer%27%3A%20u%27http%3A//vergol.com/%27%2C%20%27page%27%3A%20u%27https%3A//vergol.com/canales996/live/la1.php%27%2C%20%27rawpost%27%3A%20u%27manzana66%3D12345%27%7D%7D&amp;iconimage=https%3A%2F%2Fcdn.sincroguia.tv%2Fuploads%2Fimages%2Fl%2Fa%2F1%2Fxla1.jpg.pagespeed.ic.Bc2wc9wgMi.jpg&amp;sf_options=fanart%3Dhttps%3A%2F%2Fgithub.com%2Fiberikakodi%2FIberika%2Fblob%2Fmaster%2Fimagenes%2Fmenu%2FTv%2520esp%2520estable%25201.jpg%3Fraw%26meta%3Dvotes%253D0%2526label%253D%25255BCOLOR%252Bwhite%25255D%25255BB%25255DLa%252B1%25255B%25252FB%25255D%25255B%25252FCOLOR%25255D%2526title%253D%25255BCOLOR%252Bwhite%25255D%25255BB%25255DLa%252B1%25255B%25252FB%25255D%25255B%25252FCOLOR%25255D%26winID%3D10025%26_options_sf&quot;)</favourite>
	<favourite name="Antena3" thumb="https://i.postimg.cc/W4jbbXfG/ico_f_antena3.png">PlayMedia(&quot;plugin://plugin.video.IberiKa/?url=https%3A%24doregex%5BGetPageUrl%5D%7CUser-Agent%3DMozilla%2F5.0+%28Android+7.0%3B+Tablet%3B+rv%3A58.0.2%29+Gecko%2F58.0.2+Firefox%2F58.0.2&amp;mode=17&amp;regexs=%7Bu%27GetPageUrl%27%3A%20%7B%27x-req%27%3A%20u%27XMLHttpRequest%27%2C%20%27cookiejar%27%3A%20%27%27%2C%20%27name%27%3A%20u%27GetPageUrl%27%2C%20%27accept%27%3A%20u%27%2A/%2A%27%2C%20%27connection%27%3A%20u%27keep-alive%27%2C%20%27expres%27%3A%20u%22source%3A%20%27%28.%2A%3F%29%27%22%2C%20%27referer%27%3A%20u%27http%3A//vergol.com/%27%2C%20%27page%27%3A%20u%27https%3A//vergol.com/canales996/live1/antena3.php%27%2C%20%27rawpost%27%3A%20u%27manzana66%3D12345%27%7D%7D&amp;iconimage=https%3A%2F%2Fwww.formulatv.com%2Fimages%2Fprogramas%2Fposters%2F100%2F141%2F1_m3.jpg&amp;sf_options=fanart%3Dhttps%3A%2F%2Fgithub.com%2Fiberikakodi%2FIberika%2Fblob%2Fmaster%2Fimagenes%2Fmenu%2FTv%2520esp%2520estable%25201.jpg%3Fraw%26meta%3Dvotes%253D0%2526label%253D%25255BCOLOR%252Bwhite%25255D%25255BB%25255DAntena3%25255B%25252FB%25255D%25255B%25252FCOLOR%25255D%2526title%253D%25255BCOLOR%252Bwhite%25255D%25255BB%25255DAntena3%25255B%25252FB%25255D%25255B%25252FCOLOR%25255D%26winID%3D10025%26_options_sf&quot;)</favourite>
	<favourite name="Cuatro" thumb="https://i.postimg.cc/QNBBznLC/ico_f_cuatro.png">PlayMedia(&quot;plugin://plugin.video.IberiKa/?url=https%3A%24doregex%5BGetPageUrl%5D%7CUser-Agent%3DMozilla%2F5.0+%28Android+7.0%3B+Tablet%3B+rv%3A58.0.2%29+Gecko%2F58.0.2+Firefox%2F58.0.2&amp;mode=17&amp;regexs=%7Bu%27GetPageUrl%27%3A%20%7B%27x-req%27%3A%20u%27XMLHttpRequest%27%2C%20%27cookiejar%27%3A%20%27%27%2C%20%27name%27%3A%20u%27GetPageUrl%27%2C%20%27accept%27%3A%20u%27%2A/%2A%27%2C%20%27connection%27%3A%20u%27keep-alive%27%2C%20%27expres%27%3A%20u%22source%3A%20%27%28.%2A%3F%29%27%22%2C%20%27referer%27%3A%20u%27http%3A//vergol.com/%27%2C%20%27page%27%3A%20u%27https%3A//vergol.com/canales996/live1/cuatro.php%27%2C%20%27rawpost%27%3A%20u%27manzana66%3D12345%27%7D%7D&amp;iconimage=https%3A%2F%2Fwww.formulatv.com%2Fimages%2Fprogramas%2Fposters%2F100%2F196%2F1_m3.jpg&amp;sf_options=fanart%3Dhttps%3A%2F%2Fgithub.com%2Fiberikakodi%2FIberika%2Fblob%2Fmaster%2Fimagenes%2Fmenu%2FTv%2520esp%2520estable%25201.jpg%3Fraw%26meta%3Dvotes%253D0%2526label%253D%25255BCOLOR%252Bwhite%25255D%25255BB%25255DCuatro%25255B%25252FB%25255D%25255B%25252FCOLOR%25255D%2526title%253D%25255BCOLOR%252Bwhite%25255D%25255BB%25255DCuatro%25255B%25252FB%25255D%25255B%25252FCOLOR%25255D%26winID%3D10025%26_options_sf&quot;)</favourite>
	<favourite name="Telecinco" thumb="https://i.postimg.cc/hvxVR25k/ico_f_telecinco.png">PlayMedia(&quot;plugin://plugin.video.IberiKa/?url=https%3A%24doregex%5BGetPageUrl%5D%7CUser-Agent%3DMozilla%2F5.0+%28Android+7.0%3B+Tablet%3B+rv%3A58.0.2%29+Gecko%2F58.0.2+Firefox%2F58.0.2&amp;mode=17&amp;regexs=%7Bu%27GetPageUrl%27%3A%20%7B%27x-req%27%3A%20u%27XMLHttpRequest%27%2C%20%27cookiejar%27%3A%20%27%27%2C%20%27name%27%3A%20u%27GetPageUrl%27%2C%20%27accept%27%3A%20u%27%2A/%2A%27%2C%20%27connection%27%3A%20u%27keep-alive%27%2C%20%27expres%27%3A%20u%22source%3A%20%27%28.%2A%3F%29%27%22%2C%20%27referer%27%3A%20u%27http%3A//vergol.com/%27%2C%20%27page%27%3A%20u%27https%3A//vergol.com/canales996/live1/telecinco2.php%27%2C%20%27rawpost%27%3A%20u%27manzana66%3D12345%27%7D%7D&amp;iconimage=https%3A%2F%2Fwww.formulatv.com%2Fimages%2Fprogramas%2Fposters%2F000%2F7%2F1_m3.jpg&amp;sf_options=fanart%3Dhttps%3A%2F%2Fgithub.com%2Fiberikakodi%2FIberika%2Fblob%2Fmaster%2Fimagenes%2Fmenu%2FTv%2520esp%2520estable%25201.jpg%3Fraw%26meta%3Dvotes%253D0%2526label%253D%25255BCOLOR%252Bwhite%25255D%25255BB%25255DTelecinco%25255B%25252FB%25255D%25255B%25252FCOLOR%25255D%2526title%253D%25255BCOLOR%252Bwhite%25255D%25255BB%25255DTelecinco%25255B%25252FB%25255D%25255B%25252FCOLOR%25255D%26winID%3D10025%26_options_sf&quot;)</favourite>
	<favourite name="La Sexta" thumb="ps://i.postimg.cc/R0DSQ4ZR/ico_f_lasexta.png">PlayMedia(&quot;plugin://plugin.video.IberiKa/?url=https%3A%24doregex%5BGetPageUrl%5D%7CUser-Agent%3DMozilla%2F5.0+%28Android+7.0%3B+Tablet%3B+rv%3A58.0.2%29+Gecko%2F58.0.2+Firefox%2F58.0.2&amp;mode=17&amp;regexs=%7Bu%27GetPageUrl%27%3A%20%7B%27x-req%27%3A%20u%27XMLHttpRequest%27%2C%20%27cookiejar%27%3A%20%27%27%2C%20%27name%27%3A%20u%27GetPageUrl%27%2C%20%27accept%27%3A%20u%27%2A/%2A%27%2C%20%27connection%27%3A%20u%27keep-alive%27%2C%20%27expres%27%3A%20u%22source%3A%20%27%28.%2A%3F%29%27%22%2C%20%27referer%27%3A%20u%27http%3A//vergol.com/%27%2C%20%27page%27%3A%20u%27https%3A//vergol.com/canales996/live1/lasexta.php%27%2C%20%27rawpost%27%3A%20u%27manzana66%3D12345%27%7D%7D&amp;iconimage=http%3A%2F%2Fwww.fundacionalfanar.org%2Fwordpress%2Fwp-content%2Fuploads%2F2016%2F07%2FLogo-La-Sexta1.png&amp;sf_options=fanart%3Dhttps%3A%2F%2Fgithub.com%2Fiberikakodi%2FIberika%2Fblob%2Fmaster%2Fimagenes%2Fmenu%2FTv%2520esp%2520estable%25201.jpg%3Fraw%26meta%3Dvotes%253D0%2526label%253D%25255BCOLOR%252Bwhite%25255D%25255BB%25255DLa%252BSexta%25255B%25252FB%25255D%25255B%25252FCOLOR%25255D%2526title%253D%25255BCOLOR%252Bwhite%25255D%25255BB%25255DLa%252BSexta%25255B%25252FB%25255D%25255B%25252FCOLOR%25255D%26winID%3D10025%26_options_sf&quot;)</favourite>
	
	<favourite name="M+ #0" thumb="https://i.postimg.cc/cCVdqmn8/ico_f_0.png">PlayMedia(&quot;plugin://plugin.video.IberiKa/?url=https%3A%24doregex%5BGetPageUrl%5D%7CUser-Agent%3DMozilla%2F5.0+%28Android+7.0%3B+Tablet%3B+rv%3A58.0.2%29+Gecko%2F58.0.2+Firefox%2F58.0.2&amp;mode=17&amp;regexs=%7Bu%27GetPageUrl%27%3A%20%7B%27x-req%27%3A%20u%27XMLHttpRequest%27%2C%20%27cookiejar%27%3A%20%27%27%2C%20%27name%27%3A%20u%27GetPageUrl%27%2C%20%27accept%27%3A%20u%27%2A/%2A%27%2C%20%27connection%27%3A%20u%27keep-alive%27%2C%20%27expres%27%3A%20u%22source%3A%20%27%28.%2A%3F%29%27%22%2C%20%27referer%27%3A%20u%27http%3A//vergol.com/%27%2C%20%27page%27%3A%20u%27https%3A//vergol.com/canales996/live/plus1.php%27%2C%20%27rawpost%27%3A%20u%27manzana66%3D12345%27%7D%7D&amp;iconimage=https%3A%2F%2Fe00-elmundo.uecdn.es%2Ftelevision%2Fprogramacion-tv%2Fimg%2Fprogramas%2F1f%2F1355295.png&amp;sf_options=fanart%3Dhttps%3A%2F%2Fgithub.com%2Fiberikakodi%2FIberika%2Fblob%2Fmaster%2Fimagenes%2Fmenu%2FTv%2520esp%2520estable%25201.jpg%3Fraw%26meta%3Dvotes%253D0%2526label%253D%25255BCOLOR%252Bwhite%25255D%25255BB%25255DMovistar%252B%2525230%25255B%25252FB%25255D%25255B%25252FCOLOR%25255D%2526title%253D%25255BCOLOR%252Bwhite%25255D%25255BB%25255DMovistar%252B%2525230%25255B%25252FB%25255D%25255B%25252FCOLOR%25255D%26winID%3D10025%26_options_sf&quot;)</favourite>
	<favourite name="M+ Estrenos" thumb="https://i.postimg.cc/Y9KVwsn7/ico-f-m-estrenos.png">PlayMedia(&quot;plugin://plugin.video.IberiKa/?url=https%3A%24doregex%5BGetPageUrl%5D%7CUser-Agent%3DMozilla%2F5.0+%28Android+7.0%3B+Tablet%3B+rv%3A58.0.2%29+Gecko%2F58.0.2+Firefox%2F58.0.2&amp;mode=17&amp;regexs=%7Bu%27GetPageUrl%27%3A%20%7B%27x-req%27%3A%20u%27XMLHttpRequest%27%2C%20%27cookiejar%27%3A%20%27%27%2C%20%27name%27%3A%20u%27GetPageUrl%27%2C%20%27accept%27%3A%20u%27%2A/%2A%27%2C%20%27connection%27%3A%20u%27keep-alive%27%2C%20%27expres%27%3A%20u%22source%3A%20%27%28.%2A%3F%29%27%22%2C%20%27referer%27%3A%20u%27http%3A//vergol.com/%27%2C%20%27page%27%3A%20u%27https%3A//vergol.com/canales996/live/plusestrenos.php%27%2C%20%27rawpost%27%3A%20u%27manzana66%3D12345%27%7D%7D&amp;iconimage=https%3A%2F%2Fcdn.sincroguia.tv%2Fuploads%2Fimages%2Fm%2Fo%2Fv%2Fxmovistar-estrenos.jpg.pagespeed.ic.74wj3NiLk-.jpg&amp;sf_options=fanart%3Dhttps%3A%2F%2Fgithub.com%2Fiberikakodi%2FIberika%2Fblob%2Fmaster%2Fimagenes%2Fmenu%2FTv%2520esp%2520estable%25201.jpg%3Fraw%26meta%3Dvotes%253D0%2526label%253D%25255BCOLOR%252Bwhite%25255D%25255BB%25255DMovistar%252BEstrenos%25255B%25252FB%25255D%25255B%25252FCOLOR%25255D%2526title%253D%25255BCOLOR%252Bwhite%25255D%25255BB%25255DMovistar%252BEstrenos%25255B%25252FB%25255D%25255B%25252FCOLOR%25255D%26winID%3D10025%26_options_sf&quot;)</favourite>
	<favourite name="M+ Accion" thumb="https://i.postimg.cc/kgwXGxrL/ico_f_m_accion.png">PlayMedia(&quot;plugin://plugin.video.IberiKa/?url=https%3A%24doregex%5BGetPageUrl%5D%7CUser-Agent%3DMozilla%2F5.0+%28Android+7.0%3B+Tablet%3B+rv%3A58.0.2%29+Gecko%2F58.0.2+Firefox%2F58.0.2&amp;mode=17&amp;regexs=%7Bu%27GetPageUrl%27%3A%20%7B%27x-req%27%3A%20u%27XMLHttpRequest%27%2C%20%27cookiejar%27%3A%20%27%27%2C%20%27name%27%3A%20u%27GetPageUrl%27%2C%20%27accept%27%3A%20u%27%2A/%2A%27%2C%20%27connection%27%3A%20u%27keep-alive%27%2C%20%27expres%27%3A%20u%22source%3A%20%27%28.%2A%3F%29%27%22%2C%20%27referer%27%3A%20u%27http%3A//vergol.com/%27%2C%20%27page%27%3A%20u%27https%3A//vergol.com/canales996/live/plusaccion.php%27%2C%20%27rawpost%27%3A%20u%27manzana66%3D12345%27%7D%7D&amp;iconimage=https%3A%2F%2Fcdn.sincroguia.tv%2Fuploads%2Fimages%2Fm%2Fo%2Fv%2Fxmovistar-accion.jpg.pagespeed.ic.8XNnGybpzf.jpg&amp;sf_options=fanart%3Dhttps%3A%2F%2Fgithub.com%2Fiberikakodi%2FIberika%2Fblob%2Fmaster%2Fimagenes%2Fmenu%2FTv%2520esp%2520estable%25201.jpg%3Fraw%26meta%3Dvotes%253D0%2526label%253D%25255BCOLOR%252Bwhite%25255D%25255BB%25255DMovistar%252BAccion%25255B%25252FB%25255D%25255B%25252FCOLOR%25255D%2526title%253D%25255BCOLOR%252Bwhite%25255D%25255BB%25255DMovistar%252BAccion%25255B%25252FB%25255D%25255B%25252FCOLOR%25255D%26winID%3D10025%26_options_sf&quot;)</favourite>
	<favourite name="M+ Comedia" thumb="https://i.postimg.cc/gkST0JSN/ico_f_m_comedia.png">PlayMedia(&quot;plugin://plugin.video.IberiKa/?url=https%3A%24doregex%5BGetPageUrl%5D%7CUser-Agent%3DMozilla%2F5.0+%28Android+7.0%3B+Tablet%3B+rv%3A58.0.2%29+Gecko%2F58.0.2+Firefox%2F58.0.2&amp;mode=17&amp;regexs=%7Bu%27GetPageUrl%27%3A%20%7B%27x-req%27%3A%20u%27XMLHttpRequest%27%2C%20%27cookiejar%27%3A%20%27%27%2C%20%27name%27%3A%20u%27GetPageUrl%27%2C%20%27accept%27%3A%20u%27%2A/%2A%27%2C%20%27connection%27%3A%20u%27keep-alive%27%2C%20%27expres%27%3A%20u%22source%3A%20%27%28.%2A%3F%29%27%22%2C%20%27referer%27%3A%20u%27http%3A//vergol.com/%27%2C%20%27page%27%3A%20u%27https%3A//vergol.com/canales996/live/comedia.php%27%2C%20%27rawpost%27%3A%20u%27manzana66%3D12345%27%7D%7D&amp;iconimage=https%3A%2F%2Fcdn.sincroguia.tv%2Fuploads%2Fimages%2Fm%2Fo%2Fv%2Fxmovistar-comedia.jpg.pagespeed.ic.zZUxRAcn7e.jpg&amp;sf_options=fanart%3Dhttps%3A%2F%2Fgithub.com%2Fiberikakodi%2FIberika%2Fblob%2Fmaster%2Fimagenes%2Fmenu%2FTv%2520esp%2520estable%25201.jpg%3Fraw%26meta%3Dvotes%253D0%2526label%253D%25255BCOLOR%252Bwhite%25255D%25255BB%25255DMovistar%252BComedia%25255B%25252FB%25255D%25255B%25252FCOLOR%25255D%2526title%253D%25255BCOLOR%252Bwhite%25255D%25255BB%25255DMovistar%252BComedia%25255B%25252FB%25255D%25255B%25252FCOLOR%25255D%26winID%3D10025%26_options_sf&quot;)</favourite>
	<favourite name="M+ Drama" thumb="https://i.postimg.cc/wj6RwXhj/ico_f_m_drama.png">PlayMedia(&quot;plugin://plugin.video.IberiKa/?url=https%3A%24doregex%5BGetPageUrl%5D%7CUser-Agent%3DMozilla%2F5.0+%28Android+7.0%3B+Tablet%3B+rv%3A58.0.2%29+Gecko%2F58.0.2+Firefox%2F58.0.2&amp;mode=17&amp;regexs=%7Bu%27GetPageUrl%27%3A%20%7B%27x-req%27%3A%20u%27XMLHttpRequest%27%2C%20%27cookiejar%27%3A%20%27%27%2C%20%27name%27%3A%20u%27GetPageUrl%27%2C%20%27accept%27%3A%20u%27%2A/%2A%27%2C%20%27connection%27%3A%20u%27keep-alive%27%2C%20%27expres%27%3A%20u%22source%3A%20%27%28.%2A%3F%29%27%22%2C%20%27referer%27%3A%20u%27http%3A//vergol.com/%27%2C%20%27page%27%3A%20u%27https%3A//vergol.com/canales996/live/drama.php%27%2C%20%27rawpost%27%3A%20u%27manzana66%3D12345%27%7D%7D&amp;iconimage=https%3A%2F%2Fwww.andorratelecom.ad%2Fdocuments%2F33347%2F112493%2F600x600---DRAMA.png%2Fe23bdf03-cb60-fd0f-c6fc-2906af22e4e8%3Ft%3D1535626801034&amp;sf_options=fanart%3Dhttps%3A%2F%2Fgithub.com%2Fiberikakodi%2FIberika%2Fblob%2Fmaster%2Fimagenes%2Fmenu%2FTv%2520esp%2520estable%25201.jpg%3Fraw%26meta%3Dvotes%253D0%2526label%253D%25255BCOLOR%252Bwhite%25255D%25255BB%25255DMovistar%252BDrama%25255B%25252FB%25255D%25255B%25252FCOLOR%25255D%2526title%253D%25255BCOLOR%252Bwhite%25255D%25255BB%25255DMovistar%252BDrama%25255B%25252FB%25255D%25255B%25252FCOLOR%25255D%26winID%3D10025%26_options_sf&quot;)</favourite>
	<favourite name="M+ Disney" thumb="https://i.postimg.cc/sx3NMZC0/ico_f_m_disney.png">PlayMedia(&quot;plugin://plugin.video.IberiKa/?url=https%3A%24doregex%5BGetPageUrl%5D%7CUser-Agent%3DMozilla%2F5.0+%28Android+7.0%3B+Tablet%3B+rv%3A58.0.2%29+Gecko%2F58.0.2+Firefox%2F58.0.2&amp;mode=17&amp;regexs=%7Bu%27GetPageUrl%27%3A%20%7B%27x-req%27%3A%20u%27XMLHttpRequest%27%2C%20%27cookiejar%27%3A%20%27%27%2C%20%27name%27%3A%20u%27GetPageUrl%27%2C%20%27accept%27%3A%20u%27%2A/%2A%27%2C%20%27connection%27%3A%20u%27keep-alive%27%2C%20%27expres%27%3A%20u%22source%3A%20%27%28.%2A%3F%29%27%22%2C%20%27referer%27%3A%20u%27http%3A//vergol.com/%27%2C%20%27page%27%3A%20u%27https%3A//vergol.com/canales996/live/plusdisney.php%27%2C%20%27rawpost%27%3A%20u%27manzana66%3D12345%27%7D%7D&amp;iconimage=https%3A%2F%2Fupload.wikimedia.org%2Fwikipedia%2Fcommons%2Fthumb%2F1%2F16%2FMovistar_Disney.svg%2F1200px-Movistar_Disney.svg.png&amp;sf_options=fanart%3Dhttps%3A%2F%2Fgithub.com%2Fiberikakodi%2FIberika%2Fblob%2Fmaster%2Fimagenes%2Fmenu%2FTv%2520esp%2520estable%25201.jpg%3Fraw%26meta%3Dvotes%253D0%2526label%253D%25255BCOLOR%252Bwhite%25255D%25255BB%25255DMovistar%252BDisney%25255B%25252FB%25255D%25255B%25252FCOLOR%25255D%2526title%253D%25255BCOLOR%252Bwhite%25255D%25255BB%25255DMovistar%252BDisney%25255B%25252FB%25255D%25255B%25252FCOLOR%25255D%26winID%3D10025%26_options_sf&quot;)</favourite>
	<favourite name="M+ Series" thumb="https://i.postimg.cc/NFxZDkxc/ico_f_m_series.png">PlayMedia(&quot;plugin://plugin.video.IberiKa/?url=https%3A%24doregex%5BGetPageUrl%5D%7CUser-Agent%3DMozilla%2F5.0+%28Android+7.0%3B+Tablet%3B+rv%3A58.0.2%29+Gecko%2F58.0.2+Firefox%2F58.0.2&amp;mode=17&amp;regexs=%7Bu%27GetPageUrl%27%3A%20%7B%27x-req%27%3A%20u%27XMLHttpRequest%27%2C%20%27cookiejar%27%3A%20%27%27%2C%20%27name%27%3A%20u%27GetPageUrl%27%2C%20%27accept%27%3A%20u%27%2A/%2A%27%2C%20%27connection%27%3A%20u%27keep-alive%27%2C%20%27expres%27%3A%20u%22source%3A%20%27%28.%2A%3F%29%27%22%2C%20%27referer%27%3A%20u%27http%3A//vergol.com/%27%2C%20%27page%27%3A%20u%27https%3A//vergol.com/canales996/live1/plusseries.php%27%2C%20%27rawpost%27%3A%20u%27manzana66%3D12345%27%7D%7D&amp;iconimage=https%3A%2F%2Fmedia.metrolatam.com%2F2018%2F02%2F19%2Fmovistarseries700x394-1200x600.jpg&amp;sf_options=fanart%3Dhttps%3A%2F%2Fgithub.com%2Fiberikakodi%2FIberika%2Fblob%2Fmaster%2Fimagenes%2Fmenu%2FTv%2520esp%2520estable%25201.jpg%3Fraw%26meta%3Dvotes%253D0%2526label%253D%25255BCOLOR%252Bwhite%25255D%25255BB%25255DMovistar%252BSeries%25255B%25252FB%25255D%25255B%25252FCOLOR%25255D%2526title%253D%25255BCOLOR%252Bwhite%25255D%25255BB%25255DMovistar%252BSeries%25255B%25252FB%25255D%25255B%25252FCOLOR%25255D%26winID%3D10025%26_options_sf&quot;)</favourite>
	<favourite name="M+ Seriesmania" thumb="https://i.postimg.cc/jdY7702N/ico_f_m_seriesmania.png">PlayMedia(&quot;plugin://plugin.video.IberiKa/?url=https%3A%24doregex%5BGetPageUrl%5D%7CUser-Agent%3DMozilla%2F5.0+%28Android+7.0%3B+Tablet%3B+rv%3A58.0.2%29+Gecko%2F58.0.2+Firefox%2F58.0.2&amp;mode=17&amp;regexs=%7Bu%27GetPageUrl%27%3A%20%7B%27x-req%27%3A%20u%27XMLHttpRequest%27%2C%20%27cookiejar%27%3A%20%27%27%2C%20%27name%27%3A%20u%27GetPageUrl%27%2C%20%27accept%27%3A%20u%27%2A/%2A%27%2C%20%27connection%27%3A%20u%27keep-alive%27%2C%20%27expres%27%3A%20u%22source%3A%20%27%28.%2A%3F%29%27%22%2C%20%27referer%27%3A%20u%27http%3A//vergol.com/%27%2C%20%27page%27%3A%20u%27https%3A//vergol.com/canales996/live1/seriesmania.php%27%2C%20%27rawpost%27%3A%20u%27manzana66%3D12345%27%7D%7D&amp;iconimage=https%3A%2F%2Fcdn.sincroguia.tv%2Fuploads%2Fimages%2Fm%2Fo%2Fv%2Fmovistar-seriesmania.jpg&amp;sf_options=fanart%3Dhttps%3A%2F%2Fgithub.com%2Fiberikakodi%2FIberika%2Fblob%2Fmaster%2Fimagenes%2Fmenu%2FTv%2520esp%2520estable%25201.jpg%3Fraw%26meta%3Dvotes%253D0%2526label%253D%25255BCOLOR%252Bwhite%25255D%25255BB%25255DMovistar%252BSeriesMania%25255B%25252FB%25255D%25255B%25252FCOLOR%25255D%2526title%253D%25255BCOLOR%252Bwhite%25255D%25255BB%25255DMovistar%252BSeriesMania%25255B%25252FB%25255D%25255B%25252FCOLOR%25255D%26winID%3D10025%26_options_sf&quot;)</favourite>
	
	<favourite name="AMC" thumb="https://i.postimg.cc/fT1ZfVgr/ico_f_amc_2019.png">PlayMedia(&quot;plugin://plugin.video.IberiKa/?url=https%3A%24doregex%5BGetPageUrl%5D%7CUser-Agent%3DMozilla%2F5.0+%28Android+7.0%3B+Tablet%3B+rv%3A58.0.2%29+Gecko%2F58.0.2+Firefox%2F58.0.2&amp;mode=17&amp;regexs=%7Bu%27GetPageUrl%27%3A%20%7B%27x-req%27%3A%20u%27XMLHttpRequest%27%2C%20%27cookiejar%27%3A%20%27%27%2C%20%27name%27%3A%20u%27GetPageUrl%27%2C%20%27accept%27%3A%20u%27%2A/%2A%27%2C%20%27connection%27%3A%20u%27keep-alive%27%2C%20%27expres%27%3A%20u%22source%3A%20%27%28.%2A%3F%29%27%22%2C%20%27referer%27%3A%20u%27http%3A//vergol.com/%27%2C%20%27page%27%3A%20u%27https%3A//vergol.com/canales996/live/amc.php%27%2C%20%27rawpost%27%3A%20u%27manzana66%3D12345%27%7D%7D&amp;iconimage=https%3A%2F%2Fiptvsmartv.files.wordpress.com%2F2017%2F04%2Famc-logo.jpg&amp;sf_options=fanart%3Dhttps%3A%2F%2Fgithub.com%2Fiberikakodi%2FIberika%2Fblob%2Fmaster%2Fimagenes%2Fmenu%2FTv%2520esp%2520estable%25201.jpg%3Fraw%26meta%3Dvotes%253D0%2526label%253D%25255BCOLOR%252Bwhite%25255D%25255BB%25255DAMC%25255B%25252FB%25255D%25255B%25252FCOLOR%25255D%2526title%253D%25255BCOLOR%252Bwhite%25255D%25255BB%25255DAMC%25255B%25252FB%25255D%25255B%25252FCOLOR%25255D%26winID%3D10025%26_options_sf&quot;)</favourite>
	<favourite name="TNT" thumb="https://i.postimg.cc/GmjJpSmr/ico_f_tnt.png">PlayMedia(&quot;plugin://plugin.video.IberiKa/?url=https%3A%24doregex%5BGetPageUrl%5D%7CUser-Agent%3DMozilla%2F5.0+%28Android+7.0%3B+Tablet%3B+rv%3A58.0.2%29+Gecko%2F58.0.2+Firefox%2F58.0.2&amp;mode=17&amp;regexs=%7Bu%27GetPageUrl%27%3A%20%7B%27x-req%27%3A%20u%27XMLHttpRequest%27%2C%20%27cookiejar%27%3A%20%27%27%2C%20%27name%27%3A%20u%27GetPageUrl%27%2C%20%27accept%27%3A%20u%27%2A/%2A%27%2C%20%27connection%27%3A%20u%27keep-alive%27%2C%20%27expres%27%3A%20u%22source%3A%20%27%28.%2A%3F%29%27%22%2C%20%27referer%27%3A%20u%27http%3A//vergol.com/%27%2C%20%27page%27%3A%20u%27https%3A//vergol.com/canales996/live/tnt.php%27%2C%20%27rawpost%27%3A%20u%27manzana66%3D12345%27%7D%7D&amp;iconimage=http%3A%2F%2Fwww.canaltnt.es%2Fdynamic%2Fchannel%2F00000000%2F12%2Fd9faae6d68fe0b8a80f646e286157db1135cc2ac_1461934546.png&amp;sf_options=fanart%3Dhttps%3A%2F%2Fgithub.com%2Fiberikakodi%2FIberika%2Fblob%2Fmaster%2Fimagenes%2Fmenu%2FTv%2520esp%2520estable%25201.jpg%3Fraw%26meta%3Dvotes%253D0%2526label%253D%25255BCOLOR%252Bwhite%25255D%25255BB%25255DTNT%25255B%25252FB%25255D%25255B%25252FCOLOR%25255D%2526title%253D%25255BCOLOR%252Bwhite%25255D%25255BB%25255DTNT%25255B%25252FB%25255D%25255B%25252FCOLOR%25255D%26winID%3D10025%26_options_sf&quot;)</favourite>
	<favourite name="Fox" thumb="https://i.postimg.cc/Qt73Q7P8/ico_f_fox.png">PlayMedia(&quot;plugin://plugin.video.IberiKa/?url=https%3A%24doregex%5BGetPageUrl%5D%7CUser-Agent%3DMozilla%2F5.0+%28Android+7.0%3B+Tablet%3B+rv%3A58.0.2%29+Gecko%2F58.0.2+Firefox%2F58.0.2&amp;mode=17&amp;regexs=%7Bu%27GetPageUrl%27%3A%20%7B%27x-req%27%3A%20u%27XMLHttpRequest%27%2C%20%27cookiejar%27%3A%20%27%27%2C%20%27name%27%3A%20u%27GetPageUrl%27%2C%20%27accept%27%3A%20u%27%2A/%2A%27%2C%20%27connection%27%3A%20u%27keep-alive%27%2C%20%27expres%27%3A%20u%22source%3A%20%27%28.%2A%3F%29%27%22%2C%20%27referer%27%3A%20u%27http%3A//vergol.com/%27%2C%20%27page%27%3A%20u%27https%3A//vergol.com/canales996/live/fox1.php%27%2C%20%27rawpost%27%3A%20u%27manzana66%3D12345%27%7D%7D&amp;iconimage=https%3A%2F%2Fteleaudienciastv.files.wordpress.com%2F2016%2F05%2Ffox.png%3Fw%3D840%26h%3B%3D400%26crop%3B%3D1&amp;sf_options=fanart%3Dhttps%3A%2F%2Fgithub.com%2Fiberikakodi%2FIberika%2Fblob%2Fmaster%2Fimagenes%2Fmenu%2FTv%2520esp%2520estable%25201.jpg%3Fraw%26meta%3Dvotes%253D0%2526label%253D%25255BCOLOR%252Bwhite%25255D%25255BB%25255DFox%25255B%25252FB%25255D%25255B%25252FCOLOR%25255D%2526title%253D%25255BCOLOR%252Bwhite%25255D%25255BB%25255DFox%25255B%25252FB%25255D%25255B%25252FCOLOR%25255D%26winID%3D10025%26_options_sf&quot;)</favourite>
	<favourite name="Hollywood" thumb="https://i.postimg.cc/VLWzZjN5/ico_f_hollywood.png">PlayMedia(&quot;plugin://plugin.video.IberiKa/?url=https%3A%24doregex%5BGetPageUrl%5D%7CUser-Agent%3DMozilla%2F5.0+%28Android+7.0%3B+Tablet%3B+rv%3A58.0.2%29+Gecko%2F58.0.2+Firefox%2F58.0.2&amp;mode=17&amp;regexs=%7Bu%27GetPageUrl%27%3A%20%7B%27x-req%27%3A%20u%27XMLHttpRequest%27%2C%20%27cookiejar%27%3A%20%27%27%2C%20%27name%27%3A%20u%27GetPageUrl%27%2C%20%27accept%27%3A%20u%27%2A/%2A%27%2C%20%27connection%27%3A%20u%27keep-alive%27%2C%20%27expres%27%3A%20u%22source%3A%20%27%28.%2A%3F%29%27%22%2C%20%27referer%27%3A%20u%27http%3A//vergol.com/%27%2C%20%27page%27%3A%20u%27https%3A//vergol.com/canales996/live/hollywood.php%27%2C%20%27rawpost%27%3A%20u%27manzana66%3D12345%27%7D%7D&amp;iconimage=https%3A%2F%2Fcanalhollywood.es%2Fwp-content%2Fuploads%2F2015%2F06%2FCanal_Hollywood-web.png&amp;sf_options=fanart%3Dhttps%3A%2F%2Fgithub.com%2Fiberikakodi%2FIberika%2Fblob%2Fmaster%2Fimagenes%2Fmenu%2FTv%2520esp%2520estable%25201.jpg%3Fraw%26meta%3Dvotes%253D0%2526label%253D%25255BCOLOR%252Bwhite%25255D%25255BB%25255DHollywood%25255B%25252FB%25255D%25255B%25252FCOLOR%25255D%2526title%253D%25255BCOLOR%252Bwhite%25255D%25255BB%25255DHollywood%25255B%25252FB%25255D%25255B%25252FCOLOR%25255D%26winID%3D10025%26_options_sf&quot;)</favourite>
	<favourite name="AXN" thumb="https://i.postimg.cc/9MQmyz2z/ico_f_axn.png">PlayMedia(&quot;plugin://plugin.video.IberiKa/?url=https%3A%24doregex%5BGetPageUrl%5D%7CUser-Agent%3DMozilla%2F5.0+%28Android+7.0%3B+Tablet%3B+rv%3A58.0.2%29+Gecko%2F58.0.2+Firefox%2F58.0.2&amp;mode=17&amp;regexs=%7Bu%27GetPageUrl%27%3A%20%7B%27x-req%27%3A%20u%27XMLHttpRequest%27%2C%20%27cookiejar%27%3A%20%27%27%2C%20%27name%27%3A%20u%27GetPageUrl%27%2C%20%27accept%27%3A%20u%27%2A/%2A%27%2C%20%27connection%27%3A%20u%27keep-alive%27%2C%20%27expres%27%3A%20u%22source%3A%20%27%28.%2A%3F%29%27%22%2C%20%27referer%27%3A%20u%27http%3A//vergol.com/%27%2C%20%27page%27%3A%20u%27https%3A//vergol.com/canales996/live/axn.php%27%2C%20%27rawpost%27%3A%20u%27manzana66%3D12345%27%7D%7D&amp;iconimage=http%3A%2F%2Fwww.openhistories.com%2Fwp-content%2Fuploads%2F2018%2F09%2Faxn.jpg&amp;sf_options=fanart%3Dhttps%3A%2F%2Fgithub.com%2Fiberikakodi%2FIberika%2Fblob%2Fmaster%2Fimagenes%2Fmenu%2FTv%2520esp%2520estable%25201.jpg%3Fraw%26meta%3Dvotes%253D0%2526label%253D%25255BCOLOR%252Bwhite%25255D%25255BB%25255DAXN%25255B%25252FB%25255D%25255B%25252FCOLOR%25255D%2526title%253D%25255BCOLOR%252Bwhite%25255D%25255BB%25255DAXN%25255B%25252FB%25255D%25255B%25252FCOLOR%25255D%26winID%3D10025%26_options_sf&quot;)</favourite>
	<favourite name="Calle 13" thumb="https://i.postimg.cc/gJx0frTQ/ico_f_calle13.png">PlayMedia(&quot;plugin://plugin.video.IberiKa/?url=https%3A%24doregex%5BGetPageUrl%5D%7CUser-Agent%3DMozilla%2F5.0+%28Android+7.0%3B+Tablet%3B+rv%3A58.0.2%29+Gecko%2F58.0.2+Firefox%2F58.0.2&amp;mode=17&amp;regexs=%7Bu%27GetPageUrl%27%3A%20%7B%27x-req%27%3A%20u%27XMLHttpRequest%27%2C%20%27cookiejar%27%3A%20%27%27%2C%20%27name%27%3A%20u%27GetPageUrl%27%2C%20%27accept%27%3A%20u%27%2A/%2A%27%2C%20%27connection%27%3A%20u%27keep-alive%27%2C%20%27expres%27%3A%20u%22source%3A%20%27%28.%2A%3F%29%27%22%2C%20%27referer%27%3A%20u%27http%3A//vergol.com/%27%2C%20%27page%27%3A%20u%27https%3A//vergol.com/canales996/live/calle13.php%27%2C%20%27rawpost%27%3A%20u%27manzana66%3D12345%27%7D%7D&amp;iconimage=https%3A%2F%2Fcdn.sincroguia.tv%2Fuploads%2Fimages%2Fc%2Fa%2Fl%2Fxcale13.jpg.pagespeed.ic.aKYk6PRJM-.jpg&amp;sf_options=fanart%3Dhttps%3A%2F%2Fgithub.com%2Fiberikakodi%2FIberika%2Fblob%2Fmaster%2Fimagenes%2Fmenu%2FTv%2520esp%2520estable%25201.jpg%3Fraw%26meta%3Dvotes%253D0%2526label%253D%25255BCOLOR%252Bwhite%25255D%25255BB%25255DCalle%252B13%25255B%25252FB%25255D%25255B%25252FCOLOR%25255D%2526title%253D%25255BCOLOR%252Bwhite%25255D%25255BB%25255DCalle%252B13%25255B%25252FB%25255D%25255B%25252FCOLOR%25255D%26winID%3D10025%26_options_sf&quot;)</favourite>
	<favourite name="Syfy" thumb="https://i.postimg.cc/YqK1zw4M/ico_f_syfy.png">PlayMedia(&quot;plugin://plugin.video.IberiKa/?url=https%3A%24doregex%5BGetPageUrl%5D%7CUser-Agent%3DMozilla%2F5.0+%28Android+7.0%3B+Tablet%3B+rv%3A58.0.2%29+Gecko%2F58.0.2+Firefox%2F58.0.2&amp;mode=17&amp;regexs=%7Bu%27GetPageUrl%27%3A%20%7B%27x-req%27%3A%20u%27XMLHttpRequest%27%2C%20%27cookiejar%27%3A%20%27%27%2C%20%27name%27%3A%20u%27GetPageUrl%27%2C%20%27accept%27%3A%20u%27%2A/%2A%27%2C%20%27connection%27%3A%20u%27keep-alive%27%2C%20%27expres%27%3A%20u%22source%3A%20%27%28.%2A%3F%29%27%22%2C%20%27referer%27%3A%20u%27http%3A//vergol.com/%27%2C%20%27page%27%3A%20u%27https%3A//vergol.com/canales996/live/syfy.php%27%2C%20%27rawpost%27%3A%20u%27manzana66%3D12345%27%7D%7D&amp;iconimage=https%3A%2F%2Fimg.europapress.es%2Ffotoweb%2Ffotonoticia_20180117163736_640.jpg&amp;sf_options=fanart%3Dhttps%3A%2F%2Fgithub.com%2Fiberikakodi%2FIberika%2Fblob%2Fmaster%2Fimagenes%2Fmenu%2FTv%2520esp%2520estable%25201.jpg%3Fraw%26meta%3Dvotes%253D0%2526label%253D%25255BCOLOR%252Bwhite%25255D%25255BB%25255DSyfy%25255B%25252FB%25255D%25255B%25252FCOLOR%25255D%2526title%253D%25255BCOLOR%252Bwhite%25255D%25255BB%25255DSyfy%25255B%25252FB%25255D%25255B%25252FCOLOR%25255D%26winID%3D10025%26_options_sf&quot;)</favourite>
	<favourite name="Fox Life" thumb="https://i.postimg.cc/yNtK3jLp/ico_f_foxlife.png">PlayMedia(&quot;plugin://plugin.video.IberiKa/?url=https%3A%24doregex%5BGetPageUrl%5D%7CUser-Agent%3DMozilla%2F5.0+%28Android+7.0%3B+Tablet%3B+rv%3A58.0.2%29+Gecko%2F58.0.2+Firefox%2F58.0.2&amp;mode=17&amp;regexs=%7Bu%27GetPageUrl%27%3A%20%7B%27x-req%27%3A%20u%27XMLHttpRequest%27%2C%20%27cookiejar%27%3A%20%27%27%2C%20%27name%27%3A%20u%27GetPageUrl%27%2C%20%27accept%27%3A%20u%27%2A/%2A%27%2C%20%27connection%27%3A%20u%27keep-alive%27%2C%20%27expres%27%3A%20u%22source%3A%20%27%28.%2A%3F%29%27%22%2C%20%27referer%27%3A%20u%27http%3A//vergol.com/%27%2C%20%27page%27%3A%20u%27https%3A//vergol.com/canales996/live/foxlife.php%27%2C%20%27rawpost%27%3A%20u%27manzana66%3D12345%27%7D%7D&amp;iconimage=https%3A%2F%2Fs03.s3c.es%2Fimag%2F_v0%2F640x300%2F2%2F5%2Fb%2Ffox-life.jpg&amp;sf_options=fanart%3Dhttps%3A%2F%2Fgithub.com%2Fiberikakodi%2FIberika%2Fblob%2Fmaster%2Fimagenes%2Fmenu%2FTv%2520esp%2520estable%25201.jpg%3Fraw%26meta%3Dvotes%253D0%2526label%253D%25255BCOLOR%252Bwhite%25255D%25255BB%25255DFox%252BLife%25255B%25252FB%25255D%25255B%25252FCOLOR%25255D%2526title%253D%25255BCOLOR%252Bwhite%25255D%25255BB%25255DFox%252BLife%25255B%25252FB%25255D%25255B%25252FCOLOR%25255D%26winID%3D10025%26_options_sf&quot;)</favourite>
	<favourite name="TMC" thumb="https://i.postimg.cc/CMfG8Kxc/ico_f_tcm.png">PlayMedia(&quot;plugin://plugin.video.IberiKa/?url=https%3A%24doregex%5BGetPageUrl%5D%7CUser-Agent%3DMozilla%2F5.0+%28Android+7.0%3B+Tablet%3B+rv%3A58.0.2%29+Gecko%2F58.0.2+Firefox%2F58.0.2&amp;mode=17&amp;regexs=%7Bu%27GetPageUrl%27%3A%20%7B%27x-req%27%3A%20u%27XMLHttpRequest%27%2C%20%27cookiejar%27%3A%20%27%27%2C%20%27name%27%3A%20u%27GetPageUrl%27%2C%20%27accept%27%3A%20u%27%2A/%2A%27%2C%20%27connection%27%3A%20u%27keep-alive%27%2C%20%27expres%27%3A%20u%22source%3A%20%27%28.%2A%3F%29%27%22%2C%20%27referer%27%3A%20u%27http%3A//vergol.com/%27%2C%20%27page%27%3A%20u%27https%3A//vergol.com/canales996/live/tcm.php%27%2C%20%27rawpost%27%3A%20u%27manzana66%3D12345%27%7D%7D&amp;iconimage=https%3A%2F%2Flostmediawiki.com%2Fimages%2F4%2F47%2FTmc_logo.png&amp;sf_options=fanart%3Dhttps%3A%2F%2Fgithub.com%2Fiberikakodi%2FIberika%2Fblob%2Fmaster%2Fimagenes%2Fmenu%2FTv%2520esp%2520estable%25201.jpg%3Fraw%26meta%3Dvotes%253D0%2526label%253D%25255BCOLOR%252Bwhite%25255D%25255BB%25255DTMC%25255B%25252FB%25255D%25255B%25252FCOLOR%25255D%2526title%253D%25255BCOLOR%252Bwhite%25255D%25255BB%25255DTMC%25255B%25252FB%25255D%25255B%25252FCOLOR%25255D%26winID%3D10025%26_options_sf&quot;)</favourite>
	<favourite name="Dark" thumb="https://i.postimg.cc/KzW2LNQs/ico-f-dark.png">PlayMedia(&quot;plugin://plugin.video.IberiKa/?url=https%3A%24doregex%5BGetPageUrl%5D%7CUser-Agent%3DMozilla%2F5.0+%28Android+7.0%3B+Tablet%3B+rv%3A58.0.2%29+Gecko%2F58.0.2+Firefox%2F58.0.2&amp;mode=17&amp;regexs=%7Bu%27GetPageUrl%27%3A%20%7B%27x-req%27%3A%20u%27XMLHttpRequest%27%2C%20%27cookiejar%27%3A%20%27%27%2C%20%27name%27%3A%20u%27GetPageUrl%27%2C%20%27accept%27%3A%20u%27%2A/%2A%27%2C%20%27connection%27%3A%20u%27keep-alive%27%2C%20%27expres%27%3A%20u%22source%3A%20%27%28.%2A%3F%29%27%22%2C%20%27referer%27%3A%20u%27http%3A//vergol.com/%27%2C%20%27page%27%3A%20u%27https%3A//vergol.com/canales996/live1/dark.php%27%2C%20%27rawpost%27%3A%20u%27manzana66%3D12345%27%7D%7D&amp;iconimage=http%3A%2F%2Fwww.vertelevisor.com%2Fimagenes%2Fdark.jpg&amp;sf_options=fanart%3Dhttps%3A%2F%2Fgithub.com%2Fiberikakodi%2FIberika%2Fblob%2Fmaster%2Fimagenes%2Fmenu%2FTv%2520esp%2520estable%25201.jpg%3Fraw%26meta%3Dvotes%253D0%2526label%253D%25255BCOLOR%252Bwhite%25255D%25255BB%25255DDark%25255B%25252FB%25255D%25255B%25252FCOLOR%25255D%2526title%253D%25255BCOLOR%252Bwhite%25255D%25255BB%25255DDark%25255B%25252FB%25255D%25255B%25252FCOLOR%25255D%26winID%3D10025%26_options_sf&quot;)</favourite>
	
	<favourite name="M+ Vamos" thumb="https://i.postimg.cc/DZp9PZ5w/ico_f_m__vamos.png">PlayMedia(&quot;plugin://plugin.video.IberiKa/?url=https%3A%24doregex%5BGetPageUrl%5D%7CUser-Agent%3DMozilla%2F5.0+%28Android+7.0%3B+Tablet%3B+rv%3A58.0.2%29+Gecko%2F58.0.2+Firefox%2F58.0.2&amp;mode=17&amp;regexs=%7Bu%27GetPageUrl%27%3A%20%7B%27x-req%27%3A%20u%27XMLHttpRequest%27%2C%20%27cookiejar%27%3A%20%27%27%2C%20%27name%27%3A%20u%27GetPageUrl%27%2C%20%27accept%27%3A%20u%27%2A/%2A%27%2C%20%27connection%27%3A%20u%27keep-alive%27%2C%20%27expres%27%3A%20u%22source%3A%20%27%28.%2A%3F%29%27%22%2C%20%27referer%27%3A%20u%27http%3A//vergol.com/%27%2C%20%27page%27%3A%20u%27https%3A//vergol.com/canales996/live1/vamos.php%27%2C%20%27rawpost%27%3A%20u%27manzana66%3D12345%27%7D%7D&amp;iconimage=https%3A%2F%2Fwww.mundoplus.tv%2Fimg%2F088daa3c6387bc664c67fe465f1b902b&amp;sf_options=fanart%3Dhttps%3A%2F%2Fgithub.com%2Fiberikakodi%2FIberika%2Fblob%2Fmaster%2Fimagenes%2Fmenu%2FTv%2520esp%2520estable%25201.jpg%3Fraw%26meta%3Dvotes%253D0%2526label%253D%25255BCOLOR%252Bwhite%25255D%25255BB%25255DMovistar%252BVamos%25255B%25252FB%25255D%25255B%25252FCOLOR%25255D%2526title%253D%25255BCOLOR%252Bwhite%25255D%25255BB%25255DMovistar%252BVamos%25255B%25252FB%25255D%25255B%25252FCOLOR%25255D%26winID%3D10025%26_options_sf&quot;)</favourite>
	<favourite name="M+ LaLiga" thumb="https://i.postimg.cc/cLbtyghr/ico_f_m_laliga.png">PlayMedia(&quot;plugin://plugin.video.IberiKa/?url=https%3A%24doregex%5BGetPageUrl%5D%7CUser-Agent%3DMozilla%2F5.0+%28Android+7.0%3B+Tablet%3B+rv%3A58.0.2%29+Gecko%2F58.0.2+Firefox%2F58.0.2&amp;mode=17&amp;regexs=%7Bu%27GetPageUrl%27%3A%20%7B%27x-req%27%3A%20u%27XMLHttpRequest%27%2C%20%27cookiejar%27%3A%20%27%27%2C%20%27name%27%3A%20u%27GetPageUrl%27%2C%20%27accept%27%3A%20u%27%2A/%2A%27%2C%20%27connection%27%3A%20u%27keep-alive%27%2C%20%27expres%27%3A%20u%22source%3A%20%27%28.%2A%3F%29%27%22%2C%20%27referer%27%3A%20u%27http%3A//vergol.com/%27%2C%20%27page%27%3A%20u%27https%3A//vergol.com/canales996/live3/verliga.php%27%2C%20%27rawpost%27%3A%20u%27manzana66%3D12345%27%7D%7D&amp;iconimage=https%3A%2F%2Feastwind.es%2Fmarketing%2Fwp-content%2Fuploads%2Fsites%2F2%2Fbfi_thumb%2FMeidapro_BeinSports_BeinLaLiga_cabecera-1tlg7s3rwbcyeerg6wzcz2kohweem6jzjvao1hxlx1gc.jpg&amp;sf_options=fanart%3Dhttps%3A%2F%2Fgithub.com%2Fiberikakodi%2FIberika%2Fblob%2Fmaster%2Fimagenes%2Fmenu%2FTv%2520esp%2520estable%25201.jpg%3Fraw%26meta%3Dvotes%253D0%2526label%253D%25255BCOLOR%252Bwhite%25255D%25255BB%25255DBein%252Bla%252BLiga%25255B%25252FB%25255D%25255B%25252FCOLOR%25255D%2526title%253D%25255BCOLOR%252Bwhite%25255D%25255BB%25255DBein%252Bla%252BLiga%25255B%25252FB%25255D%25255B%25252FCOLOR%25255D%26winID%3D10025%26_options_sf&quot;)</favourite>
	<favourite name="M+ Liga de Campeones" thumb="https://i.postimg.cc/CLsfCnTs/ico-f-liga-campeones.png">PlayMedia(&quot;plugin://plugin.video.IberiKa/?url=https%3A%24doregex%5BGetPageUrl%5D%7CUser-Agent%3DMozilla%2F5.0+%28Android+7.0%3B+Tablet%3B+rv%3A58.0.2%29+Gecko%2F58.0.2+Firefox%2F58.0.2&amp;mode=17&amp;regexs=%7Bu%27GetPageUrl%27%3A%20%7B%27x-req%27%3A%20u%27XMLHttpRequest%27%2C%20%27cookiejar%27%3A%20%27%27%2C%20%27name%27%3A%20u%27GetPageUrl%27%2C%20%27accept%27%3A%20u%27%2A/%2A%27%2C%20%27connection%27%3A%20u%27keep-alive%27%2C%20%27expres%27%3A%20u%22source%3A%20%27%28.%2A%3F%29%27%22%2C%20%27referer%27%3A%20u%27http%3A//vergol.com/%27%2C%20%27page%27%3A%20u%27https%3A//vergol.com/canales996/live3/campeones.php%27%2C%20%27rawpost%27%3A%20u%27manzana66%3D12345%27%7D%7D&amp;iconimage=https%3A%2F%2Fwww.audiovisual451.com%2Fwp-content%2Fuploads%2FMovistar-Liga-de-Campeones.jpg&amp;sf_options=fanart%3Dhttps%3A%2F%2Fgithub.com%2Fiberikakodi%2FIberika%2Fblob%2Fmaster%2Fimagenes%2Fmenu%2FTv%2520esp%2520estable%25201.jpg%3Fraw%26meta%3Dvotes%253D0%2526label%253D%25255BCOLOR%252Bwhite%25255D%25255BB%25255DLiga%252Bde%252Bcampeones%25255B%25252FB%25255D%25255B%25252FCOLOR%25255D%2526title%253D%25255BCOLOR%252Bwhite%25255D%25255BB%25255DLiga%252Bde%252Bcampeones%25255B%25252FB%25255D%25255B%25252FCOLOR%25255D%26winID%3D10025%26_options_sf&quot;)</favourite>
	<favourite name="Formula 1" thumb="https://i.postimg.cc/QdzwftcH/ico_f_m_formula1.png">PlayMedia(&quot;plugin://plugin.video.IberiKa/?url=https%3A%24doregex%5BGetPageUrl%5D%7CUser-Agent%3DMozilla%2F5.0+%28Android+7.0%3B+Tablet%3B+rv%3A58.0.2%29+Gecko%2F58.0.2+Firefox%2F58.0.2&amp;mode=17&amp;regexs=%7Bu%27GetPageUrl%27%3A%20%7B%27x-req%27%3A%20u%27XMLHttpRequest%27%2C%20%27cookiejar%27%3A%20%27%27%2C%20%27name%27%3A%20u%27GetPageUrl%27%2C%20%27accept%27%3A%20u%27%2A/%2A%27%2C%20%27connection%27%3A%20u%27keep-alive%27%2C%20%27expres%27%3A%20u%22source%3A%20%27%28.%2A%3F%29%27%22%2C%20%27referer%27%3A%20u%27http%3A//vergol.com/%27%2C%20%27page%27%3A%20u%27https%3A//telerium.tv/embed/28488.html%27%2C%20%27rawpost%27%3A%20u%27manzana66%3D12345%27%7D%7D&amp;iconimage=https%3A%2F%2Fpbs.twimg.com%2Fprofile_images%2F841657248896151552%2FCFQkVWxP_400x400.jpg&amp;sf_options=fanart%3Dhttps%3A%2F%2Fgithub.com%2Fiberikakodi%2FIberika%2Fblob%2Fmaster%2Fimagenes%2Fmenu%2FTv%2520esp%2520estable%25201.jpg%3Fraw%26meta%3Dvotes%253D0%2526label%253D%25255BCOLOR%252Bwhite%25255D%25255BB%25255DFormula1%25255B%25252FB%25255D%25255B%25252FCOLOR%25255D%2526title%253D%25255BCOLOR%252Bwhite%25255D%25255BB%25255DFormula1%25255B%25252FB%25255D%25255B%25252FCOLOR%25255D%26winID%3D10025%26_options_sf&quot;)</favourite>
	<favourite name="M+ Deportes" thumb="https://i.postimg.cc/VkWgqS3C/ico_f_m_deportes.png">PlayMedia(&quot;plugin://plugin.video.IberiKa/?url=https%3A%24doregex%5BGetPageUrl%5D%7CUser-Agent%3DMozilla%2F5.0+%28Android+7.0%3B+Tablet%3B+rv%3A58.0.2%29+Gecko%2F58.0.2+Firefox%2F58.0.2&amp;mode=17&amp;regexs=%7Bu%27GetPageUrl%27%3A%20%7B%27x-req%27%3A%20u%27XMLHttpRequest%27%2C%20%27cookiejar%27%3A%20%27%27%2C%20%27name%27%3A%20u%27GetPageUrl%27%2C%20%27accept%27%3A%20u%27%2A/%2A%27%2C%20%27connection%27%3A%20u%27keep-alive%27%2C%20%27expres%27%3A%20u%22source%3A%20%27%28.%2A%3F%29%27%22%2C%20%27referer%27%3A%20u%27http%3A//vergol.com/%27%2C%20%27page%27%3A%20u%27https%3A//vergol.com/canales996/live1/plusdeportes.php%27%2C%20%27rawpost%27%3A%20u%27manzana66%3D12345%27%7D%7D&amp;iconimage=http%3A%2F%2Fwww.movistarplus.es%2Frecorte%2Fn%2Fcaratula1%2FM271668V1586414&amp;sf_options=fanart%3Dhttps%3A%2F%2Fgithub.com%2Fiberikakodi%2FIberika%2Fblob%2Fmaster%2Fimagenes%2Fmenu%2FTv%2520esp%2520estable%25201.jpg%3Fraw%26meta%3Dvotes%253D0%2526label%253D%25255BCOLOR%252Bwhite%25255D%25255BB%25255DMovistar%252BDeportes%25255B%25252FB%25255D%25255B%25252FCOLOR%25255D%2526title%253D%25255BCOLOR%252Bwhite%25255D%25255BB%25255DMovistar%252BDeportes%25255B%25252FB%25255D%25255B%25252FCOLOR%25255D%26winID%3D10025%26_options_sf&quot;)</favourite>
	<favourite name="M+ Golf" thumb="https://i.postimg.cc/15JLNMt0/ico-f-m-golf.png">PlayMedia(&quot;plugin://plugin.video.IberiKa/?url=https%3A%24doregex%5BGetPageUrl%5D%7CUser-Agent%3DMozilla%2F5.0+%28Android+7.0%3B+Tablet%3B+rv%3A58.0.2%29+Gecko%2F58.0.2+Firefox%2F58.0.2&amp;mode=17&amp;regexs=%7Bu%27GetPageUrl%27%3A%20%7B%27x-req%27%3A%20u%27XMLHttpRequest%27%2C%20%27cookiejar%27%3A%20%27%27%2C%20%27name%27%3A%20u%27GetPageUrl%27%2C%20%27accept%27%3A%20u%27%2A/%2A%27%2C%20%27connection%27%3A%20u%27keep-alive%27%2C%20%27expres%27%3A%20u%22source%3A%20%27%28.%2A%3F%29%27%22%2C%20%27referer%27%3A%20u%27http%3A//vergol.com/%27%2C%20%27page%27%3A%20u%27https%3A//vergol.com/canales996/live1/golf.php%27%2C%20%27rawpost%27%3A%20u%27manzana66%3D12345%27%7D%7D&amp;iconimage=http%3A%2F%2Fwww.movistarplus.es%2Frecorte%2Fn%2Fcaratula1%2FM271125V1514518&amp;sf_options=fanart%3Dhttps%3A%2F%2Fgithub.com%2Fiberikakodi%2FIberika%2Fblob%2Fmaster%2Fimagenes%2Fmenu%2FTv%2520esp%2520estable%25201.jpg%3Fraw%26meta%3Dvotes%253D0%2526label%253D%25255BCOLOR%252Bwhite%25255D%25255BB%25255DMovistar%252BGolf%25255B%25252FB%25255D%25255B%25252FCOLOR%25255D%2526title%253D%25255BCOLOR%252Bwhite%25255D%25255BB%25255DMovistar%252BGolf%25255B%25252FB%25255D%25255B%25252FCOLOR%25255D%26winID%3D10025%26_options_sf&quot;)</favourite>
	<favourite name="Eurosport 1" thumb="https://i.postimg.cc/h49nh9TM/ico_f_eurosport1.png">PlayMedia(&quot;plugin://plugin.video.IberiKa/?url=https%3A%24doregex%5BGetPageUrl%5D%7CUser-Agent%3DMozilla%2F5.0+%28Android+7.0%3B+Tablet%3B+rv%3A58.0.2%29+Gecko%2F58.0.2+Firefox%2F58.0.2&amp;mode=17&amp;regexs=%7Bu%27GetPageUrl%27%3A%20%7B%27x-req%27%3A%20u%27XMLHttpRequest%27%2C%20%27cookiejar%27%3A%20%27%27%2C%20%27name%27%3A%20u%27GetPageUrl%27%2C%20%27accept%27%3A%20u%27%2A/%2A%27%2C%20%27connection%27%3A%20u%27keep-alive%27%2C%20%27expres%27%3A%20u%22source%3A%20%27%28.%2A%3F%29%27%22%2C%20%27referer%27%3A%20u%27http%3A//vergol.com/%27%2C%20%27page%27%3A%20u%27https%3A//vergol.com/canales996/live1/eurosport.php%27%2C%20%27rawpost%27%3A%20u%27manzana66%3D12345%27%7D%7D&amp;iconimage=https%3A%2F%2Fwww.lawebdeltenis.net%2Fwp-content%2Fuploads%2F2015%2F08%2Feurosport_logo.jpg&amp;sf_options=fanart%3Dhttps%3A%2F%2Fgithub.com%2Fiberikakodi%2FIberika%2Fblob%2Fmaster%2Fimagenes%2Fmenu%2FTv%2520esp%2520estable%25201.jpg%3Fraw%26meta%3Dvotes%253D0%2526label%253D%25255BCOLOR%252Bwhite%25255D%25255BB%25255DEurosport%25255B%25252FB%25255D%25255B%25252FCOLOR%25255D%2526title%253D%25255BCOLOR%252Bwhite%25255D%25255BB%25255DEurosport%25255B%25252FB%25255D%25255B%25252FCOLOR%25255D%26winID%3D10025%26_options_sf&quot;)</favourite>
	<favourite name="Eurosport 2" thumb="https://i.postimg.cc/5yMMn0dw/ico-f-eurosport2.png">PlayMedia(&quot;plugin://plugin.video.IberiKa/?url=https%3A%24doregex%5BGetPageUrl%5D%7CUser-Agent%3DMozilla%2F5.0+%28Android+7.0%3B+Tablet%3B+rv%3A58.0.2%29+Gecko%2F58.0.2+Firefox%2F58.0.2&amp;mode=17&amp;regexs=%7Bu%27GetPageUrl%27%3A%20%7B%27x-req%27%3A%20u%27XMLHttpRequest%27%2C%20%27cookiejar%27%3A%20%27%27%2C%20%27name%27%3A%20u%27GetPageUrl%27%2C%20%27accept%27%3A%20u%27%2A/%2A%27%2C%20%27connection%27%3A%20u%27keep-alive%27%2C%20%27expres%27%3A%20u%22source%3A%20%27%28.%2A%3F%29%27%22%2C%20%27referer%27%3A%20u%27http%3A//vergol.com/%27%2C%20%27page%27%3A%20u%27https%3A//vergol.com/canales996/live1/eurosport2.php%27%2C%20%27rawpost%27%3A%20u%27manzana66%3D12345%27%7D%7D&amp;iconimage=http%3A%2F%2Fvertelevisor.com%2Flogos%2Feurosport2hd.jpg&amp;sf_options=fanart%3Dhttps%3A%2F%2Fgithub.com%2Fiberikakodi%2FIberika%2Fblob%2Fmaster%2Fimagenes%2Fmenu%2FTv%2520esp%2520estable%25201.jpg%3Fraw%26meta%3Dvotes%253D0%2526label%253D%25255BCOLOR%252Bwhite%25255D%25255BB%25255DEurosport%252B2%25255B%25252FB%25255D%25255B%25252FCOLOR%25255D%2526title%253D%25255BCOLOR%252Bwhite%25255D%25255BB%25255DEurosport%252B2%25255B%25252FB%25255D%25255B%25252FCOLOR%25255D%26winID%3D10025%26_options_sf&quot;)</favourite>
	<favourite name="Barça TV" thumb="https://i.postimg.cc/3J4wLyvv/ico-f-barcelona-tv.png">PlayMedia(&quot;plugin://plugin.video.IberiKa/?url=https%3A%24doregex%5BGetPageUrl%5D%7CUser-Agent%3DMozilla%2F5.0+%28Android+7.0%3B+Tablet%3B+rv%3A58.0.2%29+Gecko%2F58.0.2+Firefox%2F58.0.2&amp;mode=17&amp;regexs=%7Bu%27GetPageUrl%27%3A%20%7B%27x-req%27%3A%20u%27XMLHttpRequest%27%2C%20%27cookiejar%27%3A%20%27%27%2C%20%27name%27%3A%20u%27GetPageUrl%27%2C%20%27accept%27%3A%20u%27%2A/%2A%27%2C%20%27connection%27%3A%20u%27keep-alive%27%2C%20%27expres%27%3A%20u%22source%3A%20%27%28.%2A%3F%29%27%22%2C%20%27referer%27%3A%20u%27http%3A//vergol.com/%27%2C%20%27page%27%3A%20u%27https%3A//vergol.com/canales996/live1/barca.php%27%2C%20%27rawpost%27%3A%20u%27manzana66%3D12345%27%7D%7D&amp;iconimage=https%3A%2F%2Fartwork.espncdn.com%2Fmedia%2F073fb04a-ee84-440e-8900-ea9e45003cbc%2F16x9%2Foriginal_201901161650.png&amp;sf_options=fanart%3Dhttps%3A%2F%2Fgithub.com%2Fiberikakodi%2FIberika%2Fblob%2Fmaster%2Fimagenes%2Fmenu%2FTv%2520esp%2520estable%25201.jpg%3Fraw%26meta%3Dvotes%253D0%2526label%253D%25255BCOLOR%252Bwhite%25255D%25255BB%25255DBarcelona%252BTv%25255B%25252FB%25255D%25255B%25252FCOLOR%25255D%2526title%253D%25255BCOLOR%252Bwhite%25255D%25255BB%25255DBarcelona%252BTv%25255B%25252FB%25255D%25255B%25252FCOLOR%25255D%26winID%3D10025%26_options_sf&quot;)</favourite>
	<favourite name="Gol Tv" thumb="https://i.postimg.cc/rwhMMMxk/ico_f_gol.png">PlayMedia(&quot;plugin://plugin.video.IberiKa/?url=https%3A%24doregex%5BGetPageUrl%5D%7CUser-Agent%3DMozilla%2F5.0+%28Android+7.0%3B+Tablet%3B+rv%3A58.0.2%29+Gecko%2F58.0.2+Firefox%2F58.0.2&amp;mode=17&amp;regexs=%7Bu%27GetPageUrl%27%3A%20%7B%27x-req%27%3A%20u%27XMLHttpRequest%27%2C%20%27cookiejar%27%3A%20%27%27%2C%20%27name%27%3A%20u%27GetPageUrl%27%2C%20%27accept%27%3A%20u%27%2A/%2A%27%2C%20%27connection%27%3A%20u%27keep-alive%27%2C%20%27expres%27%3A%20u%22source%3A%20%27%28.%2A%3F%29%27%22%2C%20%27referer%27%3A%20u%27http%3A//vergol.com/%27%2C%20%27page%27%3A%20u%27https%3A//vergol.com/canales996/live1/goltv.php%27%2C%20%27rawpost%27%3A%20u%27manzana66%3D12345%27%7D%7D&amp;iconimage=http%3A%2F%2Fstatic.goltelevision.com%2Fuploads%2Fgol%2Fweb%2Fimg%2Fog-image.jpg&amp;sf_options=fanart%3Dhttps%3A%2F%2Fgithub.com%2Fiberikakodi%2FIberika%2Fblob%2Fmaster%2Fimagenes%2Fmenu%2FTv%2520esp%2520estable%25201.jpg%3Fraw%26meta%3Dvotes%253D0%2526label%253D%25255BCOLOR%252Bwhite%25255D%25255BB%25255DGol%252BTv%25255B%25252FB%25255D%25255B%25252FCOLOR%25255D%2526title%253D%25255BCOLOR%252Bwhite%25255D%25255BB%25255DGol%252BTv%25255B%25252FB%25255D%25255B%25252FCOLOR%25255D%26winID%3D10025%26_options_sf&quot;)</favourite>
	<favourite name="Teledeporte" thumb="https://i.postimg.cc/kXQWjh88/ico_f_tdp.png">PlayMedia(&quot;plugin://plugin.video.IberiKa/?url=https%3A%24doregex%5BGetPageUrl%5D%7CUser-Agent%3DMozilla%2F5.0+%28Android+7.0%3B+Tablet%3B+rv%3A58.0.2%29+Gecko%2F58.0.2+Firefox%2F58.0.2&amp;mode=17&amp;regexs=%7Bu%27GetPageUrl%27%3A%20%7B%27x-req%27%3A%20u%27XMLHttpRequest%27%2C%20%27cookiejar%27%3A%20%27%27%2C%20%27name%27%3A%20u%27GetPageUrl%27%2C%20%27accept%27%3A%20u%27%2A/%2A%27%2C%20%27connection%27%3A%20u%27keep-alive%27%2C%20%27expres%27%3A%20u%22source%3A%20%27%28.%2A%3F%29%27%22%2C%20%27referer%27%3A%20u%27http%3A//vergol.com/%27%2C%20%27page%27%3A%20u%27https%3A//vergol.com/canales996/live1/teledeporte.php%27%2C%20%27rawpost%27%3A%20u%27manzana66%3D12345%27%7D%7D&amp;iconimage=https%3A%2F%2Fupload.wikimedia.org%2Fwikipedia%2Fcommons%2F8%2F86%2FTdp_HD.png&amp;sf_options=fanart%3Dhttps%3A%2F%2Fgithub.com%2Fiberikakodi%2FIberika%2Fblob%2Fmaster%2Fimagenes%2Fmenu%2FTv%2520esp%2520estable%25201.jpg%3Fraw%26meta%3Dvotes%253D0%2526label%253D%25255BCOLOR%252Bwhite%25255D%25255BB%25255DTeledeporte%25255B%25252FB%25255D%25255B%25252FCOLOR%25255D%2526title%253D%25255BCOLOR%252Bwhite%25255D%25255BB%25255DTeledeporte%25255B%25252FB%25255D%25255B%25252FCOLOR%25255D%26winID%3D10025%26_options_sf&quot;)</favourite>
	
	<favourite name="Canal Cocina" thumb="https://i.postimg.cc/59ZHWq13/ico_f_cocina.png">PlayMedia(&quot;plugin://plugin.video.IberiKa/?url=https%3A%24doregex%5BGetPageUrl%5D%7CUser-Agent%3DMozilla%2F5.0+%28Android+7.0%3B+Tablet%3B+rv%3A58.0.2%29+Gecko%2F58.0.2+Firefox%2F58.0.2&amp;mode=17&amp;regexs=%7Bu%27GetPageUrl%27%3A%20%7B%27x-req%27%3A%20u%27XMLHttpRequest%27%2C%20%27cookiejar%27%3A%20%27%27%2C%20%27name%27%3A%20u%27GetPageUrl%27%2C%20%27accept%27%3A%20u%27%2A/%2A%27%2C%20%27connection%27%3A%20u%27keep-alive%27%2C%20%27expres%27%3A%20u%22source%3A%20%27%28.%2A%3F%29%27%22%2C%20%27referer%27%3A%20u%27http%3A//vergol.com/%27%2C%20%27page%27%3A%20u%27https%3A//vergol.com/canales996/live/cocina.php%27%2C%20%27rawpost%27%3A%20u%27manzana66%3D12345%27%7D%7D&amp;iconimage=https%3A%2F%2Fis1-ssl.mzstatic.com%2Fimage%2Fthumb%2FPurple49%2Fv4%2F36%2F26%2F4c%2F36264cd7-d22e-8149-e770-c2594d584d1f%2Fmzl.enmpulxz.png%2F246x0w.jpg&amp;sf_options=fanart%3Dhttps%3A%2F%2Fgithub.com%2Fiberikakodi%2FIberika%2Fblob%2Fmaster%2Fimagenes%2Fmenu%2FTv%2520esp%2520estable%25201.jpg%3Fraw%26meta%3Dvotes%253D0%2526label%253D%25255BCOLOR%252Bwhite%25255D%25255BB%25255DCanal%252BCocina%25255B%25252FB%25255D%25255B%25252FCOLOR%25255D%2526title%253D%25255BCOLOR%252Bwhite%25255D%25255BB%25255DCanal%252BCocina%25255B%25252FB%25255D%25255B%25252FCOLOR%25255D%26winID%3D10025%26_options_sf&quot;)</favourite>
	<favourite name="National Geographic" thumb="https://i.postimg.cc/Y904MdhX/ico_f_natgeo.png">PlayMedia(&quot;plugin://plugin.video.IberiKa/?url=https%3A%24doregex%5BGetPageUrl%5D%7CUser-Agent%3DMozilla%2F5.0+%28Android+7.0%3B+Tablet%3B+rv%3A58.0.2%29+Gecko%2F58.0.2+Firefox%2F58.0.2&amp;mode=17&amp;regexs=%7Bu%27GetPageUrl%27%3A%20%7B%27x-req%27%3A%20u%27XMLHttpRequest%27%2C%20%27cookiejar%27%3A%20%27%27%2C%20%27name%27%3A%20u%27GetPageUrl%27%2C%20%27accept%27%3A%20u%27%2A/%2A%27%2C%20%27connection%27%3A%20u%27keep-alive%27%2C%20%27expres%27%3A%20u%22source%3A%20%27%28.%2A%3F%29%27%22%2C%20%27referer%27%3A%20u%27http%3A//vergol.com/%27%2C%20%27page%27%3A%20u%27https%3A//vergol.com/canales996/live/nationalgeo.php%27%2C%20%27rawpost%27%3A%20u%27manzana66%3D12345%27%7D%7D&amp;iconimage=https%3A%2F%2Fpmcdeadline2.files.wordpress.com%2F2018%2F01%2Fnational-geographic-channel-logo-featured.jpg%3Fw%3D446%26h%3B%3D299%26crop%3B%3D1&amp;sf_options=fanart%3Dhttps%3A%2F%2Fgithub.com%2Fiberikakodi%2FIberika%2Fblob%2Fmaster%2Fimagenes%2Fmenu%2FTv%2520esp%2520estable%25201.jpg%3Fraw%26meta%3Dvotes%253D0%2526label%253D%25255BCOLOR%252Bwhite%25255D%25255BB%25255DNational%252BGeographic%25255B%25252FB%25255D%25255B%25252FCOLOR%25255D%2526title%253D%25255BCOLOR%252Bwhite%25255D%25255BB%25255DNational%252BGeographic%25255B%25252FB%25255D%25255B%25252FCOLOR%25255D%26winID%3D10025%26_options_sf&quot;)</favourite>
	<favourite name="NatGeo Wild" thumb="https://i.postimg.cc/TPRLHdGv/ico_f_natgeo_wild.png">PlayMedia(&quot;plugin://plugin.video.IberiKa/?url=https%3A%24doregex%5BGetPageUrl%5D%7CUser-Agent%3DMozilla%2F5.0+%28Android+7.0%3B+Tablet%3B+rv%3A58.0.2%29+Gecko%2F58.0.2+Firefox%2F58.0.2&amp;mode=17&amp;regexs=%7Bu%27GetPageUrl%27%3A%20%7B%27x-req%27%3A%20u%27XMLHttpRequest%27%2C%20%27cookiejar%27%3A%20%27%27%2C%20%27name%27%3A%20u%27GetPageUrl%27%2C%20%27accept%27%3A%20u%27%2A/%2A%27%2C%20%27connection%27%3A%20u%27keep-alive%27%2C%20%27expres%27%3A%20u%22source%3A%20%27%28.%2A%3F%29%27%22%2C%20%27referer%27%3A%20u%27http%3A//vergol.com/%27%2C%20%27page%27%3A%20u%27https%3A//vergol.com/canales996/live/nationalwild.php%27%2C%20%27rawpost%27%3A%20u%27manzana66%3D12345%27%7D%7D&amp;iconimage=http%3A%2F%2F3.bp.blogspot.com%2F-XXcwS62HRI4%2FTxpJEuC8rAI%2FAAAAAAAAApA%2Fnr9mJTCV3kQ%2Fs1600%2Fnatgeo%252Bwild%252Blogo.jpg&amp;sf_options=fanart%3Dhttps%3A%2F%2Fgithub.com%2Fiberikakodi%2FIberika%2Fblob%2Fmaster%2Fimagenes%2Fmenu%2FTv%2520esp%2520estable%25201.jpg%3Fraw%26meta%3Dvotes%253D0%2526label%253D%25255BCOLOR%252Bwhite%25255D%25255BB%25255DNational%252BGeographic%252BWild%25255B%25252FB%25255D%25255B%25252FCOLOR%25255D%2526title%253D%25255BCOLOR%252Bwhite%25255D%25255BB%25255DNational%252BGeographic%252BWild%25255B%25252FB%25255D%25255B%25252FCOLOR%25255D%26winID%3D10025%26_options_sf&quot;)</favourite>
	<favourite name="Historia" thumb="https://i.postimg.cc/jSqtpLWc/ico_f_historia.png">PlayMedia(&quot;plugin://plugin.video.IberiKa/?url=https%3A%24doregex%5BGetPageUrl%5D%7CUser-Agent%3DMozilla%2F5.0+%28Android+7.0%3B+Tablet%3B+rv%3A58.0.2%29+Gecko%2F58.0.2+Firefox%2F58.0.2&amp;mode=17&amp;regexs=%7Bu%27GetPageUrl%27%3A%20%7B%27x-req%27%3A%20u%27XMLHttpRequest%27%2C%20%27cookiejar%27%3A%20%27%27%2C%20%27name%27%3A%20u%27GetPageUrl%27%2C%20%27accept%27%3A%20u%27%2A/%2A%27%2C%20%27connection%27%3A%20u%27keep-alive%27%2C%20%27expres%27%3A%20u%22source%3A%20%27%28.%2A%3F%29%27%22%2C%20%27referer%27%3A%20u%27http%3A//vergol.com/%27%2C%20%27page%27%3A%20u%27https%3A//vergol.com/canales996/live/historia.php%27%2C%20%27rawpost%27%3A%20u%27manzana66%3D12345%27%7D%7D&amp;iconimage=https%3A%2F%2Fassets2.domestika.org%2Fproject-items%2F001%2F765%2F042%2FHistory_Logo_2015_4C_Black_type_CAST-big.jpg%3F1478510284&amp;sf_options=fanart%3Dhttps%3A%2F%2Fgithub.com%2Fiberikakodi%2FIberika%2Fblob%2Fmaster%2Fimagenes%2Fmenu%2FTv%2520esp%2520estable%25201.jpg%3Fraw%26meta%3Dvotes%253D0%2526label%253D%25255BCOLOR%252Bwhite%25255D%25255BB%25255DHistoria%25255B%25252FB%25255D%25255B%25252FCOLOR%25255D%2526title%253D%25255BCOLOR%252Bwhite%25255D%25255BB%25255DHistoria%25255B%25252FB%25255D%25255B%25252FCOLOR%25255D%26winID%3D10025%26_options_sf&quot;)</favourite>
	<favourite name="Discovery Channel" thumb="https://i.postimg.cc/jSNTgRpd/ico_f_discovery_2019.png">PlayMedia(&quot;plugin://plugin.video.IberiKa/?url=https%3A%24doregex%5BGetPageUrl%5D%7CUser-Agent%3DMozilla%2F5.0+%28Android+7.0%3B+Tablet%3B+rv%3A58.0.2%29+Gecko%2F58.0.2+Firefox%2F58.0.2&amp;mode=17&amp;regexs=%7Bu%27GetPageUrl%27%3A%20%7B%27x-req%27%3A%20u%27XMLHttpRequest%27%2C%20%27cookiejar%27%3A%20%27%27%2C%20%27name%27%3A%20u%27GetPageUrl%27%2C%20%27accept%27%3A%20u%27%2A/%2A%27%2C%20%27connection%27%3A%20u%27keep-alive%27%2C%20%27expres%27%3A%20u%22source%3A%20%27%28.%2A%3F%29%27%22%2C%20%27referer%27%3A%20u%27http%3A//vergol.com/%27%2C%20%27page%27%3A%20u%27https%3A//vergol.com/canales996/live/discovery-channel.php%27%2C%20%27rawpost%27%3A%20u%27manzana66%3D12345%27%7D%7D&amp;iconimage=http%3A%2F%2Fvertelevisor.com%2Flogos%2Fdiscovery-channel.jpg&amp;sf_options=fanart%3Dhttps%3A%2F%2Fgithub.com%2Fiberikakodi%2FIberika%2Fblob%2Fmaster%2Fimagenes%2Fmenu%2FTv%2520esp%2520estable%25201.jpg%3Fraw%26meta%3Dvotes%253D0%2526label%253D%25255BCOLOR%252Bwhite%25255D%25255BB%25255DDiscovery%252BChannel%25255B%25252FB%25255D%25255B%25252FCOLOR%25255D%2526title%253D%25255BCOLOR%252Bwhite%25255D%25255BB%25255DDiscovery%252BChannel%25255B%25252FB%25255D%25255B%25252FCOLOR%25255D%26winID%3D10025%26_options_sf&quot;)</favourite>
	<favourite name="Odisea" thumb="https://i.postimg.cc/Kjd39tc0/ico_f_odisea.png">PlayMedia(&quot;plugin://plugin.video.IberiKa/?url=https%3A%24doregex%5BGetPageUrl%5D%7CUser-Agent%3DMozilla%2F5.0+%28Android+7.0%3B+Tablet%3B+rv%3A58.0.2%29+Gecko%2F58.0.2+Firefox%2F58.0.2&amp;mode=17&amp;regexs=%7Bu%27GetPageUrl%27%3A%20%7B%27x-req%27%3A%20u%27XMLHttpRequest%27%2C%20%27cookiejar%27%3A%20%27%27%2C%20%27name%27%3A%20u%27GetPageUrl%27%2C%20%27accept%27%3A%20u%27%2A/%2A%27%2C%20%27connection%27%3A%20u%27keep-alive%27%2C%20%27expres%27%3A%20u%22source%3A%20%27%28.%2A%3F%29%27%22%2C%20%27referer%27%3A%20u%27http%3A//vergol.com/%27%2C%20%27page%27%3A%20u%27https%3A//vergol.com/canales996/live/odisea.php%27%2C%20%27rawpost%27%3A%20u%27manzana66%3D12345%27%7D%7D&amp;iconimage=https%3A%2F%2Fi.blogs.es%2Fd18e49%2Flogocanalodisea%2F450_1000.jpg&amp;sf_options=fanart%3Dhttps%3A%2F%2Fgithub.com%2Fiberikakodi%2FIberika%2Fblob%2Fmaster%2Fimagenes%2Fmenu%2FTv%2520esp%2520estable%25201.jpg%3Fraw%26meta%3Dvotes%253D0%2526label%253D%25255BCOLOR%252Bwhite%25255D%25255BB%25255DOdisea%25255B%25252FB%25255D%25255B%25252FCOLOR%25255D%2526title%253D%25255BCOLOR%252Bwhite%25255D%25255BB%25255DOdisea%25255B%25252FB%25255D%25255B%25252FCOLOR%25255D%26winID%3D10025%26_options_sf&quot;)</favourite>
	<favourite name="Blaze" thumb="https://i.postimg.cc/1zwS66b9/ico_f_blaze.png">PlayMedia(&quot;plugin://plugin.video.IberiKa/?url=https%3A%24doregex%5BGetPageUrl%5D%7CUser-Agent%3DMozilla%2F5.0+%28Android+7.0%3B+Tablet%3B+rv%3A58.0.2%29+Gecko%2F58.0.2+Firefox%2F58.0.2&amp;mode=17&amp;regexs=%7Bu%27GetPageUrl%27%3A%20%7B%27x-req%27%3A%20u%27XMLHttpRequest%27%2C%20%27cookiejar%27%3A%20%27%27%2C%20%27name%27%3A%20u%27GetPageUrl%27%2C%20%27accept%27%3A%20u%27%2A/%2A%27%2C%20%27connection%27%3A%20u%27keep-alive%27%2C%20%27expres%27%3A%20u%22source%3A%20%27%28.%2A%3F%29%27%22%2C%20%27referer%27%3A%20u%27http%3A//vergol.com/%27%2C%20%27page%27%3A%20u%27https%3A//vergol.com/canales996/live/blaze.php%27%2C%20%27rawpost%27%3A%20u%27manzana66%3D12345%27%7D%7D&amp;iconimage=https%3A%2F%2Fsatcesc.com%2Fweb%2Fwp-content%2Fuploads%2F2018%2F03%2FBlaze.jpg&amp;sf_options=fanart%3Dhttps%3A%2F%2Fgithub.com%2Fiberikakodi%2FIberika%2Fblob%2Fmaster%2Fimagenes%2Fmenu%2FTv%2520esp%2520estable%25201.jpg%3Fraw%26meta%3Dvotes%253D0%2526label%253D%25255BCOLOR%252Bwhite%25255D%25255BB%25255DBlaze%25255B%25252FB%25255D%25255B%25252FCOLOR%25255D%2526title%253D%25255BCOLOR%252Bwhite%25255D%25255BB%25255DBlaze%25255B%25252FB%25255D%25255B%25252FCOLOR%25255D%26winID%3D10025%26_options_sf&quot;)</favourite>
	<favourite name="Crimen+Investigación" thumb="https://i.postimg.cc/1RNtBn6N/ico_f_c_i.png">PlayMedia(&quot;plugin://plugin.video.IberiKa/?url=https%3A%24doregex%5BGetPageUrl%5D%7CUser-Agent%3DMozilla%2F5.0+%28Android+7.0%3B+Tablet%3B+rv%3A58.0.2%29+Gecko%2F58.0.2+Firefox%2F58.0.2&amp;mode=17&amp;regexs=%7Bu%27GetPageUrl%27%3A%20%7B%27x-req%27%3A%20u%27XMLHttpRequest%27%2C%20%27cookiejar%27%3A%20%27%27%2C%20%27name%27%3A%20u%27GetPageUrl%27%2C%20%27accept%27%3A%20u%27%2A/%2A%27%2C%20%27connection%27%3A%20u%27keep-alive%27%2C%20%27expres%27%3A%20u%22source%3A%20%27%28.%2A%3F%29%27%22%2C%20%27referer%27%3A%20u%27http%3A//vergol.com/%27%2C%20%27page%27%3A%20u%27https%3A//vergol.com/canales996/live/ci.php%27%2C%20%27rawpost%27%3A%20u%27manzana66%3D12345%27%7D%7D&amp;iconimage=https%3A%2F%2Fwww.panoramaaudiovisual.com%2Fwp-content%2Fuploads%2F2016%2F03%2FCrimen-Investigacion.jpg&amp;sf_options=fanart%3Dhttps%3A%2F%2Fgithub.com%2Fiberikakodi%2FIberika%2Fblob%2Fmaster%2Fimagenes%2Fmenu%2FTv%2520esp%2520estable%25201.jpg%3Fraw%26meta%3Dvotes%253D0%2526label%253D%25255BCOLOR%252Bwhite%25255D%25255BB%25255DCrimen%252B%252526%252BInvestigacion%25255B%25252FB%25255D%25255B%25252FCOLOR%25255D%2526title%253D%25255BCOLOR%252Bwhite%25255D%25255BB%25255DCrimen%252B%252526%252BInvestigacion%25255B%25252FB%25255D%25255B%25252FCOLOR%25255D%26winID%3D10025%26_options_sf&quot;)</favourite>
	<favourite name="DMax" thumb="https://i.postimg.cc/fTChfDH9/ico-f-dmax.png">PlayMedia(&quot;plugin://plugin.video.IberiKa/?url=https%3A%24doregex%5BGetPageUrl%5D%7CUser-Agent%3DMozilla%2F5.0+%28Android+7.0%3B+Tablet%3B+rv%3A58.0.2%29+Gecko%2F58.0.2+Firefox%2F58.0.2&amp;mode=17&amp;regexs=%7Bu%27GetPageUrl%27%3A%20%7B%27x-req%27%3A%20u%27XMLHttpRequest%27%2C%20%27cookiejar%27%3A%20%27%27%2C%20%27name%27%3A%20u%27GetPageUrl%27%2C%20%27accept%27%3A%20u%27%2A/%2A%27%2C%20%27connection%27%3A%20u%27keep-alive%27%2C%20%27expres%27%3A%20u%22source%3A%20%27%28.%2A%3F%29%27%22%2C%20%27referer%27%3A%20u%27http%3A//vergol.com/%27%2C%20%27page%27%3A%20u%27https%3A//vergol.com/canales996/live/dmax.php%27%2C%20%27rawpost%27%3A%20u%27manzana66%3D12345%27%7D%7D&amp;iconimage=https%3A%2F%2Fwww.panoramaaudiovisual.com%2Fwp-content%2Fuploads%2F2012%2F01%2FDiscovery-Max.jpg&amp;sf_options=fanart%3Dhttps%3A%2F%2Fgithub.com%2Fiberikakodi%2FIberika%2Fblob%2Fmaster%2Fimagenes%2Fmenu%2FTv%2520esp%2520estable%25201.jpg%3Fraw%26meta%3Dvotes%253D0%2526label%253D%25255BCOLOR%252Bwhite%25255D%25255BB%25255DD-max%25255B%25252FB%25255D%25255B%25252FCOLOR%25255D%2526title%253D%25255BCOLOR%252Bwhite%25255D%25255BB%25255DD-max%25255B%25252FB%25255D%25255B%25252FCOLOR%25255D%26winID%3D10025%26_options_sf&quot;)</favourite>
	
	<favourite name="MTV" thumb="https://i.postimg.cc/HnP9TJYM/ico_f_mtv.png">PlayMedia(&quot;plugin://plugin.video.IberiKa/?url=https%3A%24doregex%5BGetPageUrl%5D%7CUser-Agent%3DMozilla%2F5.0+%28Android+7.0%3B+Tablet%3B+rv%3A58.0.2%29+Gecko%2F58.0.2+Firefox%2F58.0.2&amp;mode=17&amp;regexs=%7Bu%27GetPageUrl%27%3A%20%7B%27x-req%27%3A%20u%27XMLHttpRequest%27%2C%20%27cookiejar%27%3A%20%27%27%2C%20%27name%27%3A%20u%27GetPageUrl%27%2C%20%27accept%27%3A%20u%27%2A/%2A%27%2C%20%27connection%27%3A%20u%27keep-alive%27%2C%20%27expres%27%3A%20u%22source%3A%20%27%28.%2A%3F%29%27%22%2C%20%27referer%27%3A%20u%27http%3A//vergol.com/%27%2C%20%27page%27%3A%20u%27https%3A//vergol.com/canales996/live/mtv.php%27%2C%20%27rawpost%27%3A%20u%27manzana66%3D12345%27%7D%7D&amp;iconimage=https%3A%2F%2Fstereotipops.files.wordpress.com%2F2013%2F12%2Fmtv-espac3b1a.gif&amp;sf_options=fanart%3Dhttps%3A%2F%2Fgithub.com%2Fiberikakodi%2FIberika%2Fblob%2Fmaster%2Fimagenes%2Fmenu%2FTv%2520esp%2520estable%25201.jpg%3Fraw%26meta%3Dvotes%253D0%2526label%253D%25255BCOLOR%252Bwhite%25255D%25255BB%25255DMTV%25255B%25252FB%25255D%25255B%25252FCOLOR%25255D%2526title%253D%25255BCOLOR%252Bwhite%25255D%25255BB%25255DMTV%25255B%25252FB%25255D%25255B%25252FCOLOR%25255D%26winID%3D10025%26_options_sf&quot;)</favourite>
	
</favourites>