<favourites>

	<favourite name="#0 [mysat]"  thumb="https://i.postimg.cc/cCVdqmn8/ico-f-0.png" >PlayMedia(&quot;http://mysatiptv.ddns.net:2010/1:0:1:7478:3F0:1:C00000:0:0:0:&quot;)</favourite>
	<favourite name="#0 [so7]"  thumb="https://i.postimg.cc/cCVdqmn8/ico-f-0.png" >PlayMedia(&quot;http://so7so8yso9.jetos.com:8001/1:0:1:7478:3F0:1:C00000:0:0:0:&quot;)</favourite>
	<favourite name="#0 [84]"  thumb="https://i.postimg.cc/cCVdqmn8/ico-f-0.png" >PlayMedia(&quot;http://84.104.234.134:8001/1:0:1:7478:3F0:1:C00000:0:0:0:&quot;)</favourite>
	<favourite name="#0 [for]"  thumb="https://i.postimg.cc/cCVdqmn8/ico-f-0.png" >PlayMedia(&quot;http://forest.no-ip.org:8001/1:0:1:7478:3F0:1:C00000:0:0:0:&quot;)</favourite>
	<favourite name="#0 [cur]"  thumb="https://i.postimg.cc/cCVdqmn8/ico-f-0.png" >PlayMedia(&quot;http://curro647003.no-ip.org:8001/1:0:1:7478:3F0:1:C00000:0:0:0:&quot;)</favourite>
	
	<favourite name="M+ Estrenos [mysat]"  thumb="https://i.postimg.cc/Y9KVwsn7/ico_f_m_estrenos.png" >PlayMedia(&quot;http://mysatiptv.ddns.net:2010/1:0:1:76C0:40E:1:C00000:0:0:0:&quot;)</favourite>
	<favourite name="M+ Estrenos [84]"  thumb="https://i.postimg.cc/Y9KVwsn7/ico_f_m_estrenos.png" >PlayMedia(&quot;http://84.104.234.134:8001/1:0:1:76C0:40E:1:C00000:0:0:0:&quot;)</favourite>
	<favourite name="M+ Estrenos [for]"  thumb="https://i.postimg.cc/Y9KVwsn7/ico_f_m_estrenos.png" >PlayMedia(&quot;http://forest.no-ip.org:8001/1:0:1:76C0:40E:1:C00000:0:0:0:&quot;)</favourite>
	<favourite name="M+ Estrenos [cur]"  thumb="https://i.postimg.cc/Y9KVwsn7/ico_f_m_estrenos.png" >PlayMedia(&quot;http://curro647003.no-ip.org:8001/1:0:1:76C0:40E:1:C00000:0:0:0:&quot;)</favourite>
	
	<favourite name="M+ CineDoc&Roll [mysat]"  thumb="https://i.postimg.cc/wxmNMTqg/ico_f_m_cinedoc&roll.png" >PlayMedia(&quot;http://mysatiptv.ddns.net:2010/1:0:1:77C6:40A:1:C00000:0:0:0:&quot;)</favourite>
	<favourite name="M+ CineDoc&Roll [84]"  thumb="https://i.postimg.cc/wxmNMTqg/ico_f_m_cinedoc&roll.png" >PlayMedia(&quot;http://84.104.234.134:8001/1:0:1:77C6:40A:1:C00000:0:0:0:&quot;)</favourite>
	<favourite name="M+ CineDoc&Roll [for]"  thumb="https://i.postimg.cc/wxmNMTqg/ico_f_m_cinedoc&roll.png" >PlayMedia(&quot;http://forest.no-ip.org:8001/1:0:1:77C6:40A:1:C00000:0:0:0:&quot;)</favourite>
	<favourite name="M+ CineDoc&Roll [cur]"  thumb="https://i.postimg.cc/wxmNMTqg/ico_f_m_cinedoc&roll.png" >PlayMedia(&quot;http://curro647003.no-ip.org:8001/1:0:1:77C6:40A:1:C00000:0:0:0:&quot;)</favourite>
	
	<favourite name="M+ Acción [mysat]"  thumb="https://i.postimg.cc/kgwXGxrL/ico_f_m_accion.png" >PlayMedia(&quot;http://mysatiptv.ddns.net:2010:8001/1:0:1:746C:3F0:1:C00000:0:0:0:&quot;)</favourite>
	<favourite name="M+ Acción [so7]"  thumb="https://i.postimg.cc/kgwXGxrL/ico_f_m_accion.png" >PlayMedia(&quot;http://so7so8yso9.jetos.com:8001/1:0:1:746C:3F0:1:C00000:0:0:0:&quot;)</favourite>
	<favourite name="M+ Acción [84]"  thumb="https://i.postimg.cc/kgwXGxrL/ico_f_m_accion.png" >PlayMedia(&quot;http://84.104.234.134:8001/1:0:1:746C:3F0:1:C00000:0:0:0:&quot;)</favourite>
	<favourite name="M+ Acción [for]"  thumb="https://i.postimg.cc/kgwXGxrL/ico_f_m_accion.png" >PlayMedia(&quot;http://forest.no-ip.org:8001/1:0:1:746C:3F0:1:C00000:0:0:0:&quot;)</favourite>
	<favourite name="M+ Acción [cur]"  thumb="https://i.postimg.cc/kgwXGxrL/ico_f_m_accion.png" >PlayMedia(&quot;http://curro647003.no-ip.org:8001/1:0:1:746C:3F0:1:C00000:0:0:0:&quot;)</favourite>
	
	<favourite name="M+ Comedia [mysat]"  thumb="https://i.postimg.cc/gkST0JSN/ico_f_m_comedia.png" >PlayMedia(&quot;http://mysatiptv.ddns.net:2010:8001/1:0:1:746D:3F0:1:C00000:0:0:0:&quot;)</favourite>
	<favourite name="M+ Comedia [so7]"  thumb="https://i.postimg.cc/gkST0JSN/ico_f_m_comedia.png" >PlayMedia(&quot;http://so7so8yso9.jetos.com:8001/1:0:1:746D:3F0:1:C00000:0:0:0:&quot;)</favourite>
	<favourite name="M+ Comedia [84]"  thumb="https://i.postimg.cc/gkST0JSN/ico_f_m_comedia.png" >PlayMedia(&quot;http://84.104.234.134:8001/1:0:1:746D:3F0:1:C00000:0:0:0:&quot;)</favourite>
	<favourite name="M+ Comedia [for]"  thumb="https://i.postimg.cc/gkST0JSN/ico_f_m_comedia.png" >PlayMedia(&quot;http://forest.no-ip.org:8001/1:0:1:746D:3F0:1:C00000:0:0:0:&quot;)</favourite>
	<favourite name="M+ Comedia [cur]"  thumb="https://i.postimg.cc/gkST0JSN/ico_f_m_comedia.png" >PlayMedia(&quot;http://curro647003.no-ip.org:8001/1:0:1:746D:3F0:1:C00000:0:0:0:&quot;)</favourite>
	
	<favourite name="M+ Drama [mysat]"  thumb="https://i.postimg.cc/wj6RwXhj/ico_f_m_drama.png" >PlayMedia(&quot;http://mysatiptv.ddns.net:2010:8001/1:0:1:746E:3F0:1:C00000:0:0:0:&quot;)</favourite>
	<favourite name="M+ Drama [so7]"  thumb="https://i.postimg.cc/wj6RwXhj/ico_f_m_drama.png" >PlayMedia(&quot;http://so7so8yso9.jetos.com:8001/1:0:1:746E:3F0:1:C00000:0:0:0:&quot;)</favourite>
	<favourite name="M+ Drama [84]"  thumb="https://i.postimg.cc/wj6RwXhj/ico_f_m_drama.png" >PlayMedia(&quot;http://84.104.234.134:8001/1:0:1:746E:3F0:1:C00000:0:0:0:&quot;)</favourite>
	<favourite name="M+ Drama [for]"  thumb="https://i.postimg.cc/wj6RwXhj/ico_f_m_drama.png" >PlayMedia(&quot;http://forest.no-ip.org:8001/1:0:1:746E:3F0:1:C00000:0:0:0:&quot;)</favourite>
	<favourite name="M+ Drama [cur]"  thumb="https://i.postimg.cc/wj6RwXhj/ico_f_m_drama.png" >PlayMedia(&quot;http://curro647003.no-ip.org:8001/1:0:1:746E:3F0:1:C00000:0:0:0:&quot;)</favourite>
	
	<favourite name="M+ Cine Ñ [mysat]"  thumb="https://i.postimg.cc/SxmxmgPW/ico_f_m_cine_ñ.png" >PlayMedia(&quot;http://mysatiptv.ddns.net:2010/1:0:1:7736:416:1:C00000:0:0:0:&quot;)</favourite>
	<favourite name="M+ Cine Ñ [84]"  thumb="https://i.postimg.cc/SxmxmgPW/ico_f_m_cine_ñ.png" >PlayMedia(&quot;http://84.104.234.134:8001/1:0:1:7736:416:1:C00000:0:0:0:&quot;)</favourite>
	<favourite name="M+ Cine Ñ [for]"  thumb="https://i.postimg.cc/SxmxmgPW/ico_f_m_cine_ñ.png" >PlayMedia(&quot;http://forest.no-ip.org:8001/1:0:1:7736:416:1:C00000:0:0:0:&quot;)</favourite>
	<favourite name="M+ Cine Ñ [cur]"  thumb="https://i.postimg.cc/SxmxmgPW/ico_f_m_cine_ñ.png" >PlayMedia(&quot;http://curro647003.no-ip.org:8001/1:0:1:7736:416:1:C00000:0:0:0:&quot;)</favourite>
	
	<favourite name="M+ Disney [mysat]"  thumb="https://i.postimg.cc/sx3NMZC0/ico-f-m-disney.png" >PlayMedia(&quot;http://mysatiptv.ddns.net:2010/1:0:1:749D:41C:1:C00000:0:0:0:&quot;)</favourite>
	<favourite name="M+ Disney [so7]"  thumb="https://i.postimg.cc/sx3NMZC0/ico-f-m-disney.png" >PlayMedia(&quot;http://so7so8yso9.jetos.com:8001/1:0:1:749D:41C:1:C00000:0:0:0:&quot;)</favourite>
	<favourite name="M+ Disney [84]"  thumb="https://i.postimg.cc/sx3NMZC0/ico-f-m-disney.png" >PlayMedia(&quot;http://84.104.234.134:8001/1:0:1:749D:41C:1:C00000:0:0:0:&quot;)</favourite>
	<favourite name="M+ Disney [for]"  thumb="https://i.postimg.cc/sx3NMZC0/ico-f-m-disney.png" >PlayMedia(&quot;http://forest.no-ip.org:8001/1:0:1:749D:41C:1:C00000:0:0:0:&quot;)</favourite>
	<favourite name="M+ Disney [cur]"  thumb="https://i.postimg.cc/sx3NMZC0/ico-f-m-disney.png" >PlayMedia(&quot;http://curro647003.no-ip.org:8001/1:0:1:749D:41C:1:C00000:0:0:0:&quot;)</favourite>
	
	<favourite name="M+ Series [mysat]"  thumb="https://i.postimg.cc/NFxZDkxc/ico_f_m_series.png" >PlayMedia(&quot;http://mysatiptv.ddns.net:2010/1:0:1:7696:41E:1:C00000:0:0:0:&quot;)</favourite>
	<favourite name="M+ Series [84]"  thumb="https://i.postimg.cc/NFxZDkxc/ico_f_m_series.png" >PlayMedia(&quot;http://84.104.234.134:8001/1:0:1:7696:41E:1:C00000:0:0:0:&quot;)</favourite>
	<favourite name="M+ Series [for]"  thumb="https://i.postimg.cc/NFxZDkxc/ico_f_m_series.png" >PlayMedia(&quot;http://forest.no-ip.org:8001/1:0:1:7696:41E:1:C00000:0:0:0:&quot;)</favourite>
	<favourite name="M+ Series [cur]"  thumb="https://i.postimg.cc/NFxZDkxc/ico_f_m_series.png" >PlayMedia(&quot;http://curro647003.no-ip.org:8001/1:0:1:7696:41E:1:C00000:0:0:0:&quot;)</favourite>
	
	<favourite name="M+ Seriesmania [mysat]"  thumb="https://i.postimg.cc/jdY7702N/ico_f_m_seriesmania.png" >PlayMedia(&quot;http://mysatiptv.ddns.net:2010/1:0:1:76CA:40E:1:C00000:0:0:0:&quot;)</favourite>
	<favourite name="M+ Seriesmania [84]"  thumb="https://i.postimg.cc/jdY7702N/ico_f_m_seriesmania.png" >PlayMedia(&quot;http://84.104.234.134:8001/1:0:1:76CA:40E:1:C00000:0:0:0:&quot;)</favourite>
	<favourite name="M+ Seriesmania [for]"  thumb="https://i.postimg.cc/jdY7702N/ico_f_m_seriesmania.png" >PlayMedia(&quot;http://forest.no-ip.org:8001/1:0:1:76CA:40E:1:C00000:0:0:0:&quot;)</favourite>
	<favourite name="M+ Seriesmania [cur]"  thumb="https://i.postimg.cc/jdY7702N/ico_f_m_seriesmania.png" >PlayMedia(&quot;http://curro647003.no-ip.org:8001/1:0:1:76CA:40E:1:C00000:0:0:0:&quot;)</favourite>
	



	<favourite name="Comedy Central [mysat]"  thumb="https://i.postimg.cc/RV6DJdtY/ico-f-comedy-central-2018-alt.png" >PlayMedia(&quot;http://mysatiptv.ddns.net:2010/1:0:1:76C8:40E:1:C00000:0:0:0:&quot;)</favourite>
	<favourite name="Comedy Central [84]"  thumb="https://i.postimg.cc/RV6DJdtY/ico-f-comedy-central-2018-alt.png" >PlayMedia(&quot;http://84.104.234.134:8001/1:0:1:76C8:40E:1:C00000:0:0:0:&quot;)</favourite>
	<favourite name="Comedy Central [for]"  thumb="https://i.postimg.cc/RV6DJdtY/ico-f-comedy-central-2018-alt.png" >PlayMedia(&quot;http://forest.no-ip.org:8001/1:0:1:76C8:40E:1:C00000:0:0:0:&quot;)</favourite>
	<favourite name="Comedy Central [cur]"  thumb="https://i.postimg.cc/RV6DJdtY/ico-f-comedy-central-2018-alt.png" >PlayMedia(&quot;http://curro647003.no-ip.org:8001/1:0:1:76C8:40E:1:C00000:0:0:0:&quot;)</favourite>
	
	<favourite name="AMC [mysat]"  thumb="https://i.postimg.cc/wMt9bP7p/ico-f-amc.png" >PlayMedia(&quot;http://mysatiptv.ddns.net:2010/1:0:1:76CF:40E:1:C00000:0:0:0:&quot;)</favourite>
	<favourite name="AMC [84]"  thumb="https://i.postimg.cc/wMt9bP7p/ico-f-amc.png" >PlayMedia(&quot;http://84.104.234.134:8001/1:0:1:76CF:40E:1:C00000:0:0:0:&quot;)</favourite>
	<favourite name="AMC [for]"  thumb="https://i.postimg.cc/wMt9bP7p/ico-f-amc.png" >PlayMedia(&quot;http://forest.no-ip.org:8001/1:0:1:76CF:40E:1:C00000:0:0:0:&quot;)</favourite>
	<favourite name="AMC [cur]"  thumb="https://i.postimg.cc/wMt9bP7p/ico-f-amc.png" >PlayMedia(&quot;http://curro647003.no-ip.org:8001/1:0:1:76CF:40E:1:C00000:0:0:0:&quot;)</favourite>
	
	<favourite name="TNT [mysat]"  thumb="https://i.postimg.cc/GmjJpSmr/ico_f_tnt.png" >PlayMedia(&quot;http://mysatiptv.ddns.net:2010/1:0:1:77C9:40A:1:C00000:0:0:0:&quot;)</favourite>
	<favourite name="TNT [84]"  thumb="https://i.postimg.cc/GmjJpSmr/ico_f_tnt.png" >PlayMedia(&quot;http://84.104.234.134:8001/1:0:1:77C9:40A:1:C00000:0:0:0:&quot;)</favourite>
	<favourite name="TNT [for]"  thumb="https://i.postimg.cc/GmjJpSmr/ico_f_tnt.png" >PlayMedia(&quot;http://forest.no-ip.org:8001/1:0:1:77C9:40A:1:C00000:0:0:0:&quot;)</favourite>
	<favourite name="TNT [cur]"  thumb="https://i.postimg.cc/GmjJpSmr/ico_f_tnt.png" >PlayMedia(&quot;http://curro647003.no-ip.org:8001/1:0:1:77C9:40A:1:C00000:0:0:0:&quot;)</favourite>
	
	<favourite name="Fox [mysat]"  thumb="https://i.postimg.cc/Qt73Q7P8/ico-f-fox.png" >PlayMedia(&quot;http://mysatiptv.ddns.net:2010:8001/1:0:1:746F:3F0:1:C00000:0:0:0:&quot;)</favourite>
	<favourite name="Fox [so7]"  thumb="https://i.postimg.cc/Qt73Q7P8/ico-f-fox.png" >PlayMedia(&quot;http://so7so8yso9.jetos.com:8001/1:0:1:746F:3F0:1:C00000:0:0:0:&quot;)</favourite>
	<favourite name="Fox [84]"  thumb="https://i.postimg.cc/Qt73Q7P8/ico-f-fox.png" >PlayMedia(&quot;http://84.104.234.134:8001/1:0:1:746F:3F0:1:C00000:0:0:0:&quot;)</favourite>
	<favourite name="Fox [for]"  thumb="https://i.postimg.cc/Qt73Q7P8/ico-f-fox.png" >PlayMedia(&quot;http://forest.no-ip.org:8001/1:0:1:746F:3F0:1:C00000:0:0:0:&quot;)</favourite>
	<favourite name="Fox [cur]"  thumb="https://i.postimg.cc/Qt73Q7P8/ico-f-fox.png" >PlayMedia(&quot;http://curro647003.no-ip.org:8001/1:0:1:746F:3F0:1:C00000:0:0:0:&quot;)</favourite>
	
	<favourite name="Canal Hollywood [mysat]"  thumb="https://i.postimg.cc/VLWzZjN5/ico_f_hollywood.png" >PlayMedia(&quot;http://mysatiptv.ddns.net:2010/1:0:1:77C1:40A:1:C00000:0:0:0:&quot;)</favourite>
	<favourite name="Canal Hollywood [84]"  thumb="https://i.postimg.cc/VLWzZjN5/ico_f_hollywood.png" >PlayMedia(&quot;http://84.104.234.134:8001/1:0:1:77C1:40A:1:C00000:0:0:0:&quot;)</favourite>
	<favourite name="Canal Hollywood [for]"  thumb="https://i.postimg.cc/VLWzZjN5/ico_f_hollywood.png" >PlayMedia(&quot;http://forest.no-ip.org:8001/1:0:1:77C1:40A:1:C00000:0:0:0:&quot;)</favourite>
	<favourite name="Canal Hollywood [cur]"  thumb="https://i.postimg.cc/VLWzZjN5/ico_f_hollywood.png" >PlayMedia(&quot;http://curro647003.no-ip.org:8001/1:0:1:77C1:40A:1:C00000:0:0:0:&quot;)</favourite>
	
	<favourite name="AXN [mysat]"  thumb="https://i.postimg.cc/9MQmyz2z/ico-f-axn.png" >PlayMedia(&quot;http://mysatiptv.ddns.net:2010/1:0:1:7477:3F0:1:C00000:0:0:0:&quot;)</favourite>
	<favourite name="AXN [so7]"  thumb="https://i.postimg.cc/9MQmyz2z/ico-f-axn.png" >PlayMedia(&quot;http://so7so8yso9.jetos.com:8001/1:0:1:7477:3F0:1:C00000:0:0:0:&quot;)</favourite>
	<favourite name="AXN [84]"  thumb="https://i.postimg.cc/9MQmyz2z/ico-f-axn.png" >PlayMedia(&quot;http://84.104.234.134:8001/1:0:1:7477:3F0:1:C00000:0:0:0:&quot;)</favourite>
	<favourite name="AXN [for]"  thumb="https://i.postimg.cc/9MQmyz2z/ico-f-axn.png" >PlayMedia(&quot;http://forest.no-ip.org:8001/1:0:1:7477:3F0:1:C00000:0:0:0:&quot;)</favourite>
	<favourite name="AXN [cur]"  thumb="https://i.postimg.cc/9MQmyz2z/ico-f-axn.png" >PlayMedia(&quot;http://curro647003.no-ip.org:8001/1:0:1:7477:3F0:1:C00000:0:0:0:&quot;)</favourite>
	
	<favourite name="SyFy [mysat]"  thumb="https://i.postimg.cc/YqK1zw4M/ico_f_syfy.png" >PlayMedia(&quot;http://mysatiptv.ddns.net:2010/1:0:1:7796:424:1:C00000:0:0:0:&quot;)</favourite>
	<favourite name="SyFy [84]"  thumb="https://i.postimg.cc/YqK1zw4M/ico_f_syfy.png" >PlayMedia(&quot;http://84.104.234.134:8001/1:0:1:7796:424:1:C00000:0:0:0:&quot;)</favourite>
	<favourite name="SyFy [for]"  thumb="https://i.postimg.cc/YqK1zw4M/ico_f_syfy.png" >PlayMedia(&quot;http://forest.no-ip.org:8001/1:0:1:7796:424:1:C00000:0:0:0:&quot;)</favourite>
	<favourite name="SyFy [cur]"  thumb="https://i.postimg.cc/YqK1zw4M/ico_f_syfy.png" >PlayMedia(&quot;http://curro647003.no-ip.org:8001/1:0:1:7796:424:1:C00000:0:0:0:&quot;)</favourite>
	
	<favourite name="Calle 13 [mysat]"  thumb="https://i.postimg.cc/gJx0frTQ/ico-f-calle13.png" >PlayMedia(&quot;http://mysatiptv.ddns.net:2010/1:0:1:7790:424:1:C00000:0:0:0:&quot;)</favourite>
	<favourite name="Calle 13 [84]"  thumb="https://i.postimg.cc/gJx0frTQ/ico-f-calle13.png" >PlayMedia(&quot;http://84.104.234.134:8001/1:0:1:7790:424:1:C00000:0:0:0:&quot;)</favourite>
	<favourite name="Calle 13 [for]"  thumb="https://i.postimg.cc/gJx0frTQ/ico-f-calle13.png" >PlayMedia(&quot;http://forest.no-ip.org:8001/1:0:1:7790:424:1:C00000:0:0:0:&quot;)</favourite>
	<favourite name="Calle 13 [cur]"  thumb="https://i.postimg.cc/gJx0frTQ/ico-f-calle13.png" >PlayMedia(&quot;http://curro647003.no-ip.org:8001/1:0:1:7790:424:1:C00000:0:0:0:&quot;)</favourite>
	
	<favourite name="TCM [mysat]"  thumb="https://i.postimg.cc/90js4hSr/ico_f_tcm-2019.png" >PlayMedia(&quot;http://mysatiptv.ddns.net:2010/1:0:1:76C7:40E:1:C00000:0:0:0:&quot;)</favourite>
	<favourite name="TCM [84]"  thumb="https://i.postimg.cc/90js4hSr/ico_f_tcm-2019.png" >PlayMedia(&quot;http://84.104.234.134:8001/1:0:1:76C7:40E:1:C00000:0:0:0:&quot;)</favourite>
	<favourite name="TCM [for]"  thumb="https://i.postimg.cc/90js4hSr/ico_f_tcm-2019.png" >PlayMedia(&quot;http://forest.no-ip.org:8001/1:0:1:76C7:40E:1:C00000:0:0:0:&quot;)</favourite>
	<favourite name="TCM [cur]"  thumb="https://i.postimg.cc/90js4hSr/ico_f_tcm-2019.png" >PlayMedia(&quot;http://curro647003.no-ip.org:8001/1:0:1:76C7:40E:1:C00000:0:0:0:&quot;)</favourite>
	
	<favourite name="Sundance [mysat]"  thumb="https://i.postimg.cc/cLdwPMMz/ico_f_sundance.png" >PlayMedia(&quot;http://mysatiptv.ddns.net:2010/1:0:1:76A5:41E:1:C00000:0:0:0:&quot;)</favourite>
	<favourite name="Sundance [84]"  thumb="https://i.postimg.cc/cLdwPMMz/ico_f_sundance.png" >PlayMedia(&quot;http://84.104.234.134:8001/1:0:1:76A5:41E:1:C00000:0:0:0:&quot;)</favourite>
	<favourite name="Sundance [for]"  thumb="https://i.postimg.cc/cLdwPMMz/ico_f_sundance.png" >PlayMedia(&quot;http://forest.no-ip.org:8001/1:0:1:76A5:41E:1:C00000:0:0:0:&quot;)</favourite>
	<favourite name="Sundance [cur]"  thumb="https://i.postimg.cc/cLdwPMMz/ico_f_sundance.png" >PlayMedia(&quot;http://curro647003.no-ip.org:8001/1:0:1:76A5:41E:1:C00000:0:0:0:&quot;)</favourite>
	
	
	<favourite name="AXN White [mysat]"  thumb="https://i.postimg.cc/CL3x9FG6/ico-f-axn-white.png" >PlayMedia(&quot;http://mysatiptv.ddns.net:2010/1:0:1:7471:3F0:1:C00000:0:0:0:&quot;)</favourite>
	<favourite name="AXN White [84]"  thumb="https://i.postimg.cc/CL3x9FG6/ico-f-axn-white.png" >PlayMedia(&quot;http://84.104.234.134:8001/1:0:1:7471:3F0:1:C00000:0:0:0:&quot;)</favourite>
	<favourite name="AXN White [for]"  thumb="https://i.postimg.cc/CL3x9FG6/ico-f-axn-white.png" >PlayMedia(&quot;http://forest.no-ip.org:8001/1:0:1:7471:3F0:1:C00000:0:0:0:&quot;)</favourite>
	<favourite name="AXN White [cur]"  thumb="https://i.postimg.cc/CL3x9FG6/ico-f-axn-white.png" >PlayMedia(&quot;http://curro647003.no-ip.org:8001/1:0:1:7471:3F0:1:C00000:0:0:0:&quot;)</favourite>
	
	<favourite name="Fox Life [mysat]"  thumb="https://i.postimg.cc/yNtK3jLp/ico-f-foxlife.png" >PlayMedia(&quot;http://mysatiptv.ddns.net:8001/1:0:1:7468:3F0:1:C00000:0:0:0:&quot;)</favourite>
	<favourite name="Fox Life [so7]"  thumb="https://i.postimg.cc/yNtK3jLp/ico-f-foxlife.png" >PlayMedia(&quot;http://so7so8yso9.jetos.com:8001/1:0:1:7468:3F0:1:C00000:0:0:0:&quot;)</favourite>
	<favourite name="Fox Life [84]"  thumb="https://i.postimg.cc/yNtK3jLp/ico-f-foxlife.png" >PlayMedia(&quot;http://84.104.234.134:8001/1:0:1:7468:3F0:1:C00000:0:0:0:&quot;)</favourite>
	<favourite name="Fox Life [for]"  thumb="https://i.postimg.cc/yNtK3jLp/ico-f-foxlife.png" >PlayMedia(&quot;http://forest.no-ip.org:8001/1:0:1:7468:3F0:1:C00000:0:0:0:&quot;)</favourite>
	<!-- <favourite name="Fox Life [cur]"  thumb="https://i.postimg.cc/yNtK3jLp/ico-f-foxlife.png" >PlayMedia(&quot;http://curro647003.no-ip.org:8001/1:0:1:7468:3F0:1:C00000:0:0:0:&quot;)</favourite> -->

	<favourite name="Cosmo [mysat]"  thumb="https://i.postimg.cc/vZyccY4x/ico-f-cosmo.png" >PlayMedia(&quot;http://mysatiptv.ddns.net:8001/1:0:1:7730:416:1:C00000:0:0:0:&quot;)</favourite>
	<favourite name="Cosmo [84]"  thumb="https://i.postimg.cc/vZyccY4x/ico-f-cosmo.png" >PlayMedia(&quot;http://84.104.234.134:8001/1:0:1:7730:416:1:C00000:0:0:0:&quot;)</favourite>
	<favourite name="Cosmo [for]"  thumb="https://i.postimg.cc/vZyccY4x/ico-f-cosmo.png" >PlayMedia(&quot;http://forest.no-ip.org:8001/1:0:1:7730:416:1:C00000:0:0:0:&quot;)</favourite>
	<!-- <favourite name="Cosmo [cur]"  thumb="https://i.postimg.cc/vZyccY4x/ico-f-cosmo.png" >PlayMedia(&quot;http://curro647003.no-ip.org:8001/1:0:1:7730:416:1:C00000:0:0:0:&quot;)</favourite> -->
	<favourite name="Cosmo [91_smil]"  thumb="https://i.postimg.cc/vZyccY4x/ico-f-cosmo.png" >PlayMedia(&quot;http://91.126.141.201:1935/live/smil:cosmoHD.smil/playlist.m3u8&quot;)</favourite>
	

	
	
</favourites>