<favourites>
	
	<favourite name="M+ #0" thumb="https://i.postimg.cc/cCVdqmn8/ico_f_0.png">PlayMedia(&quot;plugin://plugin.video.kodispaintv/?url=https%3A%24doregex%5BGetPageUrl%5D%7CUser-Agent%3DMozilla%2F5.0&amp;mode=17&amp;regexs=%7Bu%27GetPageUrl%27%3A%20%7B%27x-req%27%3A%20u%27XMLHttpRequest%27%2C%20%27cookiejar%27%3A%20%27%27%2C%20%27name%27%3A%20u%27GetPageUrl%27%2C%20%27accept%27%3A%20u%27%2A/%2A%27%2C%20%27connection%27%3A%20u%27keep-alive%27%2C%20%27expres%27%3A%20u%22%27%28//.%2Am3u8.%2A%3F%29%27%22%2C%20%27referer%27%3A%20u%27https%3A//verliga1.net/ver-0-online-gratis-en-directo-por-internet/%27%2C%20%27page%27%3A%20u%27https%3A//vergol.com/bgjhykdmbtj668/live/plus1.php%27%2C%20%27rawpost%27%3A%20u%27manzana66%3D12345%27%7D%7D&amp;iconimage=https%3A%2F%2Fs18.postimg.cc%2F4vabhtjqx%2Fcero.png&amp;sf_options=fanart%3Dhttps%3A%2F%2Fs18.postimg.cc%2Fkvp4paatl%2Ffondocanalestv.jpg%26meta%3Dvotes%253D0%2526label%253D%25255BB%25255D%2525230%25255B%25252FB%25255D%2526title%253D%25255BB%25255D%2525230%25255B%25252FB%25255D%26winID%3D10025%26_options_sf&quot;)</favourite>
	<favourite name="M+ Estrenos" thumb="https://i.postimg.cc/Y9KVwsn7/ico-f-m-estrenos.png">PlayMedia(&quot;plugin://plugin.video.kodispaintv/?url=https%3A%24doregex%5BGetPageUrl%5D%7CUser-Agent%3DMozilla%2F5.0&amp;mode=17&amp;regexs=%7Bu%27GetPageUrl%27%3A%20%7B%27x-req%27%3A%20u%27XMLHttpRequest%27%2C%20%27cookiejar%27%3A%20%27%27%2C%20%27name%27%3A%20u%27GetPageUrl%27%2C%20%27accept%27%3A%20u%27%2A/%2A%27%2C%20%27connection%27%3A%20u%27keep-alive%27%2C%20%27expres%27%3A%20u%22%27%28//.%2Am3u8.%2A%3F%29%27%22%2C%20%27referer%27%3A%20u%27https%3A//verliga1.net/ver-movistar-estrenos-online-gratis-en-directo-por-internet/%27%2C%20%27page%27%3A%20u%27https%3A//vergol.com/bgjhykdmbtj668/live/plusestrenos.php%27%2C%20%27rawpost%27%3A%20u%27manzana66%3D12345%27%7D%7D&amp;iconimage=https%3A%2F%2Fs9.postimg.cc%2Fdcaynz51r%2Festrenos.jpg&amp;sf_options=fanart%3Dhttps%3A%2F%2Fs18.postimg.cc%2Fkvp4paatl%2Ffondocanalestv.jpg%26meta%3Dvotes%253D0%2526label%253D%25255BB%25255DM.%252BESTRENOS%25255B%25252FB%25255D%2526title%253D%25255BB%25255DM.%252BESTRENOS%25255B%25252FB%25255D%26winID%3D10025%26_options_sf&quot;)</favourite>
	<favourite name="M+ Acción" thumb="https://i.postimg.cc/kgwXGxrL/ico_f_m_accion.png">PlayMedia(&quot;plugin://plugin.video.kodispaintv/?url=https%3A%24doregex%5BGetPageUrl%5D%7CUser-Agent%3DMozilla%2F5.0&amp;mode=17&amp;regexs=%7Bu%27GetPageUrl%27%3A%20%7B%27x-req%27%3A%20u%27XMLHttpRequest%27%2C%20%27cookiejar%27%3A%20%27%27%2C%20%27name%27%3A%20u%27GetPageUrl%27%2C%20%27accept%27%3A%20u%27%2A/%2A%27%2C%20%27connection%27%3A%20u%27keep-alive%27%2C%20%27expres%27%3A%20u%22%27%28//.%2Am3u8.%2A%3F%29%27%22%2C%20%27referer%27%3A%20u%27https%3A//verliga1.net/ver-movistar-accion-online-gratis-en-directo-por-internet/%27%2C%20%27page%27%3A%20u%27https%3A//vergol.com/bgjhykdmbtj668/live/plusaccion.php%27%2C%20%27rawpost%27%3A%20u%27manzana66%3D12345%27%7D%7D&amp;iconimage=https%3A%2F%2Fs9.postimg.cc%2Fhy72w8y9r%2Faccion.png&amp;sf_options=fanart%3Dhttps%3A%2F%2Fs18.postimg.cc%2Fkvp4paatl%2Ffondocanalestv.jpg%26meta%3Dvotes%253D0%2526label%253D%25255BB%25255DM.%252BACCION%25255B%25252FB%25255D%2526title%253D%25255BB%25255DM.%252BACCION%25255B%25252FB%25255D%26winID%3D10025%26_options_sf&quot;)</favourite>
	<favourite name="M+ Comedia" thumb="https://i.postimg.cc/gkST0JSN/ico_f_m_comedia.png">PlayMedia(&quot;plugin://plugin.video.kodispaintv/?url=https%3A%24doregex%5BGetPageUrl%5D%7CUser-Agent%3DMozilla%2F5.0&amp;mode=17&amp;regexs=%7Bu%27GetPageUrl%27%3A%20%7B%27x-req%27%3A%20u%27XMLHttpRequest%27%2C%20%27cookiejar%27%3A%20%27%27%2C%20%27name%27%3A%20u%27GetPageUrl%27%2C%20%27accept%27%3A%20u%27%2A/%2A%27%2C%20%27connection%27%3A%20u%27keep-alive%27%2C%20%27expres%27%3A%20u%22%27%28//.%2Am3u8.%2A%3F%29%27%22%2C%20%27referer%27%3A%20u%27https%3A//verliga1.net/ver-movistar-comedia-online-gratis-en-directo-por-internet/%27%2C%20%27page%27%3A%20u%27https%3A//vergol.com/bgjhykdmbtj668/live/comedia.php%27%2C%20%27rawpost%27%3A%20u%27manzana66%3D12345%27%7D%7D&amp;iconimage=https%3A%2F%2Fs9.postimg.cc%2Fkfiu3jd1b%2Fcomedia.jpg&amp;sf_options=fanart%3Dhttps%3A%2F%2Fs18.postimg.cc%2Fkvp4paatl%2Ffondocanalestv.jpg%26meta%3Dvotes%253D0%2526label%253D%25255BB%25255DM.%252BCOMEDIA%25255B%25252FB%25255D%2526title%253D%25255BB%25255DM.%252BCOMEDIA%25255B%25252FB%25255D%26winID%3D10025%26_options_sf&quot;)</favourite>
	<favourite name="M+ Drama" thumb="https://i.postimg.cc/wj6RwXhj/ico_f_m_drama.png">PlayMedia(&quot;plugin://plugin.video.kodispaintv/?url=https%3A%24doregex%5BGetPageUrl%5D%7CUser-Agent%3DMozilla%2F5.0&amp;mode=17&amp;regexs=%7Bu%27GetPageUrl%27%3A%20%7B%27x-req%27%3A%20u%27XMLHttpRequest%27%2C%20%27cookiejar%27%3A%20%27%27%2C%20%27name%27%3A%20u%27GetPageUrl%27%2C%20%27accept%27%3A%20u%27%2A/%2A%27%2C%20%27connection%27%3A%20u%27keep-alive%27%2C%20%27expres%27%3A%20u%22%27%28//.%2Am3u8.%2A%3F%29%27%22%2C%20%27referer%27%3A%20u%27https%3A//verliga1.net/ver-movistar-drama-online-gratis-en-directo-por-internet/%27%2C%20%27page%27%3A%20u%27https%3A//vergol.com/bgjhykdmbtj668/live/drama.php%27%2C%20%27rawpost%27%3A%20u%27manzana66%3D12345%27%7D%7D&amp;iconimage=https%3A%2F%2Fi.postimg.cc%2FLXBXdMQf%2Fdrama.png&amp;sf_options=fanart%3Dhttps%3A%2F%2Fs18.postimg.cc%2Fkvp4paatl%2Ffondocanalestv.jpg%26meta%3Dvotes%253D0%2526label%253D%25255BB%25255DM.%252BDRAMA%25255B%25252FB%25255D%2526title%253D%25255BB%25255DM.%252BDRAMA%25255B%25252FB%25255D%26winID%3D10025%26_options_sf&quot;)</favourite>
	<favourite name="M+ Disney" thumb="https://i.postimg.cc/sx3NMZC0/ico-f-m-disney.png">PlayMedia(&quot;plugin://plugin.video.kodispaintv/?url=https%3A%24doregex%5BGetPageUrl%5D%7CUser-Agent%3DMozilla%2F5.0&amp;mode=17&amp;regexs=%7Bu%27GetPageUrl%27%3A%20%7B%27x-req%27%3A%20u%27XMLHttpRequest%27%2C%20%27cookiejar%27%3A%20%27%27%2C%20%27name%27%3A%20u%27GetPageUrl%27%2C%20%27accept%27%3A%20u%27%2A/%2A%27%2C%20%27connection%27%3A%20u%27keep-alive%27%2C%20%27expres%27%3A%20u%22%27%28//.%2Am3u8.%2A%3F%29%27%22%2C%20%27referer%27%3A%20u%27https%3A//verliga1.net/ver-movistar-plus-disney-online-gratis-en-directo-24h-por-internet/%27%2C%20%27page%27%3A%20u%27https%3A//vergol.com/bgjhykdmbtj668/live/plusdisney.php%27%2C%20%27rawpost%27%3A%20u%27manzana66%3D12345%27%7D%7D&amp;iconimage=https%3A%2F%2Fs18.postimg.cc%2Fdf6nt1fm1%2Fdisney.png&amp;sf_options=fanart%3Dhttps%3A%2F%2Fs18.postimg.cc%2Fkvp4paatl%2Ffondocanalestv.jpg%26meta%3Dvotes%253D0%2526label%253D%25255BB%25255DM.%252BDISNEY%25255B%25252FB%25255D%2526title%253D%25255BB%25255DM.%252BDISNEY%25255B%25252FB%25255D%26winID%3D10025%26_options_sf&quot;)</favourite>
	<favourite name="M+ Series" thumb="https://i.postimg.cc/NFxZDkxc/ico_f_m_series.png">PlayMedia(&quot;plugin://plugin.video.kodispaintv/?url=https%3A%24doregex%5BGetPageUrl%5D%7CUser-Agent%3DMozilla%2F5.0&amp;mode=17&amp;regexs=%7Bu%27GetPageUrl%27%3A%20%7B%27x-req%27%3A%20u%27XMLHttpRequest%27%2C%20%27cookiejar%27%3A%20%27%27%2C%20%27name%27%3A%20u%27GetPageUrl%27%2C%20%27accept%27%3A%20u%27%2A/%2A%27%2C%20%27connection%27%3A%20u%27keep-alive%27%2C%20%27expres%27%3A%20u%22%27%28//.%2Am3u8.%2A%3F%29%27%22%2C%20%27referer%27%3A%20u%27https%3A//verliga1.net/ver-movistar-series-online-gratis-en-directo-por-internet/%27%2C%20%27page%27%3A%20u%27https%3A//vergol.com/live1/plusseries.php%27%2C%20%27rawpost%27%3A%20u%27manzana66%3D12345%27%7D%7D&amp;iconimage=https%3A%2F%2Fs9.postimg.cc%2Fqt7x6ya9b%2Fseries.jpg&amp;sf_options=fanart%3Dhttps%3A%2F%2Fs18.postimg.cc%2Fkvp4paatl%2Ffondocanalestv.jpg%26meta%3Dvotes%253D0%2526label%253D%25255BB%25255DM.%252BSERIES%25255B%25252FB%25255D%2526title%253D%25255BB%25255DM.%252BSERIES%25255B%25252FB%25255D%26winID%3D10025%26_options_sf&quot;)</favourite>
	<favourite name="M+ Seriesmania" thumb="https://i.postimg.cc/jdY7702N/ico_f_m_seriesmania.png">PlayMedia(&quot;plugin://plugin.video.kodispaintv/?url=https%3A%24doregex%5BGetPageUrl%5D%7CUser-Agent%3DMozilla%2F5.0&amp;mode=17&amp;regexs=%7Bu%27GetPageUrl%27%3A%20%7B%27x-req%27%3A%20u%27XMLHttpRequest%27%2C%20%27cookiejar%27%3A%20%27%27%2C%20%27name%27%3A%20u%27GetPageUrl%27%2C%20%27accept%27%3A%20u%27%2A/%2A%27%2C%20%27connection%27%3A%20u%27keep-alive%27%2C%20%27expres%27%3A%20u%22%27%28//.%2Am3u8.%2A%3F%29%27%22%2C%20%27referer%27%3A%20u%27https%3A//verliga1.net/ver-movistar-seriesmania-online-gratis-en-directo-por-internet/%27%2C%20%27page%27%3A%20u%27https%3A//vergol.com/bgjhykdmbtj668/live1/seriesmania.php%27%2C%20%27rawpost%27%3A%20u%27manzana66%3D12345%27%7D%7D&amp;iconimage=https%3A%2F%2Fi.postimg.cc%2Fqqm0xBgJ%2Fseriesmania.png&amp;sf_options=fanart%3Dhttps%3A%2F%2Fs18.postimg.cc%2Fkvp4paatl%2Ffondocanalestv.jpg%26meta%3Dvotes%253D0%2526label%253D%25255BB%25255DM.%252BSERIESMANIA%25255B%25252FB%25255D%2526title%253D%25255BB%25255DM.%252BSERIESMANIA%25255B%25252FB%25255D%26winID%3D10025%26_options_sf&quot;)</favourite>
		
	<favourite name="AMC" thumb="https://i.postimg.cc/fT1ZfVgr/ico_f_amc_2019.png">PlayMedia(&quot;plugin://plugin.video.kodispaintv/?url=https%3A%24doregex%5BGetPageUrl%5D%7CUser-Agent%3DMozilla%2F5.0&amp;mode=17&amp;regexs=%7Bu%27GetPageUrl%27%3A%20%7B%27x-req%27%3A%20u%27XMLHttpRequest%27%2C%20%27cookiejar%27%3A%20%27%27%2C%20%27name%27%3A%20u%27GetPageUrl%27%2C%20%27accept%27%3A%20u%27%2A/%2A%27%2C%20%27connection%27%3A%20u%27keep-alive%27%2C%20%27expres%27%3A%20u%22%27%28//.%2Am3u8.%2A%3F%29%27%22%2C%20%27referer%27%3A%20u%27https%3A//verliga1.net/ver-amc-online-gratis-en-directo-por-internet/%27%2C%20%27page%27%3A%20u%27https%3A//vergol.com/bgjhykdmbtj668/live/amc.php%27%2C%20%27rawpost%27%3A%20u%27manzana66%3D12345%27%7D%7D&amp;iconimage=https%3A%2F%2Fs9.postimg.cc%2F6ad11wbrj%2Famc.png&amp;sf_options=fanart%3Dhttps%3A%2F%2Fs18.postimg.cc%2Fkvp4paatl%2Ffondocanalestv.jpg%26meta%3Dvotes%253D0%2526label%253D%25255BB%25255DAMC%25255B%25252FB%25255D%2526title%253D%25255BB%25255DAMC%25255B%25252FB%25255D%26winID%3D10025%26_options_sf&quot;)</favourite>
	<favourite name="TNT" thumb="https://i.postimg.cc/GmjJpSmr/ico_f_tnt.png">PlayMedia(&quot;plugin://plugin.video.kodispaintv/?url=https%3A%24doregex%5BGetPageUrl%5D%7CUser-Agent%3DMozilla%2F5.0&amp;mode=17&amp;regexs=%7Bu%27GetPageUrl%27%3A%20%7B%27x-req%27%3A%20u%27XMLHttpRequest%27%2C%20%27cookiejar%27%3A%20%27%27%2C%20%27name%27%3A%20u%27GetPageUrl%27%2C%20%27accept%27%3A%20u%27%2A/%2A%27%2C%20%27connection%27%3A%20u%27keep-alive%27%2C%20%27expres%27%3A%20u%22%27%28//.%2Am3u8.%2A%3F%29%27%22%2C%20%27referer%27%3A%20u%27https%3A//verliga1.net/ver-tnt-online-gratis-en-directo-por-internet/%27%2C%20%27page%27%3A%20u%27https%3A//vergol.com/bgjhykdmbtj668/live/tnt.php%27%2C%20%27rawpost%27%3A%20u%27manzana66%3D12345%27%7D%7D&amp;iconimage=https%3A%2F%2Fs9.postimg.cc%2F8i3tqinr3%2Ftnt.png&amp;sf_options=fanart%3Dhttps%3A%2F%2Fs18.postimg.cc%2Fkvp4paatl%2Ffondocanalestv.jpg%26meta%3Dvotes%253D0%2526label%253D%25255BB%25255DTNT%25255B%25252FB%25255D%2526title%253D%25255BB%25255DTNT%25255B%25252FB%25255D%26winID%3D10025%26_options_sf&quot;)</favourite>
	<favourite name="FOX" thumb="https://i.postimg.cc/Qt73Q7P8/ico_f_fox.png">PlayMedia(&quot;plugin://plugin.video.kodispaintv/?url=https%3A%24doregex%5BGetPageUrl%5D%7CUser-Agent%3DMozilla%2F5.0&amp;mode=17&amp;regexs=%7Bu%27GetPageUrl%27%3A%20%7B%27x-req%27%3A%20u%27XMLHttpRequest%27%2C%20%27cookiejar%27%3A%20%27%27%2C%20%27name%27%3A%20u%27GetPageUrl%27%2C%20%27accept%27%3A%20u%27%2A/%2A%27%2C%20%27connection%27%3A%20u%27keep-alive%27%2C%20%27expres%27%3A%20u%22%27%28//.%2Am3u8.%2A%3F%29%27%22%2C%20%27referer%27%3A%20u%27https%3A//verliga1.net/ver-fox-online-gratis-en-directo-por-internet/%27%2C%20%27page%27%3A%20u%27https%3A//vergol.com/bgjhykdmbtj668/live/fox1.php%27%2C%20%27rawpost%27%3A%20u%27manzana66%3D12345%27%7D%7D&amp;iconimage=https%3A%2F%2Fs9.postimg.cc%2Fpeob588i7%2Ffox.png&amp;sf_options=fanart%3Dhttps%3A%2F%2Fs18.postimg.cc%2Fkvp4paatl%2Ffondocanalestv.jpg%26meta%3Dvotes%253D0%2526label%253D%25255BB%25255DFOX%25255B%25252FB%25255D%2526title%253D%25255BB%25255DFOX%25255B%25252FB%25255D%26winID%3D10025%26_options_sf&quot;)</favourite>
	<favourite name="Hollywood" thumb="https://i.postimg.cc/VLWzZjN5/ico_f_hollywood.png">PlayMedia(&quot;plugin://plugin.video.kodispaintv/?url=https%3A%24doregex%5BGetPageUrl%5D%7CUser-Agent%3DMozilla%2F5.0&amp;mode=17&amp;regexs=%7Bu%27GetPageUrl%27%3A%20%7B%27x-req%27%3A%20u%27XMLHttpRequest%27%2C%20%27cookiejar%27%3A%20%27%27%2C%20%27name%27%3A%20u%27GetPageUrl%27%2C%20%27accept%27%3A%20u%27%2A/%2A%27%2C%20%27connection%27%3A%20u%27keep-alive%27%2C%20%27expres%27%3A%20u%22%27%28//.%2Am3u8.%2A%3F%29%27%22%2C%20%27referer%27%3A%20u%27https%3A//verliga1.net/ver-canal-hollywood-online-gratis-en-directo-24h-por-internet/%27%2C%20%27page%27%3A%20u%27https%3A//vergol.com/bgjhykdmbtj668/live/hollywood.php%27%2C%20%27rawpost%27%3A%20u%27manzana66%3D12345%27%7D%7D&amp;iconimage=https%3A%2F%2Fs9.postimg.cc%2Fzej7kvren%2Fhollywood.png&amp;sf_options=fanart%3Dhttps%3A%2F%2Fs18.postimg.cc%2Fkvp4paatl%2Ffondocanalestv.jpg%26meta%3Dvotes%253D0%2526label%253D%25255BB%25255DHOLLYWOOD%25255B%25252FB%25255D%2526title%253D%25255BB%25255DHOLLYWOOD%25255B%25252FB%25255D%26winID%3D10025%26_options_sf&quot;)</favourite>
	<favourite name="AXN" thumb="https://i.postimg.cc/9MQmyz2z/ico_f_axn.png">PlayMedia(&quot;plugin://plugin.video.kodispaintv/?url=https%3A%24doregex%5BGetPageUrl%5D%7CUser-Agent%3DMozilla%2F5.0&amp;mode=17&amp;regexs=%7Bu%27GetPageUrl%27%3A%20%7B%27x-req%27%3A%20u%27XMLHttpRequest%27%2C%20%27cookiejar%27%3A%20%27%27%2C%20%27name%27%3A%20u%27GetPageUrl%27%2C%20%27accept%27%3A%20u%27%2A/%2A%27%2C%20%27connection%27%3A%20u%27keep-alive%27%2C%20%27expres%27%3A%20u%22%27%28//.%2Am3u8.%2A%3F%29%27%22%2C%20%27referer%27%3A%20u%27https%3A//verliga1.net/ver-axn-online-gratis-en-directo-por-internet/%27%2C%20%27page%27%3A%20u%27https%3A//vergol.com/bgjhykdmbtj668/live/axn.php%27%2C%20%27rawpost%27%3A%20u%27manzana66%3D12345%27%7D%7D&amp;iconimage=https%3A%2F%2Fs9.postimg.cc%2F5xlmvij5b%2Faxn.png&amp;sf_options=fanart%3Dhttps%3A%2F%2Fs18.postimg.cc%2Fkvp4paatl%2Ffondocanalestv.jpg%26meta%3Dvotes%253D0%2526label%253D%25255BB%25255DAXN%25255B%25252FB%25255D%2526title%253D%25255BB%25255DAXN%25255B%25252FB%25255D%26winID%3D10025%26_options_sf&quot;)</favourite>
	<favourite name="Calle 13" thumb="https://i.postimg.cc/gJx0frTQ/ico_f_calle13.png">PlayMedia(&quot;plugin://plugin.video.kodispaintv/?url=https%3A%24doregex%5BGetPageUrl%5D%7CUser-Agent%3DMozilla%2F5.0&amp;mode=17&amp;regexs=%7Bu%27GetPageUrl%27%3A%20%7B%27x-req%27%3A%20u%27XMLHttpRequest%27%2C%20%27cookiejar%27%3A%20%27%27%2C%20%27name%27%3A%20u%27GetPageUrl%27%2C%20%27accept%27%3A%20u%27%2A/%2A%27%2C%20%27connection%27%3A%20u%27keep-alive%27%2C%20%27expres%27%3A%20u%22%27%28//.%2Am3u8.%2A%3F%29%27%22%2C%20%27referer%27%3A%20u%27https%3A//verliga1.net/ver-calle-13-online-gratis-en-directo-por-internet/%27%2C%20%27page%27%3A%20u%27https%3A//vergol.com/bgjhykdmbtj668/live/calle13.php%27%2C%20%27rawpost%27%3A%20u%27manzana66%3D12345%27%7D%7D&amp;iconimage=https%3A%2F%2Fs9.postimg.cc%2Fvqyv191lb%2Fcalle13.jpg&amp;sf_options=fanart%3Dhttps%3A%2F%2Fs18.postimg.cc%2Fkvp4paatl%2Ffondocanalestv.jpg%26meta%3Dvotes%253D0%2526label%253D%25255BB%25255DCALLE%252B13%25255B%25252FB%25255D%2526title%253D%25255BB%25255DCALLE%252B13%25255B%25252FB%25255D%26winID%3D10025%26_options_sf&quot;)</favourite>
	<favourite name="SYFy" thumb="https://i.postimg.cc/YqK1zw4M/ico_f_syfy.png">PlayMedia(&quot;plugin://plugin.video.kodispaintv/?url=https%3A%24doregex%5BGetPageUrl%5D%7CUser-Agent%3DMozilla%2F5.0&amp;mode=17&amp;regexs=%7Bu%27GetPageUrl%27%3A%20%7B%27x-req%27%3A%20u%27XMLHttpRequest%27%2C%20%27cookiejar%27%3A%20%27%27%2C%20%27name%27%3A%20u%27GetPageUrl%27%2C%20%27accept%27%3A%20u%27%2A/%2A%27%2C%20%27connection%27%3A%20u%27keep-alive%27%2C%20%27expres%27%3A%20u%22%27%28//.%2Am3u8.%2A%3F%29%27%22%2C%20%27referer%27%3A%20u%27https%3A//verliga1.net/ver-syfy-online-gratis-en-directo-por-internet/%27%2C%20%27page%27%3A%20u%27https%3A//vergol.com/bgjhykdmbtj668/live/syfy.php%27%2C%20%27rawpost%27%3A%20u%27manzana66%3D12345%27%7D%7D&amp;iconimage=https%3A%2F%2Fs9.postimg.cc%2Fmj6mkrclb%2Fsyfy.png&amp;sf_options=fanart%3Dhttps%3A%2F%2Fs18.postimg.cc%2Fkvp4paatl%2Ffondocanalestv.jpg%26meta%3Dvotes%253D0%2526label%253D%25255BB%25255DSYFY%25255B%25252FB%25255D%2526title%253D%25255BB%25255DSYFY%25255B%25252FB%25255D%26winID%3D10025%26_options_sf&quot;)</favourite>
	<favourite name="FOX Life" thumb="https://i.postimg.cc/yNtK3jLp/ico_f_foxlife.png">PlayMedia(&quot;plugin://plugin.video.kodispaintv/?url=https%3A%24doregex%5BGetPageUrl%5D%7CUser-Agent%3DMozilla%2F5.0&amp;mode=17&amp;regexs=%7Bu%27GetPageUrl%27%3A%20%7B%27x-req%27%3A%20u%27XMLHttpRequest%27%2C%20%27cookiejar%27%3A%20%27%27%2C%20%27name%27%3A%20u%27GetPageUrl%27%2C%20%27accept%27%3A%20u%27%2A/%2A%27%2C%20%27connection%27%3A%20u%27keep-alive%27%2C%20%27expres%27%3A%20u%22%27%28//.%2Am3u8.%2A%3F%29%27%22%2C%20%27referer%27%3A%20u%27https%3A//verliga1.net/ver-fox-life-online-gratis-en-directo-por-internet/%27%2C%20%27page%27%3A%20u%27https%3A//vergol.com/bgjhykdmbtj668/live/foxlife.php%27%2C%20%27rawpost%27%3A%20u%27manzana66%3D12345%27%7D%7D&amp;iconimage=https%3A%2F%2Fs9.postimg.cc%2F46f81igu7%2Ffoxlife.png&amp;sf_options=fanart%3Dhttps%3A%2F%2Fs18.postimg.cc%2Fkvp4paatl%2Ffondocanalestv.jpg%26meta%3Dvotes%253D0%2526label%253D%25255BB%25255DFOX%252BLIFE%25255B%25252FB%25255D%2526title%253D%25255BB%25255DFOX%252BLIFE%25255B%25252FB%25255D%26winID%3D10025%26_options_sf&quot;)</favourite>
	<favourite name="TMC" thumb="https://i.postimg.cc/CMfG8Kxc/ico_f_tcm.png">PlayMedia(&quot;plugin://plugin.video.kodispaintv/?url=https%3A%24doregex%5BGetPageUrl%5D%7CUser-Agent%3DMozilla%2F5.0&amp;mode=17&amp;regexs=%7Bu%27GetPageUrl%27%3A%20%7B%27x-req%27%3A%20u%27XMLHttpRequest%27%2C%20%27cookiejar%27%3A%20%27%27%2C%20%27name%27%3A%20u%27GetPageUrl%27%2C%20%27accept%27%3A%20u%27%2A/%2A%27%2C%20%27connection%27%3A%20u%27keep-alive%27%2C%20%27expres%27%3A%20u%22%27%28//.%2Am3u8.%2A%3F%29%27%22%2C%20%27referer%27%3A%20u%27https%3A//verliga1.net/ver-tcm-online-gratis-en-directo-por-internet/%27%2C%20%27page%27%3A%20u%27https%3A//vergol.com/bgjhykdmbtj668/live/tcm.php%27%2C%20%27rawpost%27%3A%20u%27manzana66%3D12345%27%7D%7D&amp;iconimage=https%3A%2F%2Fs9.postimg.cc%2Fgxte81t73%2Ftcm.png&amp;sf_options=fanart%3Dhttps%3A%2F%2Fs18.postimg.cc%2Fkvp4paatl%2Ffondocanalestv.jpg%26meta%3Dvotes%253D0%2526label%253D%25255BB%25255DTCM%25255B%25252FB%25255D%2526title%253D%25255BB%25255DTCM%25255B%25252FB%25255D%26winID%3D10025%26_options_sf&quot;)</favourite>
	<favourite name="Dark" thumb="https://i.postimg.cc/KzW2LNQs/ico-f-dark.png">PlayMedia(&quot;plugin://plugin.video.kodispaintv/?url=https%3A%24doregex%5BGetPageUrl%5D%7CUser-Agent%3DMozilla%2F5.0&amp;mode=17&amp;regexs=%7Bu%27GetPageUrl%27%3A%20%7B%27x-req%27%3A%20u%27XMLHttpRequest%27%2C%20%27cookiejar%27%3A%20%27%27%2C%20%27name%27%3A%20u%27GetPageUrl%27%2C%20%27accept%27%3A%20u%27%2A/%2A%27%2C%20%27connection%27%3A%20u%27keep-alive%27%2C%20%27expres%27%3A%20u%22%27%28//.%2Am3u8.%2A%3F%29%27%22%2C%20%27referer%27%3A%20u%27https%3A//verliga1.net/ver-canal-dark-online-gratis-en-directo-por-internet/%27%2C%20%27page%27%3A%20u%27https%3A//vergol.com/bgjhykdmbtj668/live1/dark.php%27%2C%20%27rawpost%27%3A%20u%27manzana66%3D12345%27%7D%7D&amp;iconimage=https%3A%2F%2Fs9.postimg.cc%2F82jd5w50v%2Fdark.png&amp;sf_options=fanart%3Dhttps%3A%2F%2Fs18.postimg.cc%2Fkvp4paatl%2Ffondocanalestv.jpg%26meta%3Dvotes%253D0%2526label%253D%25255BB%25255DDARK%25255B%25252FB%25255D%2526title%253D%25255BB%25255DDARK%25255B%25252FB%25255D%26winID%3D10025%26_options_sf&quot;)</favourite>
	
	<favourite name="Canal Cocina HD" thumb="https://i.postimg.cc/59ZHWq13/ico_f_cocina.png">PlayMedia(&quot;plugin://plugin.video.kodispaintv/?url=https%3A%24doregex%5BGetPageUrl%5D%7CUser-Agent%3DMozilla%2F5.0&amp;mode=17&amp;regexs=%7Bu%27GetPageUrl%27%3A%20%7B%27x-req%27%3A%20u%27XMLHttpRequest%27%2C%20%27cookiejar%27%3A%20%27%27%2C%20%27name%27%3A%20u%27GetPageUrl%27%2C%20%27accept%27%3A%20u%27%2A/%2A%27%2C%20%27connection%27%3A%20u%27keep-alive%27%2C%20%27expres%27%3A%20u%22%27%28//.%2Am3u8.%2A%3F%29%27%22%2C%20%27referer%27%3A%20u%27https%3A//verliga1.net/ver-canal-cocina-online-gratis-en-directo-24h-por-internet/%27%2C%20%27page%27%3A%20u%27https%3A//vergol.com/bgjhykdmbtj668/live/cocina.php%27%2C%20%27rawpost%27%3A%20u%27manzana66%3D12345%27%7D%7D&amp;iconimage=https%3A%2F%2Fs9.postimg.cc%2F8w9r3ox6n%2Fcocina.png&amp;sf_options=fanart%3Dhttps%3A%2F%2Fs18.postimg.cc%2Fkvp4paatl%2Ffondocanalestv.jpg%26meta%3Dvotes%253D0%2526label%253D%25255BB%25255DCANAL%252BCOCINA%25255B%25252FB%25255D%2526title%253D%25255BB%25255DCANAL%252BCOCINA%25255B%25252FB%25255D%26winID%3D10025%26_options_sf&quot;)</favourite>
	<favourite name="National Geographic HD" thumb="https://i.postimg.cc/Y904MdhX/ico_f_natgeo.png">PlayMedia(&quot;plugin://plugin.video.kodispaintv/?url=https%3A%24doregex%5BGetPageUrl%5D%7CUser-Agent%3DMozilla%2F5.0&amp;mode=17&amp;regexs=%7Bu%27GetPageUrl%27%3A%20%7B%27x-req%27%3A%20u%27XMLHttpRequest%27%2C%20%27cookiejar%27%3A%20%27%27%2C%20%27name%27%3A%20u%27GetPageUrl%27%2C%20%27accept%27%3A%20u%27%2A/%2A%27%2C%20%27connection%27%3A%20u%27keep-alive%27%2C%20%27expres%27%3A%20u%22%27%28//.%2Am3u8.%2A%3F%29%27%22%2C%20%27referer%27%3A%20u%27https%3A//verliga1.net/ver-national-geographic-online-gratis-en-directo-por-internet/%27%2C%20%27page%27%3A%20u%27https%3A//vergol.com/bgjhykdmbtj668/live/nationalgeo.php%27%2C%20%27rawpost%27%3A%20u%27manzana66%3D12345%27%7D%7D&amp;iconimage=https%3A%2F%2Fs7.postimg.cc%2Fxvq2mx24r%2Fnatgeo.png&amp;sf_options=fanart%3Dhttps%3A%2F%2Fs18.postimg.cc%2Fkvp4paatl%2Ffondocanalestv.jpg%26meta%3Dvotes%253D0%2526label%253D%25255BB%25255DNATIONAL%252BGEOGRAPHIC%25255B%25252FB%25255D%2526title%253D%25255BB%25255DNATIONAL%252BGEOGRAPHIC%25255B%25252FB%25255D%26winID%3D10025%26_options_sf&quot;)</favourite>
	<favourite name="NatGeo Wild HD" thumb="https://i.postimg.cc/TPRLHdGv/ico_f_natgeo_wild.png">PlayMedia(&quot;plugin://plugin.video.kodispaintv/?url=https%3A%24doregex%5BGetPageUrl%5D%7CUser-Agent%3DMozilla%2F5.0&amp;mode=17&amp;regexs=%7Bu%27GetPageUrl%27%3A%20%7B%27x-req%27%3A%20u%27XMLHttpRequest%27%2C%20%27cookiejar%27%3A%20%27%27%2C%20%27name%27%3A%20u%27GetPageUrl%27%2C%20%27accept%27%3A%20u%27%2A/%2A%27%2C%20%27connection%27%3A%20u%27keep-alive%27%2C%20%27expres%27%3A%20u%22%27%28//.%2Am3u8.%2A%3F%29%27%22%2C%20%27referer%27%3A%20u%27https%3A//verliga1.net/ver-national-geo-wild-online-gratis-en-directo-24h-por-internet/%27%2C%20%27page%27%3A%20u%27https%3A//vergol.com/bgjhykdmbtj668/live/nationalwild.php%27%2C%20%27rawpost%27%3A%20u%27manzana66%3D12345%27%7D%7D&amp;iconimage=https%3A%2F%2Fs7.postimg.cc%2Fuovj3e4uz%2Fnatgeowild.png&amp;sf_options=fanart%3Dhttps%3A%2F%2Fs18.postimg.cc%2Fkvp4paatl%2Ffondocanalestv.jpg%26meta%3Dvotes%253D0%2526label%253D%25255BB%25255DNAT%252BGEO%252BWILD%25255B%25252FB%25255D%2526title%253D%25255BB%25255DNAT%252BGEO%252BWILD%25255B%25252FB%25255D%26winID%3D10025%26_options_sf&quot;)</favourite>
	<favourite name="Historia" thumb="https://i.postimg.cc/jSqtpLWc/ico_f_historia.png">PlayMedia(&quot;plugin://plugin.video.kodispaintv/?url=https%3A%24doregex%5BGetPageUrl%5D%7CUser-Agent%3DMozilla%2F5.0&amp;mode=17&amp;regexs=%7Bu%27GetPageUrl%27%3A%20%7B%27x-req%27%3A%20u%27XMLHttpRequest%27%2C%20%27cookiejar%27%3A%20%27%27%2C%20%27name%27%3A%20u%27GetPageUrl%27%2C%20%27accept%27%3A%20u%27%2A/%2A%27%2C%20%27connection%27%3A%20u%27keep-alive%27%2C%20%27expres%27%3A%20u%22%27%28//.%2Am3u8.%2A%3F%29%27%22%2C%20%27referer%27%3A%20u%27https%3A//verliga1.net/ver-canal-historia-online-gratis-en-directo-por-internet/%27%2C%20%27page%27%3A%20u%27https%3A//vergol.com/bgjhykdmbtj668/live/historia.php%27%2C%20%27rawpost%27%3A%20u%27manzana66%3D12345%27%7D%7D&amp;iconimage=https%3A%2F%2Fs7.postimg.cc%2Fs7jrvxxrf%2Fhistoria.png&amp;sf_options=fanart%3Dhttps%3A%2F%2Fs18.postimg.cc%2Fkvp4paatl%2Ffondocanalestv.jpg%26meta%3Dvotes%253D0%2526label%253D%25255BB%25255DHISTORIA%25255B%25252FB%25255D%2526title%253D%25255BB%25255DHISTORIA%25255B%25252FB%25255D%26winID%3D10025%26_options_sf&quot;)</favourite>
	<favourite name="Discovery Channel" thumb="https://i.postimg.cc/jSNTgRpd/ico_f_discovery_2019.png">PlayMedia(&quot;plugin://plugin.video.kodispaintv/?url=https%3A%24doregex%5BGetPageUrl%5D%7CUser-Agent%3DMozilla%2F5.0&amp;mode=17&amp;regexs=%7Bu%27GetPageUrl%27%3A%20%7B%27x-req%27%3A%20u%27XMLHttpRequest%27%2C%20%27cookiejar%27%3A%20%27%27%2C%20%27name%27%3A%20u%27GetPageUrl%27%2C%20%27accept%27%3A%20u%27%2A/%2A%27%2C%20%27connection%27%3A%20u%27keep-alive%27%2C%20%27expres%27%3A%20u%22%27%28//.%2Am3u8.%2A%3F%29%27%22%2C%20%27referer%27%3A%20u%27https%3A//verliga1.net/ver-discovery-channel-online-gratis-en-directo-por-internet/%27%2C%20%27page%27%3A%20u%27https%3A//vergol.com/bgjhykdmbtj668/live/discovery-channel.php%27%2C%20%27rawpost%27%3A%20u%27manzana66%3D12345%27%7D%7D&amp;iconimage=https%3A%2F%2Fs7.postimg.cc%2F92gilx3l7%2Fdiscoverychannel.png&amp;sf_options=fanart%3Dhttps%3A%2F%2Fs18.postimg.cc%2Fkvp4paatl%2Ffondocanalestv.jpg%26meta%3Dvotes%253D0%2526label%253D%25255BB%25255DDISCOVERY%252BCHANNEL%25255B%25252FB%25255D%2526title%253D%25255BB%25255DDISCOVERY%252BCHANNEL%25255B%25252FB%25255D%26winID%3D10025%26_options_sf&quot;)</favourite>
	<favourite name="Odisea" thumb="https://i.postimg.cc/Kjd39tc0/ico_f_odisea.png">PlayMedia(&quot;plugin://plugin.video.kodispaintv/?url=https%3A%24doregex%5BGetPageUrl%5D%7CUser-Agent%3DMozilla%2F5.0&amp;mode=17&amp;regexs=%7Bu%27GetPageUrl%27%3A%20%7B%27x-req%27%3A%20u%27XMLHttpRequest%27%2C%20%27cookiejar%27%3A%20%27%27%2C%20%27name%27%3A%20u%27GetPageUrl%27%2C%20%27accept%27%3A%20u%27%2A/%2A%27%2C%20%27connection%27%3A%20u%27keep-alive%27%2C%20%27expres%27%3A%20u%22%27%28//.%2Am3u8.%2A%3F%29%27%22%2C%20%27referer%27%3A%20u%27https%3A//verliga1.net/ver-odisea-online-gratis-en-directo-24h-por-internet/%27%2C%20%27page%27%3A%20u%27https%3A//vergol.com/bgjhykdmbtj668/live/odisea.php%27%2C%20%27rawpost%27%3A%20u%27manzana66%3D12345%27%7D%7D&amp;iconimage=https%3A%2F%2Fs7.postimg.cc%2F3ytubqcsr%2Fodisea.png&amp;sf_options=fanart%3Dhttps%3A%2F%2Fs18.postimg.cc%2Fkvp4paatl%2Ffondocanalestv.jpg%26meta%3Dvotes%253D0%2526label%253D%25255BB%25255DODISEA%25255B%25252FB%25255D%2526title%253D%25255BB%25255DODISEA%25255B%25252FB%25255D%26winID%3D10025%26_options_sf&quot;)</favourite>
	<favourite name="Blaze" thumb="https://i.postimg.cc/1zwS66b9/ico_f_blaze.png">PlayMedia(&quot;plugin://plugin.video.kodispaintv/?url=https%3A%24doregex%5BGetPageUrl%5D%7CUser-Agent%3DMozilla%2F5.0&amp;mode=17&amp;regexs=%7Bu%27GetPageUrl%27%3A%20%7B%27x-req%27%3A%20u%27XMLHttpRequest%27%2C%20%27cookiejar%27%3A%20%27%27%2C%20%27name%27%3A%20u%27GetPageUrl%27%2C%20%27accept%27%3A%20u%27%2A/%2A%27%2C%20%27connection%27%3A%20u%27keep-alive%27%2C%20%27expres%27%3A%20u%22%27%28//.%2Am3u8.%2A%3F%29%27%22%2C%20%27referer%27%3A%20u%27https%3A//verliga1.net/ver-canal-blaze-online-gratis-en-directo-por-internet/%27%2C%20%27page%27%3A%20u%27https%3A//vergol.com/bgjhykdmbtj668/live/blaze.php%27%2C%20%27rawpost%27%3A%20u%27manzana66%3D12345%27%7D%7D&amp;iconimage=https%3A%2F%2Fs15.postimg.cc%2Frsx9hh3qz%2Fblaze.png&amp;sf_options=fanart%3Dhttps%3A%2F%2Fs18.postimg.cc%2Fkvp4paatl%2Ffondocanalestv.jpg%26meta%3Dvotes%253D0%2526label%253D%25255BB%25255DBLAZE%25255B%25252FB%25255D%2526title%253D%25255BB%25255DBLAZE%25255B%25252FB%25255D%26winID%3D10025%26_options_sf&quot;)</favourite>
	<favourite name="Crimen+Investigación" thumb="https://i.postimg.cc/1RNtBn6N/ico_f_c_i.png">PlayMedia(&quot;plugin://plugin.video.kodispaintv/?url=https%3A%24doregex%5BGetPageUrl%5D%7CUser-Agent%3DMozilla%2F5.0&amp;mode=17&amp;regexs=%7Bu%27GetPageUrl%27%3A%20%7B%27x-req%27%3A%20u%27XMLHttpRequest%27%2C%20%27cookiejar%27%3A%20%27%27%2C%20%27name%27%3A%20u%27GetPageUrl%27%2C%20%27accept%27%3A%20u%27%2A/%2A%27%2C%20%27connection%27%3A%20u%27keep-alive%27%2C%20%27expres%27%3A%20u%22%27%28//.%2Am3u8.%2A%3F%29%27%22%2C%20%27referer%27%3A%20u%27https%3A//verliga1.net/ver-crimen-investigacion-online-gratis-en-directo-por-internet/%27%2C%20%27page%27%3A%20u%27https%3A//vergol.com/bgjhykdmbtj668/live/ci.php%27%2C%20%27rawpost%27%3A%20u%27manzana66%3D12345%27%7D%7D&amp;iconimage=https%3A%2F%2Fs9.postimg.cc%2Fdo6pczte7%2Fcitv.png&amp;sf_options=fanart%3Dhttps%3A%2F%2Fs18.postimg.cc%2Fkvp4paatl%2Ffondocanalestv.jpg%26meta%3Dvotes%253D0%2526label%253D%25255BB%25255DCRIMEN%252BE%252BINVESTIGACION%25255B%25252FB%25255D%2526title%253D%25255BB%25255DCRIMEN%252BE%252BINVESTIGACION%25255B%25252FB%25255D%26winID%3D10025%26_options_sf&quot;)</favourite>
	<favourite name="DMax" thumb="https://i.postimg.cc/fTChfDH9/ico-f-dmax.png">PlayMedia(&quot;plugin://plugin.video.kodispaintv/?url=https%3A%24doregex%5BGetPageUrl%5D%7CUser-Agent%3DMozilla%2F5.0&amp;mode=17&amp;regexs=%7Bu%27GetPageUrl%27%3A%20%7B%27x-req%27%3A%20u%27XMLHttpRequest%27%2C%20%27cookiejar%27%3A%20%27%27%2C%20%27name%27%3A%20u%27GetPageUrl%27%2C%20%27accept%27%3A%20u%27%2A/%2A%27%2C%20%27connection%27%3A%20u%27keep-alive%27%2C%20%27expres%27%3A%20u%22%27%28//.%2Am3u8.%2A%3F%29%27%22%2C%20%27referer%27%3A%20u%27https%3A//verliga1.net/ver-dmax-online-gratis-en-directo-por-internet/%27%2C%20%27page%27%3A%20u%27https%3A//vergol.com/bgjhykdmbtj668/live/dmax.php%27%2C%20%27rawpost%27%3A%20u%27manzana66%3D12345%27%7D%7D&amp;iconimage=https%3A%2F%2Fs7.postimg.cc%2Fc9b25nqmz%2Fdmax.png&amp;sf_options=fanart%3Dhttps%3A%2F%2Fs18.postimg.cc%2Fkvp4paatl%2Ffondocanalestv.jpg%26meta%3Dvotes%253D0%2526label%253D%25255BB%25255DDMAX%25255B%25252FB%25255D%2526title%253D%25255BB%25255DDMAX%25255B%25252FB%25255D%26winID%3D10025%26_options_sf&quot;)</favourite>
	
	<favourite name="MTV España" thumb="https://i.postimg.cc/HnP9TJYM/ico_f_mtv.png">PlayMedia(&quot;plugin://plugin.video.kodispaintv/?url=https%3A%24doregex%5BGetPageUrl%5D%7CUser-Agent%3DMozilla%2F5.0&amp;mode=17&amp;regexs=%7Bu%27GetPageUrl%27%3A%20%7B%27x-req%27%3A%20u%27XMLHttpRequest%27%2C%20%27cookiejar%27%3A%20%27%27%2C%20%27name%27%3A%20u%27GetPageUrl%27%2C%20%27accept%27%3A%20u%27%2A/%2A%27%2C%20%27connection%27%3A%20u%27keep-alive%27%2C%20%27expres%27%3A%20u%22%27%28//.%2Am3u8.%2A%3F%29%27%22%2C%20%27referer%27%3A%20u%27https%3A//verliga1.net/ver-mtv-online-gratis-en-directo-por-internet/%27%2C%20%27page%27%3A%20u%27https%3A//vergol.com/bgjhykdmbtj668/live/mtv.php%27%2C%20%27rawpost%27%3A%20u%27manzana66%3D12345%27%7D%7D&amp;iconimage=https%3A%2F%2Fs9.postimg.cc%2Fs3samgq3j%2Fmtv.png&amp;sf_options=fanart%3Dhttps%3A%2F%2Fs18.postimg.cc%2Fkvp4paatl%2Ffondocanalestv.jpg%26meta%3Dvotes%253D0%2526label%253D%25255BB%25255DMTV%25255B%25252FB%25255D%2526title%253D%25255BB%25255DMTV%25255B%25252FB%25255D%26winID%3D10025%26_options_sf&quot;)</favourite>
	
	
</favourites>